filename,file_id,genius_link,qr_file_id,status
Folding Phone httpsgeni.usmAlgcM.mp4,1T_f_gNZQ8SR9TlIA0BU_bP80PiDG6Wrd,https://geni.us/mAlgcM,14yJbBcpcnNS8azb-hLYHdKVDVJvND-07,SUCCESS
Mini Drone httpsgeni.usCKiy.mp4,1HPg3Hvzlg1TlE-OvFWmuF_A3L_1DTgyz,https://geni.us/CKiy,1uuz6gj_qaxZs7oWucVA4jMqWu79drTaM,SUCCESS
Sci-Fi Fan httpsgeni.usAfO8.mp4,1aFMKp3llRHqXux4zIyIwitVR3adCmJ1H,https://geni.us/AfO8,1vhPgl7in2AUzE32clPJikvNp_1CrJGr3,SUCCESS
Banana Corer httpsgeni.usSiXHfyh.mp4,1Jp97LnYJRGKllNXYZzUEixAV4eGB-GiE,https://geni.us/SiXHfyh,14JMtLWwgncfmYedmehtb9ZEb0iw5ZGA_,SUCCESS
Bouncy Shoes httpsgeni.usAYpP2bl.mp4,1DoCfnZ_PCWFF-R_LcYxafA83QTUkzhWj,https://geni.us/AYpP2bl,1NunMtl95Ywc09CQ3dRjXtp3A88OjzAIx,SUCCESS
Dumpling Mold httpsgeni.usg8CwAB.mp4,1UtcNP7ylTdUaK3506IFvmjHS0nf1_QPM,https://geni.us/g8CwAB,1xClhusCDP5XQsU_oyoOb0Z9JJEnqsBtJ,SUCCESS
Hammer Blaster httpsgeni.usrrF0QnV.mp4,1GIIOkhLbveHBVi766OI810OwERWkAds7,https://geni.us/rrF0QnV,1VyJZsUSI8KRO-x3nsECdYUnzVMFD64MS,SUCCESS
Mini Chainsaw httpsgeni.usPvURQK.mp4,1A65B1bVfTIGXLhpgada6UPmPZPAoU0YZ,https://geni.us/PvURQK,1cJmozrLspBys83XkUmpmRI92EaFg9WMx,SUCCESS
Saucer Chair httpsgeni.usXAmQ8.mp4,1_HiWUfnnYKyCqPUWIZN2lqb4PcNoOylV,https://geni.us/XAmQ8,1kDpa-IOxPpYtcS7W_kKB7lg3qp8-98BZ,SUCCESS
Pet Station httpsgeni.usTYKwI9.mp4,1qZ8HzoOfiWwK6_E18oqIkJZHTs1-PgJb,https://geni.us/TYKwI9,1VjlBnm2qcVGhSikeb82cx8kGjny6A71J,SUCCESS
Glow Chopsticks httpsgeni.usYsB2P.mp4,1LLmqaR_j9RkmSeXFHJ2L1qFNfeuL3vtk,https://geni.us/YsB2P,1f42Qs6kx_fK4UjyYiGWHv01kVEClteQf,SUCCESS
Desktop Punchbag httpsgeni.ush6DS.mp4,1DsJZT1yH4RZti3dQGdTAEgX8AYN6CbnB,https://geni.us/h6DS,1JmkOlWYlzpi2_FqFHX2Tui-okqnA4-7S,SUCCESS
Cable Lock httpsgeni.us1mIen.mp4,1YTCSpP07Jxt09E_qB6tq8XXbS4OGO43N,https://geni.us/1mIen,1zoDgLskP10f8OHKA_HQYmnXsw-JycgUM,SUCCESS
Ride-On httpsgeni.ushcvAkHj.mp4,1ONVpzGJhStN5vX_qCmz0aX_Dri7SgVyj,https://geni.us/hcvAkHj,1aY5O12bQJnlWJm_nTMUlG1MvlgOEqa7F,SUCCESS
Coffee Stirrer httpsgeni.uskcCnS.mp4,1H71pmricSX1rG3fgzO33ukAgMuXhPGGs,https://geni.us/kcCnS,1gVteXkASf8kgtWx5hs7NrxCNu_lrTS5I,SUCCESS
Skull Case httpsgeni.us9yseY3.mp4,1nNMglYbUH1syROwJtOfTCrCQQDQJ0O6H,https://geni.us/9yseY3,1yel8YUkGqow5ZokTB8-hNlkD-X-e0135,SUCCESS
Battery Spinner httpsgeni.uspAMtn2D.mp4,1qW_DpBzu3EwybuvFChN3eonvC6zlkWkJ,https://geni.us/pAMtn2D,1H41Q-lPBG5VEd_xADXOIOmq8RpHTGBA-,SUCCESS
Transform Beanbag httpsgeni.usos5L.mp4,11rGMYW98VS4B6AQ_Hc5Mpju3HdpG94Di,https://geni.us/os5L,1THJICXq20u9XYUcDqCIWkpNou_f1Vtdu,SUCCESS
LED Speaker httpsgeni.usZKeP.mp4,1FqPE3fHJ-3k0lNCRtQMRlrlQTyhoPXxm,https://geni.us/ZKeP,1y6jP74Lk2I4pJna9GKgqpLLzyEPuOzAV,SUCCESS
Mecha Charger httpsgeni.usrfDABT.mp4,1Do9ZM5U9w3KijrJ-ejC5eHIGodMq1lWR,https://geni.us/rfDABT,1RkmwWIZcrLQu-IlwYUu3n23PfsnucWWA,SUCCESS
Gaming Earbuds httpsgeni.usUX531r.mp4,14wxqe1AcQIUa1IM6wPMIg4CmCvQwG41f,https://geni.us/UX531r,15KQ6gCiHi05pBWxP7nY8QBISk2laSJ5w,SUCCESS
Coin Bank httpsgeni.usZ8uGLm.mp4,1GgyOof3YFKvv5e9PiIax1bbzRrHWq3lX,https://geni.us/Z8uGLm,1NVMc5gqlwCxKOIgFtFOHVgBODNzl3MXk,SUCCESS
Cooling Umbrella httpsgeni.ushAdONB.mp4,1yYzE1gDG89kpDZFvIBuWedMG-PsHi8cy,https://geni.us/hAdONB,1-3A-0VRB88rDEh_hZmw0lzVrflvUH8Mw,SUCCESS
Detangle Brush httpsgeni.uskVvGFJS.mp4,1DJlA_O5ytJzKJ8hfAHN1Ns9jxJgShBUq,https://geni.us/kVvGFJS,19DIgaDnat93302vpElY6RvqaDGqBUNh8,SUCCESS
Cane Seat httpsgeni.uscNPVe.mp4,1udXbiv9Z4XH_DqsInDfo01CPAk3WVuEJ,https://geni.us/cNPVe,1kMc5wHuxLApZYsOge-bCMFV9U1jh4qDa,SUCCESS
Hammock Chair httpsgeni.usR2XR.mp4,1TcxU0m150flPWnxGG0f4pKnlvo8ETfBK,https://geni.us/R2XR,1nbKWwvArHcyRShzMwV6PWTdQobSmJCxg,SUCCESS
Massage Mat httpsgeni.usZ72kAE.mp4,1auoqdgXedwelaMTRCGLBTgLyL18mkcK8,https://geni.us/Z72kAE,1fK2Jf9iOzPL-14V2vxbH0NB0IsenrZb9,SUCCESS
Hover Skates httpsgeni.usVJ4nF.mp4,1zElo1Pvb50iV_JmzfA9EC_PGwQfaRMPG,https://geni.us/VJ4nF,1CghsW-0H0_2tNzJFb1q8_NAQwx4ek197,SUCCESS
Stair Wheelchair httpsgeni.usIS5p.mp4,1O-C6jcsiM5QKCsDIXsUqwrrpdQbJNkDg,https://geni.us/IS5p,1MVd6h3Dv-yR4G50Q0AFv4Jlo7NB9BUSz,SUCCESS
Air Mattress httpsgeni.usaOAhv.mp4,1E21JgBVWNeF-OwZCfdHBCmkKDo89EYS_,https://geni.us/aOAhv,1MwAfhrIXh_HZx_lkBplUSWliEOWD4ROg,SUCCESS
Power Recliner httpsgeni.us5pcmu.mp4,1s5JCHJwkrSxHkaWLIGnn3EWK6QCGdis3,https://geni.us/5pcmu,14PIikzkZmB3welBMHvT2W44zt0U6zhj_,SUCCESS
Balance Chair httpsgeni.us5wZ8U.mp4,1QVwGBIiY6aSpcaKD1q3e6P5WQabvRRcJ,https://geni.us/5wZ8U,18ovus3ZvV3WE69QMjLipnF2rRRVnjSPz,SUCCESS
Giant Key httpsgeni.usGAdC68.mp4,1e83iVLpA6MXvL0yZomineN43Acs47PAa,https://geni.us/GAdC68,1ionhi_yDgUAWwyuAde9O8Cm540OuNvYY,SUCCESS
Foot Hammock httpsgeni.usP3ymp.mp4,1Gy15x6N-HDlwbYlyn38LepXpMzjq7s_H,https://geni.us/P3ymp,19BRFjuoTDvT1AbpiWnff3GfWM4rjas8t,SUCCESS
Body Pillow httpsgeni.usUBkwg.mp4,1JRrlya9F35S3l5h27vvMGB_NNPkeO3lI,https://geni.us/UBkwg,1RIXnnjdG25u4GzgxGuFxUDUNpWCNh2Gi,SUCCESS
Scalp Massager httpsgeni.usWabTnR.mp4,1slnGhHpbGKnxCcexqRW4SG6fQBGwHFby,https://geni.us/WabTnR,1GgrX-v8eANH6jvqMca2NHlL9BVghycXL,SUCCESS
Headband Headphones httpsgeni.usIazht.mp4,1jDQ70sG9ifL9TzfHpuS7IfbH1c_kGFRj,https://geni.us/Iazht,1SJNYlPYwfE2gsAlfcIpwrstU2Tzxxc5H,SUCCESS
Shark Blanket httpsgeni.usAouku.mp4,1AC9mTt6j3um2hpnOmYbsl19cgOlDmnGD,https://geni.us/Aouku,1sLxJvbZYwcHQVucyQmbWm6wTBlxfGaRi,SUCCESS
Foot Scrubber httpsgeni.usO6snA.mp4,17G9tcU3CKiuDt1KySsgnLuhtCZlU8nyH,https://geni.us/O6snA,1Td8PSqfJem7c6dpNvDN-CA2I-YHAkNC4,SUCCESS
Travel Pillow httpsgeni.us2GHvr.mp4,1WzN2irskzBo-gcHRInsCUKEe18Mrlod6,https://geni.us/2GHvr,1sPv80HIkRMXtrB6BcStKOSTWS3Xelv51,SUCCESS
Prism Glasses httpsgeni.usMePBmd.mp4,18FCxWaz9JNJTU_BNBbAhQHPJp8dOYznR,https://geni.us/MePBmd,1AjtaA5lJpUCbjxpROvAfXnmm74i7pLnc,SUCCESS
Smart Recliner httpsgeni.us7eqsVIm.mp4,13EpDejwkvIUoInxyIWyLqu27FgzYqdqk,https://geni.us/7eqsVIm,1m8S9aCTpCrFEtyD5haYzCWj3uOeFUcO6,SUCCESS
Hand Massager httpsgeni.uskBkFD.mp4,1jP2TnOfOdA0jaUfZFgeX7ZSATJDclI9q,https://geni.us/kBkFD,151kT8DK7wisKRtdsDqY7kgHuUOjxV5jY,SUCCESS
Ekstrem Chair httpsgeni.usbMyeFV.mp4,1vkPz4yz-prSDOypfMa9fl1UjwX44JUkM,https://geni.us/bMyeFV,13X9LWKyVdflX1TzlKcN9YGielsNIRcKO,SUCCESS
Open-Ear Headphones httpsgeni.uscIBjWXM.mp4,1ObHNf3ImYVDVlr4Rxi28eIvy-3bFknI5,https://geni.us/cIBjWXM,1HTo0OBRm5XBqrSqeNMkDA57uEWUB71kd,SUCCESS
Laser Cap httpsgeni.usK045BIz.mp4,1eRkgsE5tNKqJNJ0hCAC8nZOvj-6y26dw,https://geni.us/K045BIz,1cfbXQ_CvcOHqulu5_SHsaxndfMYfPL55,SUCCESS
Gravity Chair httpsgeni.uspFHK.mp4,1gN9XxEZx6ZRnzjabMuk4fB1mJnELAjoW,https://geni.us/pFHK,1aPFHdUH01Pw_zRkifmYCIzk1MQatMg_t,SUCCESS
Foot Massager httpsgeni.usAsuQv.mp4,1mFLXgFywUMC4XOvSVcvb33dNgBFyLRTn,https://geni.us/AsuQv,1gfApmzvpW_7dQEtpGgMVb7jxY9i1R89p,SUCCESS
Neck Massager httpsgeni.usJBdk.mp4,1lVdAWUqsnJ3B0FDgrPOZHlW02uKhL2Wc,https://geni.us/JBdk,1Dd21Cz205poDLQGYFSYwNKOLuRgKi5nW,SUCCESS
Burrito Blanket httpsgeni.ushyTTaBJ.mp4,124BGHaSMReRSIuFWdpXdoA4jK3fhvRgy,https://geni.us/hyTTaBJ,1Ryq2HTRrEe4X2dNxRzpXByfERD8XhPGy,SUCCESS
QR Codes,19Tw4Df-Kk0gefrr4sHcg7Q8RzRCC2uzt,NOT_FOUND,,SKIPPED
Egg Timer httpsgeni.usuGd1GhS.mp4,1hCBLj1M1z2nJVCEkxj_t8NeELW7HldFv,https://geni.us/uGd1GhS,1upcU6wqZmhw-G9R00Zmqbq6D9zsH8h4m,SUCCESS
Smart Planter httpsgeni.usKT1g.mp4,1y5jjxniUEZTo-IsWH6mmJ2JV-Y50q03m,https://geni.us/KT1g,14lZDdxF_ZaQSpMuevB_s-C6YvJspcXoF,SUCCESS
Mini Dryer httpsgeni.usvyIP5.mp4,1AKYTQEZiXzisMKlipPFjMLyin0vVXJoy,https://geni.us/vyIP5,1QkZrgDOkcizhZK6JjLCbNTTcWpBY6Ntz,SUCCESS
Motion Glow httpsgeni.usBiHpuTH.mp4,1Eb9YdLICsTTGTtBoZO-zJBFviiMDz1PC,https://geni.us/BiHpuTH,1WMw9pk9RfnKot86GyE421e3ODvOduqOd,SUCCESS
Candle Ring httpsgeni.usS1Ggy.mp4,1a0ORBQvamhAkgoMeu6Z2RA_bjwjk6N3K,https://geni.us/S1Ggy,1X39yxrzo2yYtT-fj5NZE1z11YK3Ikw4p,SUCCESS
Creator Kit httpsgeni.usiySAay.mp4,1q7LgupgBBPTCF7vn-DNKR9efWWJ1j4rM,https://geni.us/iySAay,187EByWx3CvGIEKcoNMYEPkWogee-WVnh,SUCCESS
Popcorn Popper httpsgeni.ush9hC.mp4,1DH3lfH29Y8Mtxf4uklWkfjDngU1Fuv-y,https://geni.us/h9hC,1xnu2OrUSFnNhCOVWPxVDp-K514PIg0VN,SUCCESS
Towel Warmer httpsgeni.uskldV3.mp4,1QpCWYMZB4jqT-8jaZa8oC21G6WNtAYDA,https://geni.us/kldV3,1tHOosToaIbOBSCnUGNA1TQgap-2f7Op6,SUCCESS
Label Printer httpsgeni.usVaAL77v.mp4,1Ri3GAaWwqvEdUhq8rO-m7NJzSJVrDBar,https://geni.us/VaAL77v,1Qcd8awkDeMBzVhfzS88gJEOFdgXvEyOE,SUCCESS
Key Charger httpsgeni.uszNTGeA.mp4,1Rpr3S5hv0Ysf_KFLxnkVLDl4QSedv_tf,https://geni.us/zNTGeA,1kuEYUMSA5gi80FojRtYDI5pDMOrzARZY,SUCCESS
Mouthwash Mate httpsgeni.usjpK7cGH.mp4,1jRU4DagRQSPuDcXje9SWruvsd2YLINT8,https://geni.us/jpK7cGH,1njjvwpwwkO7GTHTwyNeyx0A47Le-p4it,SUCCESS
Chair Shields httpsgeni.usA2nc3D7.mp4,1yDdAAONfLD7XgMb7wUqeg_AT_TlCa53O,https://geni.us/A2nc3D7,1ndSHP-_oUoVtVU7pGqjm49puS3x2rxau,SUCCESS
Fly Zapper httpsgeni.usIDjWG.mp4,14AAbnZn0BvWZ8XEFwnQWASvTbLFbtcwN,https://geni.us/IDjWG,1oHSwaDyijD8dwtEdbzFSF2eHHzVD2Gn1,SUCCESS
Tech Cleaner httpsgeni.usVVRiig.mp4,1taiLwTAEtTYMUhHtx7UjPv1dxO2FU2fx,https://geni.us/VVRiig,1Xt1RAYZRJsYm106yqzmkaZDy1QqNsDnF,SUCCESS
Robot Buddy httpsgeni.usIFvM9Zt.mp4,1Uz4kz5PUdQm6kjV0RVkzuD3MD4VhuFal,https://geni.us/IFvM9Zt,1Gg_nUgWJz32FfLydag-uZRp2nsCLpb84,SUCCESS
Solar Sentinel httpsgeni.usqXgSJm.mp4,18rLg_ob_Q3RBDlEVudDlR7VYDtmodXNi,https://geni.us/qXgSJm,16AaPJNTiRfytrd5EafxXT6j3o1kTjrWq,SUCCESS
Grenade Humidifier httpsgeni.usQVC0Ilg.mp4,1JI9BIdzfkEAyspXv6Zba3qifx1W_ttkV,https://geni.us/QVC0Ilg,1B_WxlqwfI2qbiLTL4oHECH26rgcN_ZjS,SUCCESS
Travel TV httpsgeni.us4AihU.mp4,1JU3as6PXw3gQTDvfhOAfFfFgOAjCPCmK,https://geni.us/4AihU,1AwUz4sw9BXvuRFgJ_1O1Mxp4WJUnY4VG,SUCCESS
Thread Trimmer httpsgeni.us7Ahq.mp4,1bJoIEAZgjRrZ6aAa9IbeuWBn5PWCFZCM,https://geni.us/7Ahq,1gjmLthmr275VFQQ5aSjy3FlyL8tl3-9A,SUCCESS
Nail Navigator httpsgeni.us4kEc.mp4,1KmFGzk6xY_DVgieM1jkUYKWpNKsMdISi,https://geni.us/4kEc,1oPABQgasEdfG2jt9_Up1o8WaQjxLYE74,SUCCESS
Key Beacon httpsgeni.ust3oKO.mp4,1fHujSFgdNjKmOmwEjt4SO4V0u0dI8foG,https://geni.us/t3oKO,1N4PP26PaoDrq5ako3ypuH9IJD9mhe0B-,SUCCESS
Outlet Extender httpsgeni.usJUUu3R.mp4,1wu03a3V7L0lf5cuXmQvCmLptp68OVPec,https://geni.us/JUUu3R,1FY_FZaZBUfwBSLYnMeFEZtYxzs6-gy6x,SUCCESS
Taco Tamer httpsgeni.usMlnM.mp4,1zlNB-hJeWQjg_l1J2ssWerlEc7eKF1x_,https://geni.us/MlnM,1EPzEIcYO4iv-Ou8rpx4l_3BlEFCDjFGG,SUCCESS
Stair Mover httpsgeni.usgOSv1.mp4,1VWo-_IZQ7gzjEzVuGJJUGvdPitUwO1Se,https://geni.us/gOSv1,1i5eZoIcSwKEcibVVXr0dc5wqfben2ihI,SUCCESS
Wine Wizard httpsgeni.usuU19R.mp4,162Nle9viFeyUt_0O_h8DWHYiXxiBEKkz,https://geni.us/uU19R,1XvNGMeg8S8xsA0IKHvU1RH4QW-Xm6MX2,SUCCESS
Facial Massager httpsgeni.usBAMv7c.mp4,10jPrUQTAN3GwGWdXVRKDpQxZYGdKCfYi,https://geni.us/BAMv7c,181CU8B_mkzH8bDY10pZ4Gw-Z55X0Fwwx,SUCCESS
Memory Pillow httpsgeni.usjBpYd.mp4,1x6VatyUt-sbIooIci38r1Bfy2Cm7T80r,https://geni.us/jBpYd,1nECUpMPlTm1J-dTn0KsHAhaj2eD3ci22,SUCCESS
Knee Massager httpsgeni.usQFzvhGA.mp4,1RN4brkRpX5-E-x6ix3wCZ38MEJWIuApZ,https://geni.us/QFzvhGA,1OSmi_llT3zpMi-VSPlRBgyPR1eeEt0oB,SUCCESS
Inflatable Bathtub httpsgeni.uscwtCt.mp4,1vvnP6zqzdElkQS9oo8q5XC0aoThK0tl_,https://geni.us/cwtCt,1UyRr9B--k5xEHdD2QmFH9AhbvHv4lvMm,SUCCESS
Under-Desk Bike httpsgeni.usihoe3.mp4,1sTaku3IPIwbTUnMYRqcfB6hfoXvPUwDK,https://geni.us/ihoe3,1oy8AsqREezfqkesXsGV_lFB3UZmKDCGI,SUCCESS
Vibration Plate httpsgeni.usMtu877Q.mp4,1uhCclLq3eUq0laR8_0lU2tvyNCuAe7cM,https://geni.us/Mtu877Q,18qw389M_Xyz1RWQ7WUWIvwEO_tAoYr4q,SUCCESS
Folding Mattress httpsgeni.us21FWe.mp4,1oFrcVD5yBAUMSg7vjepevL59qsmAaxFV,https://geni.us/21FWe,1my2-jINW_fPL63N9bdQkVbyIkd9Zuavl,SUCCESS
Adjustable Lounge httpsgeni.usJ8hu7V.mp4,15HIEUj4cdMJfgd-kOqq71cVU0_2zuaP1,https://geni.us/J8hu7V,14cQR1fSTxMwA1ViH0nisYdTO6ux5kb_l,SUCCESS
Padded Stadium httpsgeni.us6HR9As.mp4,1MKInO69EM3BBZRY-nH6WcfLNDfCjbv8k,https://geni.us/6HR9As,156YCmglQTL2ahENnpuF2PF-FFZLJcyfe,SUCCESS
Foot Calf-Massager httpsgeni.usIQssya.mp4,1PYwgEWSyAy4Fefm6OHSqhkwKDmuJokjJ,https://geni.us/IQssya,1F64g6X-Z0cVbUhj7rF-0zAxZP7miot37,SUCCESS
Portable Nebulizer httpsgeni.usXjrk2.mp4,1yyP77uyDHP76PXPrnhvM7IPrnpgFTG3v,https://geni.us/Xjrk2,1-Z8yQcUgNnMhLe2KdzANNL9eTRF584al,SUCCESS
Deep Kneader httpsgeni.usb2iz5mY.mp4,1SkhEf5x00tnK9lSQFzrfck2qWVsld4jB,https://geni.us/b2iz5mY,1wEi3f5zvhuSRvGKVtxKnkKaApHqrbX3H,SUCCESS
Light-Up Earcleaner httpsgeni.usU9DH38s.mp4,1pAXE5QDfZvjzF_OJXUAOsUxCAfWX5HYt,https://geni.us/U9DH38s,19D5znf2Ft93QrtG_mI3aPe27WatKmGyj,SUCCESS
Scent Patches httpsgeni.usHydNb9.mp4,1lXZ-N3TG4mcrQm8ONxDZtvrOU4HZkpyV,https://geni.us/HydNb9,1CWAlt1rabGAotkSAreL7_0FbpRPpI0Eh,SUCCESS
Wrist Rest httpsgeni.usnFE9mqW.mp4,1yFHDx4KUcpGordeWYu-cyvMmqox_qiiq,https://geni.us/nFE9mqW,1jyaRKiHHqHjdshiJh7WGcXvyw2xS87ZP,SUCCESS
Full-Body Chair httpsgeni.uscgpYIZ.mp4,1e5EZpYEJPI9aNzx3jKpPlW8LJLVeNXTQ,https://geni.us/cgpYIZ,1vtSzytU2pA_jOJ7ozUqm8KmK6JSt4ddA,SUCCESS
Inflatable Cushion httpsgeni.usCjHwA.mp4,1A07orAFc6qPMGTY2OR0yqkA3Tavgy92X,https://geni.us/CjHwA,1wLMuStZ8fcQv07VxHCo-8E6PEXf09sNo,SUCCESS
Scalp Massager httpsgeni.usuoqIFB2.mp4,1CSVN-5rqDgwKTqfr2Bw7-raV7UCVnsbX,https://geni.us/uoqIFB2,1ileCwSJKZBAv7H912AG6O4q1mGdrWyar,SUCCESS
Wrist Monitor httpsgeni.usTaPP.mp4,1QLkChbjh0jcLThKi0ZV-YWVJFkXBvqNY,https://geni.us/TaPP,1Gd6ILiIaV8MlLcCUOTeNC30ExsFDCf2f,SUCCESS
Wearable Oximeter httpsgeni.usTZocHAw.mp4,17w6Ic4D_a7YZT20HdGNLl7gPQUg6Mqkn,https://geni.us/TZocHAw,1AZePKfU7xA4fJflsT72jH2zXoXPmyzvt,SUCCESS
Massage Roller httpsgeni.usx1a1WA.mp4,1SidH0u-EmHRkzNaDWckDN3xyyXFRsyRi,https://geni.us/x1a1WA,1b1uSAmzJuqkYrQLfzg9hsCA81nBLN8Z2,SUCCESS
Ergo Chair httpsgeni.uscRtRtO.mp4,1TPRA2XaBMb4TOb1UVnkQFzYd8CeHFLw7,https://geni.us/cRtRtO,1ZejVEIHxy-utBvrLlg8hMusiQQ2nvSIt,SUCCESS
Heated Wrap httpsgeni.usXgJQDYj.mp4,1A3I7R0vmTEAfcddMhpZ-XGudYkhFdsS1,https://geni.us/XgJQDYj,1Fu9UpK2BlwvvigvwRBUni0-mtqYmxy3-,SUCCESS
Bionic Massager httpsgeni.usyGB6c9.mp4,1a1mckazNnrC5GBBrh_y4AYl0Iwkntjuw,https://geni.us/yGB6c9,16eYjeAPdfBa5wJtXeWfFaNJkAyfmSb-U,SUCCESS
Ear Explorer httpsgeni.usAyvX3Y.mp4,1f2wCvdlt_6oX06JISsq18PT1mtf-A_-G,https://geni.us/AyvX3Y,1yAW6GxsdAUZWQtiylf9MHz9sbHNhlxcH,SUCCESS
Electric Scooter httpsgeni.usTORK.mp4,1YpRcFuOb5YEZjHv0pSlyrrha8ryoxgcL,https://geni.us/TORK,159I-T11LJMr84AvGCLxlzxXBckZedKnT,SUCCESS
Kids Balance httpsgeni.usMUBlRO.mp4,1gV1Frdlh_pu5-2BK52uEKJsh1PJso-3Z,https://geni.us/MUBlRO,1gwwXJEOyrzfzUnVNZddY9tYpbj3b3MiM,SUCCESS
Foldable Bike httpsgeni.us0hZAjc.mp4,1Ce6SxJhVQMHufUSq4DN6L52U0tOke6i2,https://geni.us/0hZAjc,12RvV_qD1miG5aI_R_ocqZq8LLagbu-2M,SUCCESS
Power Wheelchair httpsgeni.usCh9ef.mp4,1rOeyaBWDebDwLp_DhkGhcdj3IV0Yplqt,https://geni.us/Ch9ef,1_57lanO-rJlQN1jneOg8D71QPgA2KeyC,SUCCESS
Swim Kickboard httpsgeni.usodBs.mp4,1NEBgJnmL6aG7DH9LAt_rxWCAKzD0Vc3_,https://geni.us/odBs,1RE_6dMxJr0jnXyJRz6QJ12gUwJfnzdKc,SUCCESS
Folding Bike httpsgeni.usFh58NzP.mp4,1jmQ6lUKgiIwNEQQEQDbCgfW5XP9EUer3,https://geni.us/Fh58NzP,1vmfe-R0tr0HhSWGDIplXDZMncTdeMBYS,SUCCESS
Underwater Scooter httpsgeni.usAUkP72.mp4,1djUMzDJxCZhYI9NFkzaObC9gTzI8xhY4,https://geni.us/AUkP72,1P-ZUSQrz0jAwQliq8-a4Qj023PARou2e,SUCCESS
4x4 ATV httpsgeni.us8fzwsJy.mp4,15LJnrbm8JtsVruOPHqeRs8wY0T1CApDH,https://geni.us/8fzwsJy,1xldzQBjlHBoReJmtt_4xt60BBUL1zhIO,SUCCESS
Roller Shoes httpsgeni.usnff4oA.mp4,1o9Z4Tpky1HP0-1fSnEk8ulVNCAkLgUNO,https://geni.us/nff4oA,1eDLqI8Jc6lNUYvcpYPv5FydDWyETDSNq,SUCCESS
Treadmill Bike httpsgeni.usewAx0.mp4,1XsScrqTF3gpWeCEBzkR3ThpWVfgHyeGS,https://geni.us/ewAx0,19AI5R83vr3yZ3G6rASbOU0Ah28_yUReN,SUCCESS
All-Terrain Scooter httpsgeni.usKgFA7w.mp4,1_39BANLomHW5-IqR09AgF-ArSe1r55hM,https://geni.us/KgFA7w,1YPVKjmQQUGMU0Ewv12USlVpn60CCfxjw,SUCCESS
Electric Tricycle httpsgeni.usNM9xT4.mp4,1L6KvHEy61P2kGInror9yXZyACfrnziEo,https://geni.us/NM9xT4,1qJL7IkWZzdYDwiLoYTQZLn3Fgh36lXtt,SUCCESS
Compact Skateboard httpsgeni.usnuM8i44.mp4,1BhGz8Wc8vzqfoEfL3yJ1ULGu7hDgJSdU,https://geni.us/nuM8i44,1W3dpCdLrejwMBUU5ZgXLOh2QdZVg4qUY,SUCCESS
Surfboard Bag httpsgeni.usxJibw.mp4,1RAbKW-5jJGkefk2e973sa4wqACvSv6a0,https://geni.us/xJibw,1wTqBGuEE7WNe8wm7aegNgaasNnM7yUyP,SUCCESS
Off-Road Kart httpsgeni.ushCJiO.mp4,19q49Be16mj-HW3Z4-pk4b6fNDs3oFokv,https://geni.us/hCJiO,13ksWT-qw0fDJLQtNKLqRQC5E9YZ91_sh,SUCCESS
Scooter Kart httpsgeni.usPM11RB.mp4,1D4ekkxzQ5Cko7d6cWBjx0W5eLxYnTedy,https://geni.us/PM11RB,1nsS_yPr_u7TzU-_qlz66WgMRW_1QAk2g,SUCCESS
Self-Balancing Board httpsgeni.usG28wb.mp4,1YkSGLd9U_aKUsEuNyOzHTPDdJZqvgpwO,https://geni.us/G28wb,1seJ1gVFkxld2g-6fVHFEM3byRrwCKNHi,SUCCESS
Electric Unicycle httpsgeni.usSAS6ABE.mp4,1yeVoJkvRwG4fB1eqdy5X8ABw7ronBJTK,https://geni.us/SAS6ABE,1Ut0Xk3-yzY-BWg3BrictJIo7nuVSktbz,SUCCESS
Electric Go-Kart httpsgeni.usiCjiYdu.mp4,112bgOqbM8LVW6LcFiiuVtPz5P968Op9i,https://geni.us/iCjiYdu,1b0O6kh9ZTK6CX_N5HzhTXvQSvp9UN3EY,SUCCESS
Jet Surfboard httpsgeni.usJkXM4.mp4,1ljANmdmT_1l3yX_iNjif4xBDOud8wVOb,https://geni.us/JkXM4,1xqRlBLKJf1JFvA1yCpF31Alf3OvC5DDe,SUCCESS
Self-Balancing Skates httpsgeni.usaBpr8m.mp4,1Tyfedwn-9vkVSgQGZTcEPq7R3TxLV74K,https://geni.us/aBpr8m,150H02faGmJEMUz8dPqES0Z5YL5wJk5nD,SUCCESS
Futuristic Motorcycle httpsgeni.usqjdkPfv.mp4,1IBCnalZmgUB984rh0KwrmzOLs8IBtoIg,https://geni.us/qjdkPfv,1dG-RbnXPbVb8ASk_Lubiod3tzAUqQ-oU,SUCCESS
Electric Skateboard httpsgeni.usb2HUOa.mp4,1UUCJML4zGkzjkMvhNosDNckZweqD8uaM,https://geni.us/b2HUOa,1IyQaKc71G04XMooeelfQhbHgRK9-OLUI,SUCCESS
Three-Wheel httpsgeni.usQMTmB.mp4,1qMNQED3oNN8iK-5MBfKmRojT_H5WL78-,https://geni.us/QMTmB,1TDEZbDR3VMQac7aoP0MUrB6pHYGcW7Bd,SUCCESS
Mini Bike httpsgeni.usntiqv.mp4,1bsid31oCxQ41c3xMvszIibyzlbxFudwp,https://geni.us/ntiqv,1SKH3qWMChj7_CF0VDJrydkGetjxHX6hE,SUCCESS
Charger Protector httpsgeni.usyvyBS3.mp4,1WDX5WZoouco5eGr1yhOsVq1jFXXZGr4x,https://geni.us/yvyBS3,1BOhsgkaK9j-LkZ9zqT3TQ5Z26ffhRae8,SUCCESS
Hidden Camera httpsgeni.usAXM8T.mp4,1niRR-TFVWNYyEsE-DiPpvz0KHCpVZEYN,https://geni.us/AXM8T,1ss8ih4IZ7ZwF1v3U-jiszr3j6t3XJ-DQ,SUCCESS
Label Printer httpsgeni.usl6OrkTn.mp4,1VoI1At04q78dmOGIGD6002xCz8LcU6CZ,https://geni.us/l6OrkTn,1IMYui1ftQ0MCUY2qll0O5yfPjKHGP1YK,SUCCESS
Fishing Pliers httpsgeni.uswpLWe.mp4,1ZDHjnlIML2Ic6EMylTR_zV5y_KFY8DCs,https://geni.us/wpLWe,10D8N6Mqp1KMo74v6WA5vvFaOqacj5avQ,SUCCESS
Vlogging Camera httpsgeni.usOqOg3Av.mp4,1eVwFtwmTqWPVfKvzHF06uUsOl6pIarvv,https://geni.us/OqOg3Av,1sX-PJkMVBD2wD0Pxc1WuilskcmTTjCQx,SUCCESS
Fingerprint Lock httpsgeni.usR01xBg6.mp4,1B7qqVS1mYazmS7j5mfelc1oUKQMo2D_D,https://geni.us/R01xBg6,1QXPidiYHn2DvfY5FtFoWyukqo-Y3PaJ9,SUCCESS
Lint Roller httpsgeni.us4etqG.mp4,1aaTHc2CKJMRKDh4nuLW2SU9yw6DeP0jR,https://geni.us/4etqG,1n_bb54uKWNUlVlQEm9T7f13x2uWP3RgQ,SUCCESS
Toothpick Dispenser httpsgeni.usccf3E.mp4,1qKd4EK7u9D2aC8nfD8CpIS4UcjhpBecZ,https://geni.us/ccf3E,1z5NEDrnxxfHLvfepzXvNlQpwNZtPbzMR,SUCCESS
Fish Feeder httpsgeni.us1JeA56c.mp4,1ncujWq4wO9232MXGzpNGaHh-7E0ofMAd,https://geni.us/1JeA56c,1j8h2MjrjUUvjq8GUwT-9rd5TvEno3us5,SUCCESS
Utensil Rest httpsgeni.usaYUap.mp4,1rW5IJM_LVVso9LVRCdEI_hYyYbqAq0oh,https://geni.us/aYUap,1AL8rdsq_K-cToqQIMw7yi-sF-OASTk87,SUCCESS
Measuring Funnel httpsgeni.usQRkjchr.mp4,1OB46gpM1Ini4yIJUDvMjYQmZcEJkwem9,https://geni.us/QRkjchr,1R3JUfExGpoe1T68YFdvnDPgKUiY0PJoe,SUCCESS
Portable Projector httpsgeni.usPZTik.mp4,14VKak9U6B7HPKWhVpvOFfEwvCy0vYlis,https://geni.us/PZTik,1azDR9W85JXrUMZDUOVGklQVZ6R1QxYPd,SUCCESS
Mini Mop httpsgeni.usWtXl3Ef.mp4,10zBNHWEa9thCa5_fNap4lExvLOM4ZXWF,https://geni.us/WtXl3Ef,1s5T9RZ8JZHqMgAEc6V16tYVdE6q8k6y_,SUCCESS
Tape Cutter httpsgeni.uskcgJEl.mp4,1EvqeBaJKiJwpw_S356NxzNYtO94P8DBG,https://geni.us/kcgJEl,1LtBaX5sahCHa8ijO02vsKUbyh81qRAKq,SUCCESS
Produce Savers httpsgeni.usOFUJWz.mp4,14ANCsQ3fHTk-KVXhw1VpHjzHeFah2XEe,https://geni.us/OFUJWz,15dxv6U_qWFruumtbZvULnYQeFB5HYR4y,SUCCESS
Can Lids httpsgeni.usdrz8wb.mp4,11evWhkdH6WHLOiJ2OiTROHbzQ3pq0j73,https://geni.us/drz8wb,1gXd1iH8LxQsBp5Fek-gCVi0_tSSVhoG4,SUCCESS
Bowl Clips httpsgeni.usbdTiZ.mp4,1-sTbWmr7n4AaVgKdbprfIcpwX-01AHxv,https://geni.us/bdTiZ,1u14BhpEgnYGgkbMjDDrUipJmmn2_55qt,SUCCESS
Heat Sealer httpsgeni.usBt7ypeh.mp4,1bGSS3EoNExWIHblM4IuFScIPnYYsd8Zc,https://geni.us/Bt7ypeh,1lspiKhda2jLm6YeaUOg4z86s0UMOe8XV,SUCCESS
Nail Clipper httpsgeni.usyNAWujn.mp4,1MqTA6zezdfvp_JPi36nTkI76fQEJlAH-,https://geni.us/yNAWujn,1H__-rCNvucq_pnULP4JfV1lspndMYP9B,SUCCESS
Retractable Line httpsgeni.usUpvBbcZ.mp4,1j9_MLj9EKQkUUykXJFIssx8kphex_qMR,https://geni.us/UpvBbcZ,1r3gksukHnaXKXzS-9OPRdlUl6WzDjuIc,SUCCESS
Shower Holder httpsgeni.ushXO4A.mp4,1epQXiI8gpSVd72HV3qDSJvDoB7Uz6LyY,https://geni.us/hXO4A,1OCkVb-cfJwq_Hrz2S95yR0XGHkFFbeUi,SUCCESS
Phone Cooler httpsgeni.usEVao6q.mp4,1op5Bdxku_TQpc-mgM1S4kA6xlETtT1wj,https://geni.us/EVao6q,1BAr3uTjZqGN9pB73lSnnuxm74682DNPS,SUCCESS
Rolling Measure httpsgeni.us5vZE.mp4,1naVvbhVCIhl_OVq6f_MCJqcDKobcZzbp,https://geni.us/5vZE,1zJ5vzwYuqXtxFv2BMFx5_562I34GBDRn,SUCCESS
Smart Lighter httpsgeni.usreBS3U.mp4,1TwwGkcjuFYWVF6G20Q91CFf8YSKIHdkm,https://geni.us/reBS3U,1oT1I21xacuG6RYQU2KA86siXvJHphMBO,SUCCESS
Charging Cube httpsgeni.usVzN4.mp4,16HlrWvxG3E5LZXAKgURKfnHrJzgi8Nst,https://geni.us/VzN4,1bVIzuu3BKV0FF1wGXB3KtmCmak_SZLB8,SUCCESS
Smart Nightstand httpsgeni.usIjgs.mp4,1wHgWoRCZsHh0QjDlXtfrY3hhOjz_fM65,https://geni.us/Ijgs,1HIsZJHmb-KV_ROHa8_UcO-W4apt6YL-o,SUCCESS
Aquarium Sofa httpsgeni.usv5xT8x.mp4,1BWs7oP7dD6Wee0rztiiOF17197btZa7G,https://geni.us/v5xT8x,1Pqd3heiyX3io2TDF63zro7IjXw4ptTvH,SUCCESS
Boot Dryer httpsgeni.ustJFAxB5.mp4,1vgFumYuGrWKtLm6X0tt5g9ePCcNe4YQ_,https://geni.us/tJFAxB5,1zKcXZCEZr-c6RqMk3VFGEV0nNT7poPct,SUCCESS
Floating Humidifier httpsgeni.usLgc0u.mp4,19cSEcx5kVx0ikIX7uV77XqYCADWchAGY,https://geni.us/Lgc0u,16zgUGimE4GIPd5P4FEktOp7sO0qKj4M1,SUCCESS
Curved Sectional httpsgeni.us2T7p1.mp4,1Es_y3wjtgZU_PiLSQY8ADmyDaWPj5lO7,https://geni.us/2T7p1,1dQDQ4-Rm1j5W7BvcXJNICwHpOhiUqOAQ,SUCCESS
Fruit Basket httpsgeni.usO8ncq.mp4,1Ebn2D1zmA_3T2cquoF6crwjlaZgLkB3d,https://geni.us/O8ncq,1RT7eQ7ahwOuAVJkyK5FMY2L-6mMlfdUx,SUCCESS
Shoe Organizer httpsgeni.usl3LAOUp.mp4,17MKbuAnOS7po2xvCEvVC4IWACJ291zJY,https://geni.us/l3LAOUp,1CVGDdEItwE8uS5P78cgSPtyHHRzCyenY,SUCCESS
Stone Mat httpsgeni.usnjMaeE.mp4,1gpqNFOeeoDPbzjV6JO2OzmMnMjMmVlWK,https://geni.us/njMaeE,1uc81Kbqrd5hlxT8wMXZGg9DwFbkhlpSQ,SUCCESS
Laptop Desk httpsgeni.usELh6y71.mp4,1rqcrHCuSZWPfFlIxobsBK1peHzIyWedN,https://geni.us/ELh6y71,1O-GibIjiq1TNgSUkFtqvk4jh-aUvRCes,SUCCESS
Pet Feeder httpsgeni.usUdcWs4.mp4,1oJmQWK_cXaTTLqr8pFGCidB5HGAIRjZ-,https://geni.us/UdcWs4,1xYRAObBV9k5lON0HRRXYboh3N9K-6057,SUCCESS
Spice Rack httpsgeni.use2hcBp.mp4,1C0j8m1sUFGrWie9mng3BWRCW5gLiav7r,https://geni.us/e2hcBp,1iCMnldnW2lBvwhM24bXdMsE_z_Kutg_K,SUCCESS
Soft Serve httpsgeni.us4n8QHIc.mp4,1obOx3x3iwFAZqUo3RawxA6ttxh-H8trx,https://geni.us/4n8QHIc,15E1as2S4M_GKj3CdRFV8wyvroXL_iq2R,SUCCESS
Toothbrush Sanitizer httpsgeni.usq4NAMa.mp4,1K9obxlXH-U8qLoFQo0o4vPA185Cu0yxJ,https://geni.us/q4NAMa,1_iMr46xKgJ482fAzCNQ6qS48SeNYoe_D,SUCCESS
Rice Dispenser httpsgeni.usj2wbkK.mp4,17x1eBmLUMevcxIJlOXrb-T2CRo1ot1E2,https://geni.us/j2wbkK,1ZRua9FgbJqpDldYrLvz0B7_nIDFPIO2L,SUCCESS
Travel Steamer httpsgeni.usRBNL.mp4,1eG4zA1x6TuuH2t_icPPOnJ51bwCZMRn7,https://geni.us/RBNL,1WyjkbXaXGXElbA1oNhuJQSReuglIMACC,SUCCESS
Smart Speaker httpsgeni.uswYzFIvn.mp4,1mKUBHExn3THKmPskwmE3ccDieakDVvYW,https://geni.us/wYzFIvn,1gSwsCX0FaLPk4FZqncE_Y9NWloSx2iP4,SUCCESS
Honey Dispenser httpsgeni.us3thmdiW.mp4,1ezpqRNkf6vgL5BX0lG6_EDTGaShadXEj,https://geni.us/3thmdiW,1UJfChptuUsankFk6UiCTIW7D36o0IFRB,SUCCESS
Spice Grinder httpsgeni.usT05c7C.mp4,1DWGcSbii_D4NGdafPUEUlEnB86hWXrLm,https://geni.us/T05c7C,1jWiTuoYDqnr20K_GaRarGwm1K2iKYMtV,SUCCESS
Coffee Brewer httpsgeni.usCIqJ.mp4,1g0GEBXIJT5154f-IPaXGNVXXimwDyK0E,https://geni.us/CIqJ,1SfAcP8PobEdvbh8zzijPXvJlJK9MCjRH,SUCCESS
Portable Theater httpsgeni.usM6Qj8.mp4,1Wcc0EodPP5YAb8RZseFulT5ZQ6sjMsWs,https://geni.us/M6Qj8,19fvCJUeotY6cR9LNp_lI901yJGYGwws3,SUCCESS
Swivel Chair httpsgeni.usr8HTmz.mp4,1wO5Em_hqwzfwQGb63ki1iN4oDHY8HgJ_,https://geni.us/r8HTmz,1WYows4ryPnPD5NmkAhbbJhr3jYAf-Q6H,SUCCESS
Animal Recliner httpsgeni.ushNFnuw.mp4,1Ik7ikC7fKJT_VKWj714feiMCouRabH2D,https://geni.us/hNFnuw,1Wz_Kt1-o_sCRz862OqzrlxP4uIgUbnG2,SUCCESS
Makeup Organizer httpsgeni.usDcB0jRU.mp4,1NAi9795ZbJ5fLsOGhNOKXkbcJhQp_1OZ,https://geni.us/DcB0jRU,1nghc7P7yrtleo0a2pOMFVIe9Sf5WE-Pg,SUCCESS
Hoodie Lounge httpsgeni.usmJkGT.mp4,1kGA61aiq1jaBuk43_grzMDGzCJ7gjxMg,https://geni.us/mJkGT,1hcFv1UNS5EbH9oRJ-jvuZaMhV2doZD34,SUCCESS
Smart Curtains httpsgeni.usbi1BvM.mp4,1i8GtWal0QtVih9iEvfc1Irxt8UF1QQjk,https://geni.us/bi1BvM,10Agu2uiVkMXsaYFaSYMKiNIZIpRZ5FRo,SUCCESS
Touch Toaster httpsgeni.us3YjtQx9.mp4,14hqMZ3RgqTfaJzyKtTh28NzCj9qYLtsB,https://geni.us/3YjtQx9,1GzJGj6RMjMxssAYPm9N_tWIgJOX2E7Qq,SUCCESS
Robot Cleaner httpsgeni.usUwzLAub.mp4,12o7lL2TroHytnPNPDvieNFGGUjDA4Z15,https://geni.us/UwzLAub,1xpgd0Slice3KP9ynWqTXh_luAfswRGFw,SUCCESS
Star Projector httpsgeni.usSB3zj.mp4,1lJaP49NgBbQ6CRpYaXcsdf1GMyo9OV8F,https://geni.us/SB3zj,1EGfUT5Ze4IxNY59cUM-l90bHxp__vJrs,SUCCESS
Fingerprint Lock httpsgeni.ush8Cm5GO.mp4,1-55rp75QqciG1ngN7N611E2HjKC6M9Ic,https://geni.us/h8Cm5GO,1147eOC9PYdlY5SXxEOLD9aVKyZi_ADy8,SUCCESS
AI Planter httpsgeni.usLn5ov5e.mp4,1BQ-6WolFr04wFKPxden0fzDNlDWv1K55,https://geni.us/Ln5ov5e,1bFIKg6fkDRhe6JY5f-JwckWgiKem_-_7,SUCCESS
Stand Mixer httpsgeni.uswL0LHh.mp4,1AGxNXCHVORGbVJx00p-G1V0SnHUL5obW,https://geni.us/wL0LHh,11J3NK8zEGUHfGBJrR8eaHrLohPUigZ55,SUCCESS
Travel Steamer httpsgeni.uskJTOi.mp4,1LrFglNyR-WFEQFexLTLL4PRsGws_vm-8,https://geni.us/kJTOi,1dcbDbpqZFyltdTBUd1NckULxL1C1ysLG,SUCCESS
Egg Toilet httpsgeni.usRHlHbel.mp4,1_DDHARZUGWm400OVJdqYrySm9knHR0mX,https://geni.us/RHlHbel,1-Ek50ZWUCyw-Qgnd_Vmz1IcG3EsIQEiS,SUCCESS
Shopping Cart httpsgeni.usTDyZCtz.mp4,10V4h8vCy-9L8vPfcszN_U1zami6NYhEr,https://geni.us/TDyZCtz,1dZu5Ll8KdPFp5CDd_iCb56Vc_ylmFJiR,SUCCESS
Bowl Holders httpsgeni.uscjzJ.mp4,1Ra_vO7OXGrUGP6uho8rDo6BoJvO5HPTA,https://geni.us/cjzJ,1b7_1-KDyvJYTisc7CoB9FTLqsPZ72s9N,SUCCESS
Spin Scrubber httpsgeni.us0oUCW.mp4,1ZsXWHcq8GMfKrLL9t4OCTyfF42oA49fi,https://geni.us/0oUCW,1YdMgOkmSn473H2Ds2I4eg_YsrK4vy6Mk,SUCCESS
Handle Covers httpsgeni.usjJUX7.mp4,16giPYbH5VbnUCzLU7WqxEoFdQ1KbFVDf,https://geni.us/jJUX7,1WDqJBLwPpKvsB2LkIcv7zaFQqNtsC9_2,SUCCESS
Trash Can httpsgeni.usdUist.mp4,12kpxBCSTFJXLU1xotvzAV5zEA936BleE,https://geni.us/dUist,1qRTgh7imvW6OSm7Js2oluliHYhCLTmdO,SUCCESS
Ice Maker httpsgeni.us8QVdQ.mp4,1ETkkzV_ODHlNyoG4mBh0vy9kQ1xguz28,https://geni.us/8QVdQ,12Jklc3HQzvjQGh1zHwajfzOQ_NvZwLKL,SUCCESS
Drawer Organizer httpsgeni.usqGqrssA.mp4,1zczZ6zmMkPCUVGGWA1GrPvT1OAETgTAX,https://geni.us/qGqrssA,17_T19JY2N2PAEuL_ODzZnZQzoSP2D3fp,SUCCESS
Bulb Camera httpsgeni.usE2AQK.mp4,1bosOKY57E3lQi-YrBHv0E0L41hF_QZiv,https://geni.us/E2AQK,1GfFKQoAJh7T4O-iS3sj21j_QQhxajsw5,SUCCESS
Pan Stirrer httpsgeni.usWmrm5.mp4,1TCxbZ_P0zJkc36ic5_TptthbE1oakUm4,https://geni.us/Wmrm5,1et9ZLD9zBN_puyWW4k2bKerAynYU7A6e,SUCCESS
Wall Calendar httpsgeni.usZ4O6kBt.mp4,1FNamzU97bBF-F25W45nKeBHw09TsVqGk,https://geni.us/Z4O6kBt,1yKmSMPrYfB9XcjRUgC1cwu7nkUtgTQUf,SUCCESS
Hydroponic Garden httpsgeni.usqax50w.mp4,1DcgzA11KYER3SVcbI5tfBy2mW-I3ifT1,https://geni.us/qax50w,1b_ZQUXYTUDCArxKbgV9rlcdXu4IaPl94,SUCCESS
Shoe Dispenser httpsgeni.uszcay.mp4,1vu_ENbr84sog2rrMKDIcchm0MTw_IH2B,https://geni.us/zcay,1Lvu4CvMtGA_DU8SdSRTexize4jtc2KXa,SUCCESS
Folding Iron httpsgeni.usYaQAL.mp4,1KSF4Z_06pkO7Lm9u7B5yvUUY_jQoofp9,https://geni.us/YaQAL,1zBy8Td2w_r_D4_2UMX7t7g8PUHLuCbaR,SUCCESS
Bidet Attachment httpsgeni.usYB0BL.mp4,1GatUA4tARROoqfJTdGbAb_VCMgwBj_s1,https://geni.us/YB0BL,1L94plWw27ziGqcs14qgrhv9kkX2I16X-,SUCCESS
Laundry Bot httpsgeni.usRuMLZ3u.mp4,1RbQVUM4nCSw084Tg_yx6rajUF_ODxJ4Y,https://geni.us/RuMLZ3u,1YZbJrEgpev_K7ejXbWH5JngJhYqs3M74,SUCCESS
Smart Lamp httpsgeni.usGOFZjrJ.mp4,1oYknJwz3YyaAwYJEa_XvjOhIz43Zc2ZY,https://geni.us/GOFZjrJ,127-5af6pvD5jtG_hJtcsiaevV_lnfFrk,SUCCESS
Phone Holder httpsgeni.usAZE53z9.mp4,1YnSUpRN34BAfJQxGjA3y0RyBmMi22EtG,https://geni.us/AZE53z9,1OW5M4DqT3ZA4ACDNlCD4nBBX0NEQVzDX,SUCCESS
Reading Pillow httpsgeni.usgic6d.mp4,1yIJMenfdm70uVSUV6GDA-ARnnDOlGGnc,https://geni.us/gic6d,1pSz8ExrmzyGSqUtsxDw9IL7EohehWdyH,SUCCESS
Egg Chair httpsgeni.usWdTK.mp4,1asrG2ezekwsRC958HIsKfw0J3EYgF0pf,https://geni.us/WdTK,1qQ7kmCkZjcsmHH7LqsDFTH4uqQmuOLmJ,SUCCESS
Teddy Bed httpsgeni.us8YjjH.mp4,10sVb9gNBxTbtklCxv8fhlRQT27u_fTJh,https://geni.us/8YjjH,1kTGVhye4N2NH3O1mnJ9F9RqlzBCkiXW3,SUCCESS
Adjustable Nightstand httpsgeni.usCogTBBH.mp4,1Q3TBEj98cdL4X2-F20HlMqOfGnJKPMch,https://geni.us/CogTBBH,1DSacY46-cupZWeX2-kBjRY4i5_qOnTmf,SUCCESS
Furniture Mover httpsgeni.uscQYnmg1.mp4,1-f9_aal9AiS-1vvl3ooovEvqYcUj1CSv,https://geni.us/cQYnmg1,1q36_mygtMpBk6iINToAnj-xywZ9KcHiY,SUCCESS
Adjustable Frame httpsgeni.us40dsM.mp4,1pZnko-HbHqMF6HBL74lrWkxcvcG4jFjm,https://geni.us/40dsM,1ptDmgkzUJPIsLkjE0Bia1SjzRS5jjgaL,SUCCESS
Sensor Trashcan httpsgeni.usrLTCgm.mp4,1u8kmw4KcMf-jeO91tBgUKoeCpVcS2Jop,https://geni.us/rLTCgm,1Bdw9hLc03t7aHE3FMn9qTta6X9aW7z9J,SUCCESS
Rotating Bookshelf httpsgeni.us1inrQNX.mp4,181cM7rdwIIhxjw9nlSp7UkorvvZmmHox,https://geni.us/1inrQNX,1Zn2C4HEeMRDBuqSABqcH3TDPzjwDjADe,SUCCESS
UV Vacuum httpsgeni.usDTgFyb.mp4,1f9O7O4EsirIqk-2vMeQxKgTWMJuMBX6Z,https://geni.us/DTgFyb,1_udMbhmAXQwCB-SC1Qp6pp9KbbWbvtAf,SUCCESS
Chaise Lounger httpsgeni.usDuEh.mp4,1GvYI-N-OQdguxN40bVvHG4VSkYnDA4pX,https://geni.us/DuEh,1TgN5tYWzT1apyvkAOznLu7nmP_1eBIXm,SUCCESS
Cord Keeper httpsgeni.usODvS.mp4,1wQwYdogPZdhAQlOycbTtuPRzG55dDL7_,https://geni.us/ODvS,1MpcCHYaPWS7FnehwzeMoKXcRBh6GP0qI,SUCCESS
Glider Chair httpsgeni.usKBMW3.mp4,1kBNWXLvoaf3622F-pyzYzkUQR4_dFEMP,https://geni.us/KBMW3,1tRhhKHTrRqjHfuypuHSCjOUE3LDNK3qV,SUCCESS
Flame Diffuser httpsgeni.ushXFU1.mp4,1zgOZ5BOgp_VfRCfaLln0G_wrB6OsFNER,https://geni.us/hXFU1,11ANI1VZJDzDpBqFaelHMS6DnERcnt7Az,SUCCESS
Convertible Table httpsgeni.ussgL3l.mp4,1SCkqfCt988RPJbYWmgD3EQigVtPH6eAa,https://geni.us/sgL3l,1FmtWWo7UY4GCYulvwtumKPLS6GDwPyWk,SUCCESS
Compost Bin httpsgeni.usN6gBSFf.mp4,1kQQQ8n3XUf4hgGj8Xo8WBuKUZvpC8Vma,https://geni.us/N6gBSFf,1Gw-vyo8WFmfhMLsvwlCk2cbu1YL2AVvs,SUCCESS
Shoe Organizer httpsgeni.usfsypPQ.mp4,1ua1uJ7I5hJebnZ1alb_a8e3vN8_V4U8I,https://geni.us/fsypPQ,19odlA4226ADAyYiozs9VZn7mAzkxrphg,SUCCESS
Spinning Nightstand httpsgeni.us7UxqdB.mp4,1tDykyzwHYDhOfLnSpjXA4gTFmE_kr71G,https://geni.us/7UxqdB,12N9e55waWUYuqNyKQEqzVN0qWE1gYjSY,SUCCESS
Toddler Tower httpsgeni.us6Hajr7.mp4,1bFvJm6YYExiGsJFf9WsYWLbvpZcRlhlg,https://geni.us/6Hajr7,18pW-kDai1UeHLlSguySu00WI7RE9VYqe,SUCCESS
Bottle Lock httpsgeni.ushhMW.mp4,1YxbF6SA7wv7fCWY_gr4aMHk0mPT4p2dQ,https://geni.us/hhMW,1SdH1jAIaSP0JcFM4jtVGcNU8nPblvFp_,SUCCESS
Giant Bed httpsgeni.usZpn2pqk.mp4,1pkKvhcSKM4dRA6dIJszQR-r7POlMNxWq,https://geni.us/Zpn2pqk,1--y-w6mHfRBmB1-6KUpDvDdhHkTEw7M-,SUCCESS
Floor Sofa httpsgeni.usN6cta.mp4,1LEBVvGsb9GVJUlkMsRE1LXiWvNaAtPkJ,https://geni.us/N6cta,1rSolkxI-ZV1n4K23H4Y-zzhuk9Y2JlCk,SUCCESS
Steam Press httpsgeni.usxpghuL.mp4,1V5rrDJE2kGKMRFted4TH4HLJOnE7Okg2,https://geni.us/xpghuL,161sbaP1uUqqnaatMZRW1fXPT6MvVLHMJ,SUCCESS
Lounging Den httpsgeni.usAG9KqsO.mp4,1qIRk7APQrC_UBU2nT0cucBsQl3YAHf28,https://geni.us/AG9KqsO,1tg2nQhanXT-DBenDxpG8gOs-pWRGm0aM,SUCCESS
Climbing Arch httpsgeni.usByEg.mp4,1g1VPweCIH3TKlqTWvS8SF2ddpm7713lR,https://geni.us/ByEg,1xSCnS1WAMc_l2avXC-zJc_aO0zFWdU1n,SUCCESS
Wood Nightlight httpsgeni.usDGtXRaQ.mp4,1K3qan8seZr5RHN1koYyTJ-k5uBr1RMEW,https://geni.us/DGtXRaQ,1VSrjTJnjLHrSZQ-9kPqb-y9TRAuqiuQK,SUCCESS
Mini Dryer httpsgeni.usGTrcwDe.mp4,1SJPrWBwqBWN1yqHYF3zzhgEzWkMvETGp,https://geni.us/GTrcwDe,1J96FKwBZTB9gyaJK43N0idpWq1eAs6QG,SUCCESS
Laundry Folder httpsgeni.uscnAL.mp4,1hsTw622oQRusKuN3xZ_yRVwguxKCnLwB,https://geni.us/cnAL,1fo7qDNWPS-PQ-aULSb9cK2WmYywYb1hs,SUCCESS
Smart Clock httpsgeni.usJtgLe.mp4,1Z5i3Rbe4FcMeUtrDeh4ywazwvVR3yiPf,https://geni.us/JtgLe,11eEJFRYXfdH3tPlw8MwPaT5q6ilAUko0,SUCCESS
Mini Washer httpsgeni.usfrOg.mp4,10q0TzasGdGcDqnueKoyQw7SeEpHW0m4U,https://geni.us/frOg,1V8TISf-QkUyAWNvs-ETzEEqJxyEqY1bp,SUCCESS
Seed Peeler httpsgeni.usyWGG1f.mp4,1_0Jx-M48exIGaoDLZaWRqoliGW3fcXjp,https://geni.us/yWGG1f,1K5z_sMgEnK2TR6wv-Fc5vJLd5eAShVof,SUCCESS
Inflatable Tub httpsgeni.us8R7PbpZ.mp4,1mdtvk8MA0jOCP7fITeXpoUST_y_uolOT,https://geni.us/8R7PbpZ,1SjzZMw8nE8KU3Jirji9wx5FD5x9Ine2t,SUCCESS
Drying Mat httpsgeni.usTw63lN.mp4,1y2g5dfh1Qu09XPfRAA2lPtuBvMq9B-78,https://geni.us/Tw63lN,1_i43Ue1AB2i8N5jKlHtiYGpdHPYvR_x-,SUCCESS
Stirring Mug httpsgeni.uscmVxc.mp4,1BU8hY7LZyK5daafTr5b_tqcalVvJffMV,https://geni.us/cmVxc,1d_iuQsju97njknX_5j385whbLMZBUsg1,SUCCESS
Neck Fan httpsgeni.usACjfuqQ.mp4,1Q1FBhOEF5h3nS8_1r0xHXQJMGb2CLyMt,https://geni.us/ACjfuqQ,1BYEK7j7L4BmPe4MYRA50gJ1NCLZ0acaz,SUCCESS
Warming Mat httpsgeni.us7ibw67.mp4,1yO6QRZuTPwwVKLgmh02zGKL2jKWYs4Br,https://geni.us/7ibw67,1CzNHb3VdSKQMsGxNI6RvvaDQgBbU1Z5z,SUCCESS
Brush Cleaner httpsgeni.usA9fBqB.mp4,13wrt6FjXQ3gc2QpsKMTNIduvNtV6jlsL,https://geni.us/A9fBqB,1txxa3V_seGPFhrAmZgosq__p7h3md0kT,SUCCESS
Sofa Caddy httpsgeni.usAJ7Qu.mp4,1jrgJQVNe2IlQ82LsJInxSjfROF1hZkuW,https://geni.us/AJ7Qu,1JOMfE1CsTa0ImpVQACbjAhVXcvHl3sp7,SUCCESS
Lazy Susan httpsgeni.usTQbQa.mp4,1FCrR-U7RiNBfDxCOmx9ENmx7ruLSlFzV,https://geni.us/TQbQa,146Tg7KrzUvsFTafIJF3JoaoWLE2eeJGo,SUCCESS
Phone Holder httpsgeni.usQcANK3.mp4,15y9aoA-__z_spEc_xgHLRHnTeJrQ6Ihs,https://geni.us/QcANK3,1cgMb7T8KEPmc-vpatzlv0w2D1ztwNKV3,SUCCESS
Socket Fan httpsgeni.usWnvoig9.mp4,1F6AMkT_I2iwLHV666rcBk7ExtTYq2xIS,https://geni.us/Wnvoig9,1cb9T7qyE_6jCM6xKtycwML7fht70MV-G,SUCCESS
Button Pusher httpsgeni.usZqsZA0.mp4,1kMSU-WgvoRqs1LDEYswmb15MrOoFSpY_,https://geni.us/ZqsZA0,15bWeS8FlcN0IVeYZTYABU04JgkYMZ_4s,SUCCESS
Ice Mold httpsgeni.us62x1inj.mp4,1C7sk7QLl_tXn-_XFoH_1KLRzaU0Nv65h,https://geni.us/62x1inj,1it09G24GsDb5_7VqKB1hdvBoQIMogN8O,SUCCESS
Mini Sealer httpsgeni.usch8L4e.mp4,1th-sM40w5o7-XBfzbEy5VJ9aPE-pXP94,https://geni.us/ch8L4e,1GhQ-p7hVMSiB6USt_97-tU87-Z0_ICGF,SUCCESS
Smart Opener httpsgeni.us00CNDF.mp4,1ZmTjwBAlFl_yotzOG6WbBtmXQ3kaYAeJ,https://geni.us/00CNDF,1YZy_2CuUGPwYRI8duT4pLEkL9i1NnE9X,SUCCESS
Wall Organizer httpsgeni.useHzrclB.mp4,1s4uEqrUj2AyrF1ZK8qEK9bFKpALIVE2p,https://geni.us/eHzrclB,1zdW8dp-DBdyyhiOt-aILuFrM5U9jWVja,SUCCESS
Foldable Mop httpsgeni.us62vWR.mp4,1yku4diqcmjbhrsHgg5jPid1kGe8jNCQw,https://geni.us/62vWR,1uU33OF9gKYz3GBW2NbfLpjhgQtUsn5J9,SUCCESS
Button Pusher httpsgeni.usykb1BHQ.mp4,1xlWeRy6nsKfkM13Gs-sVVCBncxqV4XCV,https://geni.us/ykb1BHQ,1RTk50Pz8wbOq22N04vw7U94_u3nPFsoT,SUCCESS
Outlet Cover httpsgeni.usHzlOlb.mp4,1SYK6jcA-_i-imX7bvpVkOpNq9guja0w0,https://geni.us/HzlOlb,1_XEUFTQT94Ula0PwXjkqDLmXm428RJ5E,SUCCESS
Fridge Lock httpsgeni.usAm9N1ty.mp4,1FBvqeXq2adr8xigxfkTi8UwW_Ip05deq,https://geni.us/Am9N1ty,1qsQTDQGVn5zH-Y6USJrDZwEd3Yr2TsXL,SUCCESS
Mop Slippers httpsgeni.usrZFl.mp4,1t1RbhjV9-AwzbhV8Xz2rJs8uo0s0uNOu,https://geni.us/rZFl,1L5twZGuNSPTxHAyAzbqrtoSMivzSygyR,SUCCESS
Flexible Strip httpsgeni.usVgT3x.mp4,10GuOfBMK894apHur-IW8wNDDVrZvhOKH,https://geni.us/VgT3x,1lEvVS_vIuXpAc97FrjaAnlS9XaglV_P5,SUCCESS
Faucet Extender httpsgeni.usotU0.mp4,1fnD2ABjHGyyBmuXh3sPbJasPy50ka-DU,https://geni.us/otU0,1zoetuOfaB1iPb9ETJ2J72On3ZoGi4ZLM,SUCCESS
Stretch Lids httpsgeni.usv3Apu.mp4,1fLiB8ZF7jhLboW8CWt_kQd8xE7sfCrkz,https://geni.us/v3Apu,1pjgYSiO5J0ukvpvSFltFxCyuUBW6aPXb,SUCCESS
Gripper Clips httpsgeni.uszrqsAB.mp4,1wfV_-Hd2jyDeWAANRE5N9PD8idXDki2X,https://geni.us/zrqsAB,1Z9lIdKC4GxQ5fMmJ6ohmk8qBHEJWIVbc,SUCCESS
Slim Cabinet httpsgeni.usKbfQOZ.mp4,1NpS-7Zc2dHgCeTgDZx7Ftq_GRvo4KGHA,https://geni.us/KbfQOZ,1HAqjuwEUj2Q6ZvxXKXUSi3xs4W1Dpmja,SUCCESS
Mini Spatula httpsgeni.usTDWxV.mp4,1wVApIfGl83wIUMF2GiXfVzNJB3RYec-d,https://geni.us/TDWxV,1at4KXFTjnEplVcbQrKMxefEZqCanZAEz,SUCCESS
Toothbrush Sanitizer httpsgeni.usuuUU7.mp4,19o9PNkCedyfJiXob-9pRmL6OlHLvoyw0,https://geni.us/uuUU7,1-jNBdjrKGCEvZXD_fTEZHMIy3gTG5A7b,SUCCESS
Toilet Cleaner httpsgeni.us4i7wJZ.mp4,1eINqTcUlY_jU5G1KyyWblyFeZbXsV179,https://geni.us/4i7wJZ,1YPxQRzWiyCQJrSYxCT9D38tkFqs-4Spo,SUCCESS
Robot Vacuum httpsgeni.us0FT4w.mp4,1t7qgs-jiCCX8ysfKajFCMhbZId4LiC7g,https://geni.us/0FT4w,1wKQ7rr19dMEjYf2zh8a-uDXrDZA0hBKa,SUCCESS
Bottle Topper httpsgeni.usl8mAs.mp4,1_hQrAvqF10d2pbBzzndmPNXPULKLHiFr,https://geni.us/l8mAs,1DLyTVRVsEIZHQe_IZChKFIXFzT-Xl5qi,SUCCESS
Tabletop Iron httpsgeni.usyi39e.mp4,1Os8H3J-io5npfaCRFwKgOI_V7eRSDwm_,https://geni.us/yi39e,1rEEvXoP8nZNRilhmC_AznWZK3JUBjxXB,SUCCESS
Shoe Cabinet httpsgeni.usxtXkv.mp4,1tRjPQC7EfKNl40wtx8IezZdx7e_g2lYb,https://geni.us/xtXkv,1Hp1ppkfEF6aru0MlwEQfSOCOgKRPkACP,SUCCESS
Back Scrubber httpsgeni.usFeKo.mp4,17Sp_o4SVZOnUWUaIsOUHz72_jZ2MCxUd,https://geni.us/FeKo,1URK9etmLCHlwrJqT2l6HCE0esiNUrx3r,SUCCESS
Tea Infuser httpsgeni.usANBfN.mp4,1qZbazsOiPCYRj02ICJ6hHZYnavGAX0zT,https://geni.us/ANBfN,1dvFTp7tWmtcBzc1FzIkr-962xmxBxE6D,SUCCESS
Lint Roller httpsgeni.usLDWLmL.mp4,1CqohWghViMtwWBprJCzvlXGsMNeMpFEp,https://geni.us/LDWLmL,13XSfuN7g3RFaP2Rzb_h-wVAAcj8M-IDb,SUCCESS
Gamer Chopsticks httpsgeni.usKdPBBG.mp4,1algmtM7aqTzWYbM_SldmOkfXtHMI2LwX,https://geni.us/KdPBBG,1y3UCWv8XvD0WHnLlkaETfL4lOQ2uHcfT,SUCCESS
Screen Cleaner httpsgeni.usy7atJj.mp4,1vbbkO-wgcCIBDOQeO90SaXur8akmESI5,https://geni.us/y7atJj,1TyaoyoIvzFeQxJFV-JDF78GepeIRTC-2,SUCCESS
Cord Organizer httpsgeni.usX9KXQ.mp4,17pUTNwGIGcS_PTYRHl7krVMqehTBA-qF,https://geni.us/X9KXQ,1jEHvtZpCPjhTwzwfmiwDtYrRnARXztL8,SUCCESS
Jar Opener httpsgeni.usCfK1KII.mp4,1xhjwoZTujbt1K9xsqofIkhydcZLfu9ZH,https://geni.us/CfK1KII,1LCdIdMJQds8cN6-5sj3YSRq_RirhzpoB,SUCCESS
Phone Holder httpsgeni.us0zESOTz.mp4,1KhLcYGxc3iLPLgXgtHQekmaVQUAlaI3I,https://geni.us/0zESOTz,1NMxKk_GjKgDzQ5TyzSfnxfKODBAHu3yJ,SUCCESS
LED Mirror httpsgeni.usAjeWyL.mp4,1UM1-Q-MXZLmVB59ns1moWLsljaSawqZ1,https://geni.us/AjeWyL,1EDHvA0fsOwQcZ_D8rIqUbp3caCDo1zaj,SUCCESS
Soap Dispenser Brush httpsgeni.us0wnxS.mp4,1mXzaHdudDGdfQARNTVJp7uvzgqNw5apJ,https://geni.us/0wnxS,18OK0wogfBNvduTd7pd39oKFoZd-a32Uu,SUCCESS
Baby Foodmaker httpsgeni.usU5hyaIc.mp4,1mIDYGkuzcQMtL334wa0fhcXnBjyKwxNG,https://geni.us/U5hyaIc,1N56VppKwHs2CACzqRS7W6guaIvSnLc3Z,SUCCESS
Oil Seperator Spoon httpsgeni.usKuGv.mp4,1UMnj2PnGiAbvNDaxywUpaU4HTobIfcWM,https://geni.us/KuGv,1KXaj5LZ5V67Fi3OoOX5GwNV0gIF9paCT,SUCCESS
Seasoning Wall Box httpsgeni.usDRcrpMz.mp4,18NTw_pu0TOdpiliIQ09rEwFINRk4h2_l,https://geni.us/DRcrpMz,12X0BWR1ba-zoQZe5tPaEoOPiPgRRGOKO,SUCCESS
Meatball Shaper httpsgeni.usZHlFsY.mp4,1bdEmE3KTsRzDhHeql5GSX5JLFcubzn_R,https://geni.us/ZHlFsY,1olU21ZMYMKEgyTRzohjeVmxJs-YxZ8sx,SUCCESS
Powder Funnel httpsgeni.us7gBwK.mp4,1DOY-zcS0AKiCEK3Hg_So8orug4_DILf-,https://geni.us/7gBwK,1Gg0LJoZN4ZGc1v9oai3UgCTgba6OTwY3,SUCCESS
Oil Dispenser httpsgeni.usdAk420f.mp4,1I8eEvmgL8235FySJMNMzyZ4aEE0JdDgs,https://geni.us/dAk420f,1ovlcutJ0ro4NLr62RBEHvWok0zqfc6GZ,SUCCESS
Jar Opener httpsgeni.usMvBeo.mp4,1IXG7SEsL3WqYVR89egfbzbURa_JbzHut,https://geni.us/MvBeo,1KZb3EwyIlf1aZElFkaVUTTf7DObuOhK5,SUCCESS
Electric Juicer httpsgeni.uscc555hx.mp4,1eeOowwoOg0WmIC_T-bvjRw8_hVIoVqzW,https://geni.us/cc555hx,1kb9NiD04T-ILBmbmV8hkY-nDE70NXO7G,SUCCESS
Mini Chopper httpsgeni.usa8jsQ.mp4,1vIYAanoCoGloQlygupRg3XeTVfb1__tC,https://geni.us/a8jsQ,1iLZ-4XdToafYlm0F73OjJQDsmrgstMmM,SUCCESS
Smart Toaster httpsgeni.us76d9VNS.mp4,1hpV791yNGxqF6hNniz5VUPWDeIGLboif,https://geni.us/76d9VNS,1N21lys7di2ZXl8IqjcveqH_tCjNat0kS,SUCCESS
Onion Holder httpsgeni.usYW9H71z.mp4,1-DT70-ehBu39D2np4GApsv-qHnhp2cQZ,https://geni.us/YW9H71z,1fuGrKQSMGJdfvrGUhWhoxwuIu5s5RhRK,SUCCESS
Pea Sheller httpsgeni.usdPlEo.mp4,1--mEBmgFApScgNDiRbgFse5rUoMNMviS,https://geni.us/dPlEo,1Yh2gyUuhXx2634T5SnkHylfRoxzychwp,SUCCESS
Smart Dispenser httpsgeni.usvIMhYne.mp4,14J74eqijRe03nuX5MP78_MKcnkyhu7lB,https://geni.us/vIMhYne,1MA6b1aOoaMp-z9-qU5e8Tv4AMU_J92yh,SUCCESS
Strawberry Huller httpsgeni.ushTVI.mp4,10VOMvKG5aW3diPUilNJEhcC2q6sAKfSU,https://geni.us/hTVI,1L6iGo69vW2sNw_kSkSW43o3J_PZXVzwB,SUCCESS
Cordless Rotisserie httpsgeni.usILkZQf.mp4,1Q5IA786jb8fUddiqgiKsv6wArzPobav4,https://geni.us/ILkZQf,1pBncscgKDTrV_9IVxr6WsVbbC2HWdfAS,SUCCESS
Egg Slicer httpsgeni.uspIQB.mp4,1c3j7JKSKOFVe_ePj8Jw5cPO4b6l1IRTw,https://geni.us/pIQB,1hIjf4bVO0V0-n5NnCm8rWM8Wn1wvNQmQ,SUCCESS
Citrus Press httpsgeni.useFXjTg7.mp4,1dlczD9Vmf4qQo6VajGjldF8izDg55TnZ,https://geni.us/eFXjTg7,1pre196FqF-s2qcwBYp-hVrqZ16oTJs13,SUCCESS
Pasta Maker httpsgeni.usI7KnRM.mp4,1jNS_trD1S5ro26D-wPTPqywDpc3iVROD,https://geni.us/I7KnRM,1D2GCm3S1c0VUBsS3B7BCKBvAUZ7PIcp2,SUCCESS
Food Savers httpsgeni.usrOFAWk.mp4,11d0ZavCYM1TQytRjDyn6YclgF7hDErxn,https://geni.us/rOFAWk,1HNMYVclGKnuttcifBSyCyet0rYVX8wm1,SUCCESS
Spatula Holder httpsgeni.usi0KwI4.mp4,1MnSXZh9emSrkkdqjIpEBT9QljpEbZwnD,https://geni.us/i0KwI4,1Xgn8PHYlLnHtslQdhUsLtfQPNA7AHlhh,SUCCESS
Strech Cup Lid  httpsgeni.usLLohV7o.mp4,14-M7k14nbtKt81SDrdnZoHGX68_YmpVB,https://geni.us/LLohV7o,1Gbquxv8WIXl5m1w35Q69VwmSofhJpOwt,SUCCESS
Dumpling Maker httpsgeni.uswn6wnrl.mp4,1h6tGgtaH-rksD6eE4qheTOGvmpfhjKRc,https://geni.us/wn6wnrl,1BT-5d9O0dO6K0sRGKiqW_6YbhdlZ8Gpq,SUCCESS
Vegetable Grater httpsgeni.usfSfLTB.mp4,1CIEVpWJO5WkQBUnfPi-8vAUbNp4gGvPt,https://geni.us/fSfLTB,11FtuZIYs1poblsij0oz3pZTtPC4VV9da,SUCCESS
Lazy Susan httpsgeni.us7od91S.mp4,1Ch3I0HRBWBoYspw6hhjMXvsfp4Fr14B7,https://geni.us/7od91S,1DGObdC3v-ZQibGMH_u6a0yOtMTHtrHhc,SUCCESS
Smart Mirror httpsgeni.usI89r.mp4,1JKtWYxzixtf7EkKCpuHqDyRFSk9iS2oc,https://geni.us/I89r,1ZM5IMOOnU0VBGYLGwTiSRCji1NB2Iuw_,SUCCESS
Heated Cover httpsgeni.usbpHA2Uf.mp4,1qcjuwpDzljskEzIGCUIOWa9AurFn9LYG,https://geni.us/bpHA2Uf,1eqwJKHaFzSsGIHNAqMpUQi-ZoOkylo0H,SUCCESS
Corner Clock httpsgeni.usEwqlF.mp4,1sudvVZQ1qmWFFhr8qh1nE9Ff4wZ0bSsf,https://geni.us/EwqlF,1IuraSLaXY15zNo5CuvVRdDHJd2z3S5Az,SUCCESS
Adjustable Bed httpsgeni.usMvYqfbI.mp4,1BSCyVVh6ptCsXrnyl2NB1X1pWHXBRUww,https://geni.us/MvYqfbI,1xJmb9CZFUQiVZ2ZBe0BHin3EmQk-245E,SUCCESS
Steam Cleaner httpsgeni.usNwHJPR.mp4,1sa36q6jYRT9O_LfyDGgAFMZKQuKhvNwX,https://geni.us/NwHJPR,1u64bDBf5W5-llqfGsViFh4sYbQVGkhLA,SUCCESS
Smart Bidet httpsgeni.usNCAcX.mp4,1vnMo8k5lD2vULzfv3T3EE4HtvYtvRki0,https://geni.us/NCAcX,1ZtBAmCm2khqWwpK6F1cjbhqvs55R1OhQ,SUCCESS
Pasta Maker httpsgeni.usJck3Eqj.mp4,1KWNRzLz_cfHVi9d1-cRxzFgxCfnEjLY3,https://geni.us/Jck3Eqj,14R3UK9grtCFBO_GvNwRpNbtP2V8urFZw,SUCCESS
Pool Robot httpsgeni.usKARD.mp4,1JTp9IRapswobyYNV_JDgqBqfjUVDW6R8,https://geni.us/KARD,1igVUk3_slBcDqpGk5b38-1vb-Hbou9KH,SUCCESS
French Fridge httpsgeni.uscuY5bg.mp4,1M4Vy88Qao9XU06BmnFkhVb-JbzSBJ--y,https://geni.us/cuY5bg,1hgKhXkXSibNjCYQf1SRKqiA14NQgGnYd,SUCCESS
Moon Lamp httpsgeni.usSCKOwMd.mp4,1lP2zega9_7EGy6l9eqPmvdCgrgkQYt_e,https://geni.us/SCKOwMd,10zccxHpzw2OF07fvJR4jnvsw68_YQyUi,SUCCESS
Thunder Lamp httpsgeni.us7n7vj.mp4,17lX5w6kjS1jcl-rjXrM4nNhywsQpxIvd,https://geni.us/7n7vj,1bFedXX8IX52iYFrHgxy7aS_ZonSoKpkV,SUCCESS
C-Table httpsgeni.usGTBim.mp4,1nCHuWUPeRi7Yu7is5ZilYDw7yXDDP6UN,https://geni.us/GTBim,1kwoUqzmpCLTBFQj4hmJVYSW45c-matp6,SUCCESS
Vanity Organizer httpsgeni.uskEZYYV0.mp4,18N-l3WKG_In8q55YPGExeFpOCppn338E,https://geni.us/kEZYYV0,1B-edW_YFircRQ4bF1Zdd77KQSWkFDEk-,SUCCESS
Velvet Chair httpsgeni.usIpaB1.mp4,1J8ICxIbBHKJvRc8NuSFBUIaLhi0si5pM,https://geni.us/IpaB1,1vhgEauU_RH0Hikk_D7t7rjOhG5qBQk0G,SUCCESS
Rattan Daybed httpsgeni.usahPI.mp4,14P7L1XVGZrauLfsJ6ffpRmeSou2uv4PH,https://geni.us/ahPI,1hqm5Hp3N38tXahXNf0DdE4gU_pQWAuTp,SUCCESS
Magnetic Wiper httpsgeni.usUFyRbBr.mp4,1yNlDSSMTGyOB1Q99Kp5PIH_eLZOhIc65,https://geni.us/UFyRbBr,1-FlsZw8IWl7NsM7mwBGsxB8XYZGcFUSK,SUCCESS
Lift Table httpsgeni.ushP3d.mp4,1bKcz4lXry09Ask8USC7vdhQ89_liI8-A,https://geni.us/hP3d,13VOwaiM3IJrdZGycu9l8uf67EF_JIJEI,SUCCESS
Steam Press httpsgeni.usTAUHLMD.mp4,1n0mgfhvitthl4cRzhkActn241jGY1vOh,https://geni.us/TAUHLMD,1h3TJYMsMcTIiYqCMUt9qm-F9VP6G8csJ,SUCCESS
Joystick Lamp httpsgeni.usHCG7I7.mp4,1H1rrnOixmZXw037q_U1RepoCkqo_9DAu,https://geni.us/HCG7I7,1e-2Q_2DJwDOUKfkd6Ash8kUmliAqOYv7,SUCCESS
Massage Mat httpsgeni.uspeOtz.mp4,1L-Us5mc_AL8SGnK0TJ5A9pyuzMzV6oIW,https://geni.us/peOtz,1P53XPF2MWRjM5FQzHgek6_pV6bR5mRkg,SUCCESS
Turtle Pillow httpsgeni.usri0joSh.mp4,18IsBVXCL99FFC0DjDTT-UYwIFbsya33c,https://geni.us/ri0joSh,1WUMMJv3y1slI9MHYdpxZbLD2_w6hvWMo,SUCCESS
Foldable Sofa httpsgeni.us6pYEoQp.mp4,1QzIyd9_2Yrm32xWIrZecAXePP3XTccHJ,https://geni.us/6pYEoQp,1UuGtpS62Bt6tq0VOmSRnCrEinj0A9hKy,SUCCESS
Cloud Sofa httpsgeni.usPy9ffsx.mp4,14BFP1O6F9DgQC2YF3_FRC-9xniVKXFpK,https://geni.us/Py9ffsx,1fJL4JHmusqdSPTwg-xGhR9u-M88jwb8d,SUCCESS
Cordless Blower httpsgeni.usdufAEc.mp4,1qi5PveMFmQSVi10TvWYsswjH2KaQjchN,https://geni.us/dufAEc,1MtcTI_yEKUt7ym6YoVVIrO9pM1nBDWX2,SUCCESS
Portable Screen httpsgeni.us9QcV.mp4,1Y4RObq94o6XIL8gswnfZkdOvSsskCa2l,https://geni.us/9QcV,1KnE8PunsLjVswG-Z7LNJsjyNYNiqzuF0,SUCCESS
Smart Calendar httpsgeni.usZq77S8x.mp4,1NSSrstNASd9CnsDJgPIrqz07GOlPKm0W,https://geni.us/Zq77S8x,1-rC-gyBxU3MN2DTUak2eKq29u68g3DUH,SUCCESS
Portable Charger httpsgeni.uso7Am.mp4,15ZpYFg0WiV5L-9A-UQDRkYekjoQgnOTc,https://geni.us/o7Am,1KWnCQnUKQrx5XeDCV1DtvBm_ZQRTIqOZ,SUCCESS
Floating Lamp httpsgeni.usPx7yx7.mp4,1d8s5mCSYycOh53cMaBwhs6gJcpk9vnYx,https://geni.us/Px7yx7,1jLjBbt24deOYYrfvoJ7WWrLu5j8ZBv5q,SUCCESS
Wine Dispenser httpsgeni.us8Bx3dd.mp4,1WrI8I1MAUAFSgBP8Cac253zzGvnqObjW,https://geni.us/8Bx3dd,1YTds8xmtmNRVaaZBiEJb6-SMk7TrytEm,SUCCESS
Water Station httpsgeni.usqnPzg7H.mp4,1drShRvN6JMXnAzArDHnhIYBOExUBr6Ax,https://geni.us/qnPzg7H,1T5UwyR42BXIYz31zm9Nn02fN2ZM4kekb,SUCCESS
Voice Hood httpsgeni.usHVpqNS.mp4,1rle0v9Ry_2Jo5jQsBdtAy4SnwRq-NGfX,https://geni.us/HVpqNS,1QjqNrtmd89RbebW4wnJaLJPdWe-_j6ko,SUCCESS
Transformer Table httpsgeni.usElU1.mp4,13SCNZpdWavwTAVCPZ-iltknfyTAbfNF7,https://geni.us/ElU1,1R-fe8H4x0qqkKRovmXW2jrREqTqZpcYL,SUCCESS
Rotating Kitchen httpsgeni.us24Vfid.mp4,1IVugnjWzWN3OhlN4rTiuFlGTgC6FzbTS,https://geni.us/24Vfid,1kRPy1MunAeARG79B4ixb7iLOCbtwoq4U,SUCCESS
Swivel Basket httpsgeni.ustiJY97m.mp4,1BiDDFcrGp7Zme2TikojRK4nms7M-zPz9,https://geni.us/tiJY97m,1RMX68NXWI7BMSP-mgkojpvAmA9JVm-6R,SUCCESS
Smart Rack httpsgeni.usWuXx7ww.mp4,1DM-AMIoJmBzXrcTzPORUShEIbzIMUB4I,https://geni.us/WuXx7ww,1EKIFhyEtPa_W6MDF6nAXv_gbPM3kzjNX,SUCCESS
Smart Fridge httpsgeni.usb9yM4.mp4,1WpcyNfv4XTf4t5fFP2gpgSaGM0g52hsD,https://geni.us/b9yM4,18wwJ7TNxI-_RHnyiOjP8v_LKYjx9KV6y,SUCCESS
Pullout Table-.mp4,1lP5g4Tew1-TFhN8fYasYcZYMu9EmeX6n,NOT_FOUND,,SKIPPED
Pullout Runners httpsgeni.us0AZAea.mp4,1x8Bknlrb1mlA9j24Dg9GssRck-8ncVr8,https://geni.us/0AZAea,1B0Gc1V8-btKNKW6sY5-pixmk7ypCEl2M,SUCCESS
Motor Cabinet httpsgeni.usrCDBGgY.mp4,1hKHNRsitJR-j8qOlZCU1Ui0GW4GjFUmg,https://geni.us/rCDBGgY,1b8wyZbe8xPw2rBCZLjdB-yB6Xj7q05PI,SUCCESS
Motion Kitchen httpsgeni.usnUuw.mp4,1ZaRoTM0L6y5OdUnGS9fmKLdthT5BNaOI,https://geni.us/nUuw,1lHFefmEnxVZoyG5tMn0irGuHJ_RAWIty,SUCCESS
Lift-Down Shelf httpsgeni.usExqZo3.mp4,1QHMKaeEGoj0yGlzLM9qZlPR4eHdoEput,https://geni.us/ExqZo3,1DgHY7aITikAnU4nbp8hY6MXn_bMTKT5S,SUCCESS
Lift Tray httpsgeni.usiAw2d.mp4,1uNchIKrvXs84o0FjBypUY9tlCX-Tvy3I,https://geni.us/iAw2d,1g-5xFNMAgcTvHMrjyLswt_DFJzSXv54l,SUCCESS
Knife Organizer httpsgeni.usdCac38.mp4,1YmvtsYyJKQrCxFkNTBdd_2YDJd5sXYD4,https://geni.us/dCac38,1psiEt6lJXE_fVS24c7vp8vynrp7f_PSk,SUCCESS
Indoor Garden httpsgeni.uswWHjB.mp4,1oC-k9LnG1lcnNNvqLdKh83VwriuxCxEv,https://geni.us/wWHjB,13hfaAC6kxT_wVMkUEBj_YHDLGIm29omo,SUCCESS
Hidden Island httpsgeni.usQ0qMv.mp4,19WUrJKDcAzHwZDDWvVx0Y1iCEbIc_lzo,https://geni.us/Q0qMv,1G-ueeQBql3emCixf-OHRxdcRJNdFBH4x,SUCCESS
Hidden Cooktop httpsgeni.us5xxSA.mp4,1YYNuWgeV_aJaMMzIbWc-ns23DDukQn-x,https://geni.us/5xxSA,1Jy5OQTWQ1IhlGqKajFXfr6ibpMJNSMVj,SUCCESS
Gesture Hood httpsgeni.usjiDf6B.mp4,1GADMfa19_fE72s-rStzNkGldDop_kK0y,https://geni.us/jiDf6B,1GK6OlCpRlgJz5cqagMqp0iVfaHXRXCDH,SUCCESS
FurnSpin Cabinet httpsgeni.usPjTj.mp4,1RsHz2cu55zl2UXn_MbIKnfg2UKOdILcI,https://geni.us/PjTj,1ybpjV1MlusC6u4C0Uow5JG5c6LwUku5U,SUCCESS
Foldable Door https---geni.us-0AZAea.mp4,18Ssy2CEB5SlUPpK8CZSZUERodPISQpoo,NOT_FOUND,,SKIPPED
Dropdown Rack httpsgeni.us1Oafc.mp4,1NFoWtBdSsXQB4S-mbWRvL4ARidDR0KdL,https://geni.us/1Oafc,1I8TSo3-vEy9SdnQGs84CJcy2cSeG0oBT,SUCCESS
Downdraft Hood httpsgeni.usU0fJ.mp4,1j8RhJq4aa5yfrtIsmfv5b9SeOzvrPcLH,https://geni.us/U0fJ,1Jw2n_IpKGmuL8W-BHm6tMWfuuMH3gt3Q,SUCCESS
Corner Organizer httpsgeni.usKOBIwg.mp4,1PZU15NBes5mpnkQO0xDkbSuN1Eb9KBra,https://geni.us/KOBIwg,1JY_NoU2r2lVCXySQmLALYlKNRLkJia9H,SUCCESS
Extendable Island.mp4,1xmVNoRbyDo95GkzY3CZjvBjeAWoOqyQD,NOT_FOUND,,SKIPPED
Shower Step httpsgeni.usyGF7g.mp4,1bbAOrn6gybZL_Ve600qoGcirmlmuJxyq,https://geni.us/yGF7g,1b7hciH8_8gh4sgga6kOj3e9ruaZ3Wsfs,SUCCESS
Faucet Extender httpsgeni.usiIyxr2D.mp4,1afOdPViZkvWRPxS-b39JhwL8CPtVwV-M,https://geni.us/iIyxr2D,1C-oW7ia5eEOG4GqeUChgzjdJZyUMqTcI,SUCCESS
Faucet Mat httpsgeni.usGTbr.mp4,1UB_3QoMTjlJVIojvJyy8Qy4wI--GVt-4,https://geni.us/GTbr,1alYsrrJjwx2I04rv2k6j0knGvGi_cvCU,SUCCESS
Adjustable Dumbbell httpsgeni.ush4DYjLK.mp4,1pNENzq-fEdJux0xpRv307kLgw9uBky_w,https://geni.us/h4DYjLK,1xnU4tYLVwdgg_Dd2-PlFfKTUMLgIQUuI,SUCCESS
Water Spike httpsgeni.usyoBwkF.mp4,1ciOnEAQI122XQhYqOLYhPVY5LiVmHlz2,https://geni.us/yoBwkF,1d-4epYfwTrH_gE_yZtMt_ZeaXujJsfYR,SUCCESS
Drawer Organizer httpsgeni.us0PVim.mp4,18AQMxsxRYn53D8MpZ76_fbZJv7XtUF6g,https://geni.us/0PVim,11XTkvExelgO8hIrNDervNVSO8PLtuGHf,SUCCESS
Seed Peeler httpsgeni.usABhc13U.mp4,15C1Gh2qb1P0FabcmsD0JeSrOOCCEoH4K,https://geni.us/ABhc13U,1YwXJc5ipaRsagNpsRmXCAySubQilciHm,SUCCESS
Shower Caddy httpsgeni.usOoB4.mp4,1h8rZlusJxnHPYfRtplpCuVeMkaDpVwM2,https://geni.us/OoB4,1ZabvKS2L-sWx9UcCDA0Y5nCCRO477VNy,SUCCESS
Wall Mop httpsgeni.usxSKlSh.mp4,1xLpBBrPuopGi8MZ38933vKoXuVcXxgUS,https://geni.us/xSKlSh,1Jeu_ra1MszbWmltEJE3RPz6CUC9oB8L9,SUCCESS
Cabinet Lock httpsgeni.usXeu9za.mp4,1ivF8joYHbrYSb7l8Smn0F3kYeKh13ie9,https://geni.us/Xeu9za,1xmapB6GFNVkW02-on5zOO4Jnm0Bdjc-d,SUCCESS
Rain Humidifier httpsgeni.us6ZX6eT.mp4,1HTcfZltwNYhO9G8FaP17OeEx4qN77Izh,https://geni.us/6ZX6eT,1lwCd0Ne6Q7NxD2d1aGTZyvPtJ7sEPL0K,SUCCESS
Glass Teapot httpsgeni.usbzig.mp4,1_UX9_uj537IwSdRCGcJOERBLkF6McGqw,https://geni.us/bzig,1ZqIw3z3uRY3ZPSmEKEvb64v7Szuh8B15,SUCCESS
Sunrise Alarm httpsgeni.usyRuw.mp4,1htMx1dn3eFbpS-HqeVmo2bjj_omXbh_r,https://geni.us/yRuw,183bpCQErzpDBHqZ_w9VjBfZX3RrxubrT,SUCCESS
Dual Webcam httpsgeni.usLYGTEm.mp4,15xo_UxodxsUK1eHAlY6CAKa-QbC6aLF9,https://geni.us/LYGTEm,1OhIgOu9nPRsabvZky01uABd2RfxxTrYS,SUCCESS
Shower Dispenser httpsgeni.usrsqsg.mp4,1kuhRZTP_x9VdON9LxrwA0E5fId0GqLVX,https://geni.us/rsqsg,1Ht8aIQNWYxI6RUq-PuB6m5Ddx1WHHsYX,SUCCESS
Shelf Divider httpsgeni.ushE5Q8Ar.mp4,103zgeBOI_Y2yjPP_cQcY9dw4lSsLaDsB,https://geni.us/hE5Q8Ar,1uHu_FmS6sx8PCJuqz3zw5dqFLlyNOWTB,SUCCESS
Electric Scissors httpsgeni.uswoFNv5d.mp4,1ZQuQmek1QT0x3CmWBD8YpeN1eFrHxyma,https://geni.us/woFNv5d,1ZaKujvtUiNweTHWIc9Ks38zOHve684DH,SUCCESS
Inverted Dispenser httpsgeni.usZPAfDK7.mp4,15Siv041fT7WqFyry8QKYxBYPNdYegDaW,https://geni.us/ZPAfDK7,1Mgfa6AkYCH_P9hib5VPpUHWCdlArwh5Z,SUCCESS
Grip Helper httpsgeni.usgSWMn.mp4,1-tv2cWwPGGubbB3nbnlzLNr6DW2Oq0WQ,https://geni.us/gSWMn,1uiilKk33dZ0lHLU8SGvBaYt_963AugLm,SUCCESS
Motion Socket httpsgeni.usr8kJ4o.mp4,1jSo2YpqWHTbPqlQBDmw2iGQEGv_3-N_I,https://geni.us/r8kJ4o,1_K5BbIzjgD-4pH1Ks-Cirk1i_Nvt5nEM,SUCCESS
Blind Duster httpsgeni.usgcP4e.mp4,1dQTeHomu0zezJxZGDoSuwCwmyq8jtfQq,https://geni.us/gcP4e,1Olny_wUf2yzyn4IVggJ1KNSs_x-Fm5-P,SUCCESS
Levitating Speaker httpsgeni.usIdquU.mp4,16v9MlNHhYhLXRcWDAdr_1oHL5IFSvS1e,https://geni.us/IdquU,1n6f0nsroacF-mahaf7Rn2m_Y_ZGCaZqO,SUCCESS
Sink Caddy httpsgeni.us8gLBj.mp4,1eZTicrVbapHrMoMUX88SIPM_5UAWjnk3,https://geni.us/8gLBj,1B16nvuT0BN4cWdQ6t6DsgNw5hybJFAtP,SUCCESS
Wall Organizer httpsgeni.us1ugds.mp4,1a1sypJbZUvQ6XfFJYkRs2fgJ8MJJUB50,https://geni.us/1ugds,1L6fGSbciML5YZqe1ANpYViX3qPIWgZAV,SUCCESS
Spice Wheel httpsgeni.usnr0y.mp4,1lHdrlJoCucyb5R00mnvLwNooxz_pjRyr,https://geni.us/nr0y,1wXfwYFWrtt05DFml1xL2w3f63gvbchG3,SUCCESS
Slim Cart httpsgeni.usfOQ5H.mp4,1ua2_G507d091R5LS5e6sjPVVOUAi9iL5,https://geni.us/fOQ5H,1oQEptv3vP-cIY9rb9qXI8e1-YtHHVbwZ,SUCCESS
Trash Tower httpsgeni.usebDmh.mp4,17HfY-GU73-dC_TVbyjsl8BjmANGq-_m2,https://geni.us/ebDmh,1m_bral4oZtzz-FCOkvKEy5OzrCnR4k4E,SUCCESS
Slim Cabinet httpsgeni.uscBL8w.mp4,1yX9LCbIEblIgyxfh73VaigRcAYNsczGG,https://geni.us/cBL8w,1hfIx1Y9HgMombh7-HiBJMjPDDaah-i0q,SUCCESS
Cabinet Slide httpsgeni.usByqZJQ.mp4,1FbGc5tdUflaDgWoaBgFw0w6nl5fSAAT5,https://geni.us/ByqZJQ,1DtAXuh1I09Rh2759_kyWublaNtN8184L,SUCCESS
Sink Rack httpsgeni.usXmrj.mp4,1sjQZ0odwCUFdM7-Vz0lL6CBbzk5xOShK,https://geni.us/Xmrj,1R--2oUpHuIoRP6xFkGF4pJVN1ek499tN,SUCCESS
Grain Dispenser httpsgeni.usFtP9z.mp4,1LHFqXo2GZyickIiLmWTvkfkPKHH5HCYN,https://geni.us/FtP9z,1XS7RpFXbohtH-THbM6Tb7ygNmxfgveqx,SUCCESS
Plate Dispenser httpsgeni.usT3ZMAD.mp4,1ThLKumz8zT1B_iehahhsoPbGBLQnfL9T,https://geni.us/T3ZMAD,1m4bGhSfgKpZl1MfE27cwSZiB0mS1EF4i,SUCCESS
Stack Cookware httpsgeni.usmuNAv.mp4,1C_W3J7wimPtNaFkRfEjIJFDw7OQgl0Tn,https://geni.us/muNAv,1vmwv3HKWrDnN9WtwkJezhfTvbdCdZwFG,SUCCESS
Spice Glide httpsgeni.usBV4eYO.mp4,1gsWN2m2GRfrQ0NPbrY4xqQ0HAgoFdM5t,https://geni.us/BV4eYO,1mJQ3yx-pnjTX0oGfl2JIKKSisOhLThms,SUCCESS
Rotating Shelf httpsgeni.usE3C09.mp4,18sR_ppJTx62wHIaFH5SjzB9f3B8s6IjX,https://geni.us/E3C09,1Epcy3dkEwEro12QMEqY-SRLr1LnEqXMp,SUCCESS
Condiment Wall httpsgeni.usAxZCW.mp4,1HJHEj-NOELKzKE-QgFNXBCI20_gxWfNQ,https://geni.us/AxZCW,1tAuUc4EPJSq9ulKQodPpFZs_ANEoaBWp,SUCCESS
Pan Stand httpsgeni.us9CvS.mp4,1dCuEORBa35F9t5hy92rhjFe7ISeF7-bE,https://geni.us/9CvS,1GoVVXmk_5Pa-I675OoHDS1P9bx7ETN0O,SUCCESS
Magnetic Spice httpsgeni.usvfFJmN.mp4,15xduRwqBvNcgQrilagoTY8O2twEtdskZ,https://geni.us/vfFJmN,1Dw39FaY6pj3iA2x4vmCkT7F2uMZmIs9D,SUCCESS
Slide Shelf httpsgeni.usNTOGWkF.mp4,1hwflIKexBPGvs0Mbc-fKZKqqQ7qY4vi9,https://geni.us/NTOGWkF,13KxlYYCwkygGRUtlfsAFG9BVS_6DVWjv,SUCCESS
Peg Organizer httpsgeni.usP3X1qGJ.mp4,17_DZ62DidCONGGxlM6b4uudVvgbfEy6b,https://geni.us/P3X1qGJ,1UGFvbk7M5BuFrrisU97Ule56BHyTkTql,SUCCESS
Bamboo Drawer httpsgeni.usqWVINt.mp4,1IvHX6MoLF57nMRjh9r3Oi2mdXbPncg77,https://geni.us/qWVINt,1zhmzeVCaNsQLHACGfWJPC495Sst11psm,SUCCESS
Drying Tower httpsgeni.usSmiB69.mp4,1wsNSy_C82XAHPOKPPmtej8WudpzH5pF9,https://geni.us/SmiB69,1nlIRuOmZSFrRLDf9UnxFuBU1mQTrlFUd,SUCCESS
Egg Roller httpsgeni.usmdGw.mp4,1ObyBw-FXVgqR6iTlAXXA1ANMfu9XOgSX,https://geni.us/mdGw,1rCsqI6U5Nno6chtbZk67ZGRwwVGqjPrT,SUCCESS
Clear Drawers httpsgeni.usYrAE.mp4,1CpuFsMX3HAaIAwTWJ3z87vOxH7QArBFZ,https://geni.us/YrAE,1Eu4umGNxQuunc_chD_gAFJN_1V4RY74n,SUCCESS
Prep Station httpsgeni.us9w8EW.mp4,1zPs4x7nH5Z8CluAKtARRRr6B8y6ntVmb,https://geni.us/9w8EW,1hY3mxbH8MNl-iySZtp1H8YORC5NMhu_C,SUCCESS
Pull Rack httpsgeni.uspekov0.mp4,1gSJH3R7zJ3YQMOyj1w41wzhDhITW3wrt,https://geni.us/pekov0,1p-xkTHszyfgz2IjI3oU24N0LgX_4uaYC,SUCCESS
Portable Glow httpsgeni.usImLhnd.mp4,12-MNZe8fEbAzMo3RqKl1ZwhuZ2sou49T,https://geni.us/ImLhnd,1u0NgjDKXFSNLP6nYN03_qEW5VGL3Ny85,SUCCESS
Snack Sealer httpsgeni.usyQXT92.mp4,1Z0Xq8uTG8lPyuUjG40cPMLarXD8RzQpf,https://geni.us/yQXT92,1wcizwzhnrXU8DvB766oKFOC2pmDGZXJz,SUCCESS
Squeegee Vac httpsgeni.usE00oO4.mp4,1_CfQdYvz1TEflfZBueKa4sg5cSnkmdIB,https://geni.us/E00oO4,1g2XUGfBFPEO5jWBTOmXNEMr9Aeg4_ZxJ,SUCCESS
Countertop Washer httpsgeni.usNdHVI.mp4,1BqHG4u4mA4O9FkfvLqv9NMVYRKiWjJE_,https://geni.us/NdHVI,171d9yLwhDsGzjuJdkfQaU2GBdJtqkKBA,SUCCESS
Smart Trash httpsgeni.usnBUqt.mp4,16AxxFQeWLsRhGNGRQ4WQ3kyibNS-xrH5,https://geni.us/nBUqt,1ToSmjC1zdUx_lvZRhUYOWsterVn-yWjZ,SUCCESS
Levitating Bonsai httpsgeni.uspVhGyVN.mp4,1RMcS5KoC_xL4iDqLyiT7hmmPkhWMOeJv,https://geni.us/pVhGyVN,10wfSlS4FAoFmh4cYKdlfXBC1SFUm8f9d,SUCCESS
Touchless Dustpan httpsgeni.usdfB7XSk.mp4,1Wa9Lss2L3zsHdioj4dJHg7eUwiwp7m_Q,https://geni.us/dfB7XSk,1a9Z8yDWrSLoNt6fsVpA6RKNNZpfOpUJV,SUCCESS
Scalp Soother httpsgeni.us32coRy.mp4,1vQRRJncm8gfgOlJVGikEk2f8vdnZn8GL,https://geni.us/32coRy,1pd0xQpW40Syp3hzZMId43uGdiz-eXWur,SUCCESS
Steam Glide httpsgeni.usTY2ZR9.mp4,1VFktcwdQ5HXTy10ru8ZSGLtOf0IZBLCc,https://geni.us/TY2ZR9,1ZGjsNFwXDiuM5oF6Ldi_EYxQChKBjWmP,SUCCESS
Smart Fridge httpsgeni.usfgPqo76.mp4,1xJLsIvSA9hX-b8_bGritxUn7GHabwMay,https://geni.us/fgPqo76,1Y63LP9bNzRwAg_wjLAGfvo9C7Y-nb5Q7,SUCCESS
Back Scrubber httpsgeni.usBG5XjzC.mp4,1FJcx7hmxgeNXUHh-0NXCeim8vT5bhkij,https://geni.us/BG5XjzC,1S1Gl9WwiR_I5Dw4M0VyblhGKylbRlknI,SUCCESS
Hinge Glow httpsgeni.usa6lzGb.mp4,1cWIcDri4mX0hAkvUL09o6P2Q0UY2mSVI,https://geni.us/a6lzGb,1Wjf7O9jIvxYdTZdXWlgQsB-J3GiFsmE8,SUCCESS
Quick Stapler httpsgeni.usYx3dW.mp4,1Bouewz7bqjjQ8da-OLIWMHBj6LwUxmj1,https://geni.us/Yx3dW,1NrZqv4W_K2dFqCJRFj0NSwG6mowNMQyL,SUCCESS
Rotating Lamp httpsgeni.usGvI8C.mp4,11QwEQAUfnthogaKk6uZTDKc5CM9kih_I,https://geni.us/GvI8C,1FZsRGJhofc66rzkYY4OQckG8jSAKdDmw,SUCCESS
Magnetic Cleaner httpsgeni.usUWRt1s.mp4,1r_y_KB84JX7HEgQcAKi0_A0zOeKhKvSH,https://geni.us/UWRt1s,1GbzGkpQlwzmCyrBK4JpRLH_G70-u_dCe,SUCCESS
Cable Clips httpsgeni.usMpYEzg.mp4,19aW1SCfClDktiwKG9qpz5NGbnSgYrKbv,https://geni.us/MpYEzg,1qeuYRfo10t1HGEFM390uC_Xp8dtwlxom,SUCCESS
Vacuum Sealer httpsgeni.usKqXIi.mp4,10rnWSNSiR0ohrGpZZXqvBeYmO3eavVSS,https://geni.us/KqXIi,1mYlGIP1fk4Wlay7RxY2P6rwx9A3D9d7o,SUCCESS
Plush Tower httpsgeni.us7y5hNrz.mp4,1mypqcgTA7Af3UlhUhh3vUCqt21Qqhr3j,https://geni.us/7y5hNrz,1OqBPdsk1vlrDGUrJeYKIvFRGuNw_tXAv,SUCCESS
Handle Guard httpsgeni.usRqYUXr.mp4,1lXs23ydZ1ECsP0arYKQA_zWdlh7Orpbh,https://geni.us/RqYUXr,1R1eRxoEYL0RhazPlPF9eOrzzwhMcqDel,SUCCESS
Multi Hanger httpsgeni.us1SXvi.mp4,1B1vTFDVGKsBS6kFH61-F3AemmVMPxC1D,https://geni.us/1SXvi,17qUU9ULWuQlKF5N0ftZJ5R_8l7Y7cKpd,SUCCESS
Smart Dispenser httpsgeni.usFs5Jp.mp4,1c_tdnReULEHL0aBbGGwmuhkIqX7rxkSE,https://geni.us/Fs5Jp,1UHDGuswf82_dY2iICLWml9n7FqgStEa7,SUCCESS
Phone Grip httpsgeni.usEO8lAB.mp4,1QnJp5j_FuJQZ8HUbz3NyF1N9vxretAm9,https://geni.us/EO8lAB,1w1C-kAooATG0U5y-t7cWsTeLLngNbOJ8,SUCCESS
AI Planter httpsgeni.usFvQBv.mp4,1Rj2c7E8qsJl5oEkwRL6JV2lXwnNfPU48,https://geni.us/FvQBv,1V00zPDL9SI9nThbqmmJbOTSmFwPmfPl2,SUCCESS
Gear Dryer httpsgeni.usTGHEi.mp4,196vjy6oVD9yr2LXIh1qntf95Qb7f8mXA,https://geni.us/TGHEi,1jVISJ-otKLeShVdT6w_HLV-6g0ezBvM2,SUCCESS
Lens Wipes httpsgeni.usPKTdvi.mp4,1L8LDL_EQ1P5D2uagjfDDFg47OyaDh8jT,https://geni.us/PKTdvi,1j7WMzSaZauZy8Oxr9D9neh3qo9tF_tm7,SUCCESS
Salad Spinner httpsgeni.usueko9M.mp4,1ymPOLBd3ADa5fWpwr_DhTGXwuHH6L6Ho,https://geni.us/ueko9M,1wAevQckI5Yq3L80FkiFwLTIInqrcU6TG,SUCCESS
Citrus Squeezer httpsgeni.usKTaDa.mp4,13dtaDF4UY3xDEeKKlctur815H3fzGLOg,https://geni.us/KTaDa,1vxo9mjIdgW4lqGJ1F2zVZI4sRvVMDdwv,SUCCESS
Oven Guards httpsgeni.usxhQlJrD.mp4,1pGBuKF9odisA-B0-eXOiGmOZt2vmCXMD,https://geni.us/xhQlJrD,1TOvrm0XXA2COukp3SsElPVLAUYfnK3m7,SUCCESS
Veggie Spiralizer httpsgeni.us7HtjjO.mp4,19MGEa-v4VjD6p8eKLRvh9seHRJeJZy_o,https://geni.us/7HtjjO,14_Me7tqhLZGOKVw6jBgGg6cKrwOqudKJ,SUCCESS
Cabinet Turntable httpsgeni.usZ9sZRVj.mp4,1AhN-bIW5zxXRq0fUtq3QGKUVPmHHLyk8,https://geni.us/Z9sZRVj,1fN7nHBBtapbgW4Bs6-Jm5e3YX1Hd7sdE,SUCCESS
Garlic Press httpsgeni.us4GNk.mp4,1NsumsofjpQ5h3mO2ysELPLCzLc9e6Vkj,https://geni.us/4GNk,1zgw1kE_z8AOEjOQZLYdK7XNlxtPJNZrt,SUCCESS
Spice Carousel httpsgeni.uswYun8.mp4,1qjnKFdDcXxDsCbeNotZSIfg5FRfTLN9k,https://geni.us/wYun8,1zHFkj9gKjEsv4ZbfH_HhT6SxrE1xX_KN,SUCCESS
Pan Stirrer httpsgeni.usYs9tKH.mp4,1OEaGq-J5CmBOLrmcUuQ10JMkWvmVbNL6,https://geni.us/Ys9tKH,14tSd_mX7t7XN6ccvU4mdolQgMTVwFnwZ,SUCCESS
Pasta Maker httpsgeni.us4rPl.mp4,1OOhsBYKKQgGMLRa_tphwd0ImMOU_HKBM,https://geni.us/4rPl,1tHA_GoZNrMzkqV-Er05h6j0FzQ9W2NEJ,SUCCESS
Bag Sealer httpsgeni.usl2WH.mp4,1EKZgfZGAjIabDlAOp_dK3dYF42Ba8udi,https://geni.us/l2WH,1ZYK3F0f1il3138Izk6KFBA1KtzOLezad,SUCCESS
Nut Cracker httpsgeni.ustbRiI.mp4,17u6SOiJloAAcHdlNl2wS8Taf1chzGGPx,https://geni.us/tbRiI,1mZY2z4s1pKZn_J1BVmei96Fmn45SRae4,SUCCESS
Banana Slicer httpsgeni.usYCvgUv.mp4,1xv_trvlurLv-dKdRaBC_Cn7jX06PlqOR,https://geni.us/YCvgUv,13kp8cA7qsxKX6O9ml7AjbXih4OG5A9UP,SUCCESS
Oil Brush httpsgeni.usWyPUIg.mp4,1QV2Su_OSDrMYwGCDIJiSJRFfifuGCVuS,https://geni.us/WyPUIg,1C-9FEd-wYAxa-Mdz9nQFV9ljFCCQhqBI,SUCCESS
Butter Spreader httpsgeni.us4Ixbi3I.mp4,1RljZejZQig0sTJZyG4kFe1OEJPOPLMd8,https://geni.us/4Ixbi3I,1xEdrOz4GNM81OK_19vlJHtXdB_0oMfNo,SUCCESS
Silicone Lids httpsgeni.us7zignqk.mp4,1Egmt6Tm_LSDkUfTU3b5-PSF0HUgLrmXZ,https://geni.us/7zignqk,1J4wSdXzv-V9r_8FCgnNahTdmUhVeuRAB,SUCCESS
Oil Strainer httpsgeni.us5vxe04S.mp4,1fSiVHPY64CYCMoDDFOuvuDBsSAaqzdYa,https://geni.us/5vxe04S,1Wq7T5lgPjcc3g_pOsjHZtwSkQAqNr8aD,SUCCESS
Lunch Bowl httpsgeni.usWjS3y.mp4,1cePvxNUJi0sfhsDNrztvZcq-35TFsqJR,https://geni.us/WjS3y,1oaK343YlbilWfrZP48sq4RfmLjvnV3E4,SUCCESS
Mini Chopper httpsgeni.ustDamoe.mp4,1xRldSu8yoWlA6bcsemB6fQ3CX-6See4c,https://geni.us/tDamoe,1tBeH8Q1Xoe11NVMvWI0Kfer1CubV-7S2,SUCCESS
Drink Slider httpsgeni.us79iZ.mp4,1bPBKldLviENRHi9mWq5q-9XMBP3Naavz,https://geni.us/79iZ,19G2hj6vv0_jeEdHdZvlqoJXoyWfo8DiA,SUCCESS
Smart Toaster httpsgeni.usiVnlM.mp4,1zZclXRZdvLFvJX63hjkCdkCKkepz6mmQ,https://geni.us/iVnlM,1kgmb-8vSOQytdyqIIcBi8FXlIvTbGtGK,SUCCESS
Cord Organizer httpsgeni.usudtQX3Z.mp4,1uyJQydKIjR5tNrcpyjPVzF45yRl1_zTI,https://geni.us/udtQX3Z,1iq4X0GDwpDD7rkvDqcnhHyHchy0E7LB6,SUCCESS
Egg Peeler httpsgeni.us83hQQUw.mp4,1vbHMHbCc5fuFrij935uMqFso4_8lkBTo,https://geni.us/83hQQUw,1P7mutPINapgeyTaHtNpHyM2ZdESr9u28,SUCCESS
Spoon Rest httpsgeni.uspPZft.mp4,1W8pYSCewfjVw3WA1V9faIOWThhoK4vn3,https://geni.us/pPZft,1ZOwg3CjUW59z_x4QpCunuNOBrdYCN-wx,SUCCESS
Burger Press httpsgeni.usBB8fQ74.mp4,1peSjzmi6RWQcUgbg1-Q78ImtTwaa4J-x,https://geni.us/BB8fQ74,1p_pbT1cLO5C0wqARCQbjLNWZCpYham09,SUCCESS
Frozen Maker httpsgeni.usATlS.mp4,1hFj_rSPey9UfzG8rfuemvLk_FhNHGReg,https://geni.us/ATlS,1GQBo83rvmS5XL2tQpCkCFXKW--XKjtn-,SUCCESS
Meat Shredder httpsgeni.usjIBNt.mp4,1qZC3N62WpRUP3ncIX2ELhWA-4mi6Xb0V,https://geni.us/jIBNt,1lyrk6AMwYMif0Xlq7gqtanG3pOAuaqFQ,SUCCESS
Stove Covers httpsgeni.usJRVG.mp4,1a1MOIw974KRtx957YeYeIVqZPPItCZUW,https://geni.us/JRVG,1-6NiB4PaBnWlIHbAkKzLLCO1nLy8FD3K,SUCCESS
Clip Strainer httpsgeni.uss1q5.mp4,1A0oHdi1MLl0K-yOfq5zdRo-gb6s8hFhH,https://geni.us/s1q5,1GlSDWz2VcEmfj_ESNPVIfUxuNoFgh4Of,SUCCESS
Mooncake Press httpsgeni.usAlgz1Z3.mp4,1_7JIbqUzq3N72w9BdmOfjPpzk6sYrx1M,https://geni.us/Algz1Z3,1eM0nKyGFN0yh51-bYGH_MMK6dIwtX0jg,SUCCESS
Silicone Scraper httpsgeni.usJAmtbKe.mp4,1pMJsqCXF_2dRvb41_p2jw0DRo6O3Do9k,https://geni.us/JAmtbKe,1fVjGc3XN7ELAbvwPK2DuqiYpsDxwnFKz,SUCCESS
Food Shield httpsgeni.usXP1F.mp4,15E3FNr6uxANxNSsQPg9mnhM3kFf6o_jH,https://geni.us/XP1F,1tNbSpkriVcsIJMP-1DaAiwdX9NyEcAp0,SUCCESS
Rotating Tray httpsgeni.usx9EG.mp4,1sKt1MGfOKEBJ52Knn7NZZd-N_dxLCg35,https://geni.us/x9EG,1HCPm5nwLT9LQfuLvFbuRlNp1zpqq_RAc,SUCCESS
Drying Rack httpsgeni.us9EsVoA.mp4,12P3xAJeht47z8vYI7BvVLuctgXspPuJg,https://geni.us/9EsVoA,1NiP7L06jf3INnVOSACwSMYqPcGf9tdPq,SUCCESS
Fries Cutter httpsgeni.usb50hs.mp4,1eL6ywgb-vioKcLbiUwa5nKBZfmeaGAHj,https://geni.us/b50hs,1J-2ZimvjO04NrrHyHn33d33ystDYwgRQ,SUCCESS
Popcorn Maker httpsgeni.usBEW9yN.mp4,1V93MxB5BGtkIfbbsEdgnsvvCstzVYN0S,https://geni.us/BEW9yN,1R7mmVqnCu4kWG7Btb3kcPaoGODxT-h34,SUCCESS
Cherry Pitter httpsgeni.usvqDjFc.mp4,1kTiGC-UKqWHJUww_w8yauTVXdOjVY9N5,https://geni.us/vqDjFc,1J1ndtYqbdwV9zrQGSKV7FtAZFpxbO_jh,SUCCESS
Grain Dispenser httpsgeni.usWP609u9.mp4,1EaTpeBl2It7jv5Rxg0XuW0uXgu1-BVjX,https://geni.us/WP609u9,1eFLKR1pQNNlkuEuhE26G4U_NAPafUp2_,SUCCESS
Corn Peeler httpsgeni.usZpVWxB.mp4,10tQ7_brWULMzRlAXZPzmJ7wf1Np6Utxf,https://geni.us/ZpVWxB,1ztHUQWp8BSDIZYAqbouuK52NTxlAr4ma,SUCCESS
Oil Brush httpsgeni.usr393wAR.mp4,1T2blPSjPTOm_mZF2NoFSQc8pq46C4avm,https://geni.us/r393wAR,189kholkjRxPknKaIzBWnZcKdUsLOkZhS,SUCCESS
Spice Tower httpsgeni.uskEoBi.mp4,1rqEJB3ChVzcvH8Ew7cLmVXFl18VpsRzZ,https://geni.us/kEoBi,1Mere-gYZ4e_88X1Pr9AiuKTicn4MG_8X,SUCCESS
Auto Mixer httpsgeni.us3HFNp.mp4,1sFnHkHY9cE-BJW4czf4FL90kun4O8Ffb,https://geni.us/3HFNp,1aW1RTfZ5ch7sS3EPFDbOrv3gNPbzQ7Lb,SUCCESS
Heart Spoons httpsgeni.uspiRcv.mp4,1l9FZgQYlI2nGKsGv3z_gFmHd9OeU2b_i,https://geni.us/piRcv,15fFEqcZdFxAtNl-AoX8SH86vB0_ybUwK,SUCCESS
Snack Spinner httpsgeni.usJwtA.mp4,1XAlAPODmEQbl0kG7rSEqsRN-3NqbxjGC,https://geni.us/JwtA,1PQJay8X7-9vKhpgb54P29jkk8CXFVnLx,SUCCESS
Garlic Roller httpsgeni.usQX5iwC8.mp4,1Y3Q2TQUq1eMf5-YAYQ-hNZ8f9vWFGOGD,https://geni.us/QX5iwC8,1AEHR35n3_HMR5lKA539ZuC5oD3duLhZB,SUCCESS
Snack Clips httpsgeni.usJal9Td.mp4,1C5DE89zhxnr_RmnT5or-2xp4wnPWKlw0,https://geni.us/Jal9Td,1fFF1XCqebTW5vBibmofvEaoUyoaR75Iz,SUCCESS
Egg Keeper httpsgeni.usCK6sq2.mp4,1gzHTy9ptmkzD6g41EAR29EIEDbyhOeUz,https://geni.us/CK6sq2,1X6WUMKMjLbpDd4B3CUYdFPHtjiwXCHS9,SUCCESS
Fruit Holder httpsgeni.uso87av4T.mp4,1y14kG2A408vYanYUWoU_LOC1tOxR-bEk,https://geni.us/o87av4T,1GKslg-sUiwSy_5kl9kq63ihM-wGKr01U,SUCCESS
Seed Extractor httpsgeni.usQGtX.mp4,1yodnOCmghUOr04E5Qd3HGvibGR1u1TZy,https://geni.us/QGtX,1vMBph60Z8W7InEPF0LxyIRXLAPyKZ_va,SUCCESS
Egg Rings httpsgeni.ushKHq.mp4,1l-vGbJOPSmF_LNDjhkclHZ48VjTkLVmw,https://geni.us/hKHq,1XAgY5oJBrc1f2WzU3n43gq28JIJCOeyy,SUCCESS
Peeler Grater httpsgeni.us6uN4.mp4,1Z6_99S5xWB44KgxNTi2wCKgA6DUaUFwT,https://geni.us/6uN4,1ZBObnvFwLth_u0x84j-0pEcLSNgE5k8n,SUCCESS
Butter Slicer httpsgeni.usaLC3CA.mp4,1nL5QBdgiO5TXXmO_mUucqBhGkRlHPqAK,https://geni.us/aLC3CA,1sqoa1_Qv9lOoerM7YJGyN57U3xQAyDfN,SUCCESS
Fondue Set httpsgeni.usne0Qi.mp4,11tRC6hsUlhHhFYxiSCZO57thg9_6h5qh,https://geni.us/ne0Qi,1dfZRP528GDGOloLaiGLyCFo1UUgnd--0,SUCCESS
Snack Keeper httpsgeni.us114gAr.mp4,1sC9jQFVtGE_8DXFhsCQlRA93i0rzO5Zq,https://geni.us/114gAr,1r7VeOi4dLaZM9fiArGUQ6NLIKj4GYf59,SUCCESS
Cookie Press httpsgeni.usb5srgq7.mp4,1Ow7qDPOS1THHm6JOywruG59n_RJP7bLD,https://geni.us/b5srgq7,1FL3oA4UudRl5ix0nfjfA9ZxW1q5fMRJd,SUCCESS
Yolk Catcher httpsgeni.usPvCxek.mp4,1vUp0v0XXOWXagXbFIKKvF5G5h-AfYWwT,https://geni.us/PvCxek,1I0j89JoDSJWni56PDejqOcCvPT25q3UT,SUCCESS
Dip Clips httpsgeni.usAsFa.mp4,1tIs4VEMzKsnE-6052YcllYxu8BsZdKJa,https://geni.us/AsFa,104wIrzbrL_VYiZAqGqwBqfLyPf4hQ4D6,SUCCESS
Seasoning Jar httpsgeni.usF6yjRw.mp4,1Tp69b7MutyGy_2IG8VTvGRcJiw8aJC9p,https://geni.us/F6yjRw,14WaulMmFklrqbAdzBA3ye32pK0SSF4dR,SUCCESS
Splatter Guard httpsgeni.usT4DxBC.mp4,1oSTRgfsg7G1olaOemIEnKAkhkKu7MgrX,https://geni.us/T4DxBC,1e9WOhGvMSTmQuFg6BGCn3OgciyCeF2CO,SUCCESS
Magnetic Trivet httpsgeni.usIDnHe.mp4,1oKd_8zXw-DQ0nhWNmVADE0bf1trKRGwv,https://geni.us/IDnHe,11wc_srI2_ipz3PcCWVY76pcW8Plmlv4j,SUCCESS
Heated Scoop httpsgeni.usnj2WvB.mp4,1EA-nqCVPLf5DAq8LTgFUL5Fya13QBKeL,https://geni.us/nj2WvB,1_SWWPzuNRBT-gYQe5j5fiur1l2RFiucX,SUCCESS
Pizza Pack httpsgeni.usmNMedV.mp4,17qqWoFvFGHi-97nrFVFZg-0WxocNW2xZ,https://geni.us/mNMedV,1rwaTvgEciVMnRNGNbM9geQOhEnj1Ll2_,SUCCESS
Compact Chopper httpsgeni.usZ2DRpo.mp4,1MyaDEpoH6En-ckqIYoC68-AbpDL7knTm,https://geni.us/Z2DRpo,1sDfBvPQgyZNqTRL84O6SQFm6rIoUdFtQ,SUCCESS
Honey Dispenser httpsgeni.ussnNGJ3E.mp4,1JQUKxQLjEMsuIXqWMEVXWy-CdBnQIDZo,https://geni.us/snNGJ3E,1naD0DVdaC11hF2NyAMmqMLSaupQdoNyM,SUCCESS
Cupcake Maker httpsgeni.usZTw3.mp4,1OnMZceYnLl7WlEYIDSdGXEN-OJ8dBpse,https://geni.us/ZTw3,1bdvtCc5Mo3xTAUajiMcu-IFzh5INGgFu,SUCCESS
Grain Dispenser httpsgeni.usFNth.mp4,1fl-wpABTY0mEJZuO6b4V0maZIJJhXwcR,https://geni.us/FNth,1bhwUy3sJU5ZuFa_UsQlh8FZ6eApWrj1w,SUCCESS
Flip Jar httpsgeni.usBqrrt.mp4,1vePdR3nXWVwgfyI1ULVKVi47I04_02iW,https://geni.us/Bqrrt,1czCcnrszGTYlmgnpX7NSZjmAQLeumv5c,SUCCESS
Meat Slicer httpsgeni.us0KtsA.mp4,1apuF9hdcE7-FX0Zp1OyTGKSmniEXCoBM,https://geni.us/0KtsA,1qdU8iRZi5iSb4jeEcC11lrmJEw8czxWU,SUCCESS
Stable Board httpsgeni.usMHShjD4.mp4,1QVhVj-aX0KnN8os2W1acw6BcTyeQpaQU,https://geni.us/MHShjD4,1bmUQRSeXEdU-T9LwKHjz_m6det_2kBU3,SUCCESS
Stacked Utensils httpsgeni.us3zr54p.mp4,10hXzqs8CKW7N7D67BMJzuqlrGqT-yxie,https://geni.us/3zr54p,1jI0D2MfH-g38XZ2SI6fIdUERP4Rx_Unx,SUCCESS
Cereal Keeper httpsgeni.usVUOQ.mp4,1E5O8um1uRDzkJcthbdhFLa_6QLdGjiHx,https://geni.us/VUOQ,1lFMaORFi19ViXHuVHboWOVfYhbeOnmvm,SUCCESS
Jar Opener httpsgeni.us9SW4GWQ.mp4,16efUa8ORGk6BAJfTrsAJWzxD48POYdvP,https://geni.us/9SW4GWQ,19Tp-AOvbeMy40NHcIJDqaqD_HqkLOSIX,SUCCESS
Snack Slicer httpsgeni.usyTV1G8.mp4,1WlybrCgL56xZuNXLU43bIGqxGqEQW-g6,https://geni.us/yTV1G8,1ILX_g3QYGDzxoYooNH9s8LUTy3gFJtZu,SUCCESS
Counter Hood httpsgeni.ushPVW.mp4,1q8cX8OJAz1d3dP50ayoISnYjGGZ4ejMc,https://geni.us/hPVW,1UKqELdn23A-YwBBxUNgKfjp8HmRCySzE,SUCCESS
Overhead Tripod httpsgeni.us9QRe.mp4,1g9G56tmk5UnjQz5DKHipF8W3nmfucz0K,https://geni.us/9QRe,1X4LVinM7hk6Jlsw1JwJhChnLDxWEeGVx,SUCCESS
Pizza Cruster httpsgeni.us4pemxg.mp4,15G02Edl7zPOTn5umCqaeVHYCv3ZrRj9J,https://geni.us/4pemxg,1bhp4pLrdIZVmoS7_6gQUPCbDOJdMOjMU,SUCCESS
Hidden Shelf.mp4,1kfKhmSLyct2JCLvzpK3nUuX2cdit8cqe,NOT_FOUND,,SKIPPED
Pivot Ladder.mp4,1Jyt9JDmenjr9K7cKdSIoL0doI8jKApNV,NOT_FOUND,,SKIPPED
Underbed Lift.mp4,1i2OCBgiVPjqrWgCLJHcM8S5cX1xH4eJQ,NOT_FOUND,,SKIPPED
Bookshelf Door.mp4,1rRRf5A_xRCRpbRNLEksyoW2jJEegZyjN,NOT_FOUND,,SKIPPED
Sliding Panel.mp4,1-rx3cmy7K3BrjqdrRLCFuU-lGGNrFCpB,NOT_FOUND,,SKIPPED
Cloud Bed.mp4,1dmXlxZXWq3v9Fi27iIrmYeG7n6eS7kr6,NOT_FOUND,,SKIPPED
Storage Mirror.mp4,1MwySCsGUwkpUcxTM3Pfa4MMOyexqwxDj,NOT_FOUND,,SKIPPED
Bunk Sleeper.mp4,1jq3or4ojw52FU1loMzEwLRsHWtPK-kYB,NOT_FOUND,,SKIPPED
Adaptive Set.mp4,1HJz7DNpBm8UpR88nJR03__6znjPfb-9j,NOT_FOUND,,SKIPPED
Quadrondo Table.mp4,1LrTTRBUkQdCPcMbaxpBvSTOpyyahUqxs,NOT_FOUND,,SKIPPED
Treadmill Sofa.mp4,1g6NFxBenh0kk4FHQMOprQMVcuRs0R-sF,NOT_FOUND,,SKIPPED
Sliding Sofa.mp4,1_wswhPejHDIrLJL3oeUN549shQfUTGdx,NOT_FOUND,,SKIPPED
Secret Drawer.mp4,1GnFYi8a0LJRxl4XeCmwWK08a1ojkTip5,NOT_FOUND,,SKIPPED
Swivel Sofa.mp4,1LOqN98PvgtVsaX0Jf17N9Bh6VPl3NCoQ,NOT_FOUND,,SKIPPED
Rotating Workspace.mp4,1afw_aGBbBRD1UNHmNVrWmxVXxAv5Wr7U,NOT_FOUND,,SKIPPED
Vintage Desk.mp4,1eVF-BGoSkL2lw-BFH5chkdC7PfCD_bG8,NOT_FOUND,,SKIPPED
Counter Stairs.mp4,1r6hCHyQglyiYEBnDQdxTuvcNMcE2oLFf,NOT_FOUND,,SKIPPED
Shape Cart.mp4,1UY22mwb-ZQWQVE2UClFELnKzav48-0ZE,NOT_FOUND,,SKIPPED
Hidden Panel.mp4,1A7UDrQEuL7wE2PT1DynZ4VqUcjz6Zbq8,NOT_FOUND,,SKIPPED
Mirror Door.mp4,1heMk511tnWq0kwqcayxxex-oB9CJDUYB,NOT_FOUND,,SKIPPED
Secret Passage.mp4,1jQv1ezPAmFwwR39oF0wLdZrNEPxXVoll,NOT_FOUND,,SKIPPED
Pop Staircase.mp4,1JNmz4kmYJ3l61VErnmXtQgJNkgmHJIpl,NOT_FOUND,,SKIPPED
Transform Wall.mp4,11ehRGFvC1fI6D-vjpE1TgBQI935ubNdO,NOT_FOUND,,SKIPPED
Cozy Recliner.mp4,1GW-nGh8QhKwqLQyupx19AM7T5TN1snRy,NOT_FOUND,,SKIPPED
Fold Desk.mp4,1CI6A4fznZXjyf1o6Azc1CvuugkPBzta8,NOT_FOUND,,SKIPPED
Holiday Lantern.mp4,1Skn8-2blMozG5qbWRSIhb7_aSPqbpFKE,NOT_FOUND,,SKIPPED
Cozy Centerpiece.mp4,16xTJND3WeN1s1QXOlurAhm-83dwOLVCd,NOT_FOUND,,SKIPPED
Holiday Truck.mp4,1dIxDKRezsPMsKIwxN4uies38zkI450lp,NOT_FOUND,,SKIPPED
Santa Sleigh.mp4,1xAhS71DsZMeWjigqAnN4UhTkNGme9-ok,NOT_FOUND,,SKIPPED
Frosted Window.mp4,1iHVDA0m4LpLay_sVDisRZcJl_IkkpE8L,NOT_FOUND,,SKIPPED
Glowing Umbrella.mp4,1QJzZFwUjrz7kVEPReY8BVYYcd1hANxd4,NOT_FOUND,,SKIPPED
Polar Bears.mp4,1sDBUWkhFVNmZMXJHHkl_h1YoYEUze_7-,NOT_FOUND,,SKIPPED
Gingerbread Doormat.mp4,15ch9XV0ANe9fzP526xsycWx2_7VZouWl,NOT_FOUND,,SKIPPED
Crystal Icicles.mp4,1zSDm1YRG1bdERQXA6jyntOzZ0VTdQfo_,NOT_FOUND,,SKIPPED
Tree Mailbox.mp4,1l2SQ5Ki29DkGY9YJm1pXBjhPaYUCwg5_,NOT_FOUND,,SKIPPED
Snow Globe.mp4,1zfeE3bHC3CC3yTBOkEWGxuhzemqlBysD,NOT_FOUND,,SKIPPED
Giant Nutcracker.mp4,1egE_weDmmgEXCLsxPd1oesbfyCZQ5A2C,NOT_FOUND,,SKIPPED
Gift Topiary.mp4,1z6vRc99xuuWTNYjfEHF_0JSsH-ntvtcf,NOT_FOUND,,SKIPPED
Book Tree.mp4,1LAc3ilqUwfdvYuUbttbTxzD9m_L3Sbbc,NOT_FOUND,,SKIPPED
Santa Boots.mp4,1VTD9X0XG9OHdENohA05Pq8slVAI2EJc7,NOT_FOUND,,SKIPPED
Hot Cocoa.mp4,1T7Lxokv7j9BX9pG84UpNiUUUSsz6II6V,NOT_FOUND,,SKIPPED
Garden Arch.mp4,1ZIcUXpMOIiPQ_m_D2K3JQjV-tH_aa4wf,NOT_FOUND,,SKIPPED
Mini Wreaths.mp4,1HHIldMs-5lU5OG_Dn4pnJntFRfBGu77x,NOT_FOUND,,SKIPPED
Christmas Stockings.mp4,1z5AkACFzRq2rdaMah8ruGqG4-DAYlBuH,NOT_FOUND,,SKIPPED
Cardboard Fireplace.mp4,16W9Rh28w0yVQmKX29nwJYcfH3kmwc0zY,NOT_FOUND,,SKIPPED
Candy Canes.mp4,187mGJkINdBUslZdaSzgrzJB0TlREpvmA,NOT_FOUND,,SKIPPED
Festive Staircase.mp4,1u8cZNhrQRRi_jRwYcy1FAsbqxqF2wy-S,NOT_FOUND,,SKIPPED
Festive Ornaments.mp4,1-ZgsLMFmscXVj-nwdHv9GYGypRS6_TST,NOT_FOUND,,SKIPPED
Christmas Tent.mp4,1DbB8h9H8sGpc9e6OjYmaLm1SUBl4dgke,NOT_FOUND,,SKIPPED
Santa Lights.mp4,13gACRvSlnDVdEHdFFqRc6h_5B1WcHuY6,NOT_FOUND,,SKIPPED
Air Liner httpsgeni.ussWkE1.mp4,1tQtQCheRInmuEzQ6FHR2c6gUbFsMI_LB,https://geni.us/sWkE1,111dtd2lB0DbzLJuCB-KdpBtAxc5kALJH,SUCCESS
Basting Brush httpsgeni.uszOQd.mp4,1VAiBzJSlMKEWCwvEN9B1givSa4Eixdt7,https://geni.us/zOQd,1O4VvjaMc7P9AXjxczL8CxYH9siDA_ZaW,SUCCESS
Collapsible Liner httpsgeni.usfXjqq.mp4,1HE4K_TezAP7-5LVfrHiuPgH6rZVGFKDB,https://geni.us/fXjqq,19GsaqVHchTs8bAOFuL9UvZ0dU6HbiSbA,SUCCESS
Bread Rack httpsgeni.usYKCyXIY.mp4,1MOA_JPgaKUtTO-mf4DNHlQFqNGdSDWPA,https://geni.us/YKCyXIY,1DgrncNknlzU8suE425LaQLc92asFJwvu,SUCCESS
Disposable Liners httpsgeni.usY6e8z.mp4,1fql9d3j2MebmDsNU57BzgGFWNLHBh3d6,https://geni.us/Y6e8z,1_tIzXNv_apZkQ89KO1c2m1Ro3fs6v4i9,SUCCESS
Dual Racks httpsgeni.uscWtM1h.mp4,1FPB2A63KJO91DHFeLthHI5wVaU7ux9CZ,https://geni.us/cWtM1h,1iQ5bsJ9jGe4r_qOo3WmEjxad7KFGt5Sj,SUCCESS
Heat Pad httpsgeni.usgATCm.mp4,1wtcgxfzK-K-QaNq-UMTPDZqiOYzDEU1K,https://geni.us/gATCm,1Yke1ak0bCXDeC4glGrI8C7-DcRsY1tGm,SUCCESS
Mini Loaf httpsgeni.usxTVs.mp4,1DcgSnmajOvSwFuFPs1PCf6Ru3ezEn4qG,https://geni.us/xTVs,1v5n4MSV45tT31-y6IPwjxjd9Xd35qBwX,SUCCESS
Mini Mitts httpsgeni.us24HkowT.mp4,1ueJoLI7S33LgBg4CC8wku5PvnQTm4fm9,https://geni.us/24HkowT,19AnVPJR3-4Qn5XDgBY0ejze2w2Bn98n0,SUCCESS
Heat Tongs httpsgeni.usMmSi2yW.mp4,1ZWWeqXoU4BIAFHkETSmRDfWYiX37EXtL,https://geni.us/MmSi2yW,1q-zaf0ptSr2TAqwqrrVpW7S_NZdmwH8N,SUCCESS
Foil Liners httpsgeni.usUbUiZ.mp4,1UMfIcYpiatlg1ZrMI2sh1r6hM5Hp4quC,https://geni.us/UbUiZ,1I0AxLGGg1JOGqy0TQZx7igwz5q1C-eAs,SUCCESS
Instant Thermometer httpsgeni.usz9fkpz.mp4,11CtP1HiJqWmWF_Lz4YhOIA-2J0k2S7T7,https://geni.us/z9fkpz,1Z5phCeSncxaAtCJUe7kI0mU_8vPUEyuC,SUCCESS
Nonstick Spray httpsgeni.usDFiYRF.mp4,1jS0COXWrzsECIH1Y7pIS20dkgfUDo1BP,https://geni.us/DFiYRF,1X2RiMz2kO9uEU8g5ZW2yuvoYxsO44Hca,SUCCESS
Oil Mister httpsgeni.usLmjQMl.mp4,1uyIYe_I-l4d3QPSrOpbXOMcr-Erv1Kdo,https://geni.us/LmjQMl,1zcG40y7JEf5L2-xX5hIh5GujKHXmb9iU,SUCCESS
Plate Clip httpsgeni.usPIoaRGB.mp4,1EFR8VzoNEeXwiHIOM3T4D-dl5FrJvNSz,https://geni.us/PIoaRGB,1SdqZDJP3h6_CLN3Cua_u7jIibuC_hcpC,SUCCESS
Porcelain Cups httpsgeni.us5BUoc.mp4,1UJWQ7qzBnMBhKc8sn2dPlEnoIQKzxrVw,https://geni.us/5BUoc,1meE8xb4nFq--WqBMvJXFznUp08_WN3vf,SUCCESS
Silicone Molds httpsgeni.usgrB0BD.mp4,1zAMQJQ-qhhEHL2jXbAJbyr7mRZ5jKGQ3,https://geni.us/grB0BD,1hIFzwvGX391VE4y73LMStR8M2Fo5jo6f,SUCCESS
Quick Thermometer httpsgeni.usb1LBk7.mp4,1Fbf98GDPVSLfjG-Iolpj9Jt7kBA7jnPw,https://geni.us/b1LBk7,1aZYLyG7YH_KBdKcsyWq1Fl-XqXN9TP7j,SUCCESS
Silicone Cups httpsgeni.uswilwREh.mp4,1JlqncfwK0sOLOPtHsrrvfsSPx9bMi2a8,https://geni.us/wilwREh,1pcgjCzyLxeFTJgwxpIDnw9YuvaOLx5xj,SUCCESS
Reusable Liner httpsgeni.uso742x.mp4,1hR4ABUdkZMOtSLtZ95CtGGlPAnN_HhZD,https://geni.us/o742x,1U1_nlO27iaUu6Px8wtMegp6LcNErjMzR,SUCCESS
Silicone Trivets httpsgeni.us0Tt6glo.mp4,13xBdgNxiVm59z8XluWJG6ueqLyLmtlAj,https://geni.us/0Tt6glo,11dPqTzoybbWCV0Tmjc2Hqae6YP8Gw4-p,SUCCESS
Skewer Rack httpsgeni.usJD3ueJD.mp4,188QjW8-Ur0Hze6Io154_MwbkOJ6I5BDQ,https://geni.us/JD3ueJD,1iJ5creMsjPJiy512jG7qI6kNRpWz7sCD,SUCCESS
Stacking Baskets httpsgeni.uswMNeEE.mp4,1loXL7k6Mx891cPr5AERg1cgmIdy91iWh,https://geni.us/wMNeEE,1pa_yp-Sy7rJP7cPGQpR5rDLnIs4sw_64,SUCCESS
Bamboo Tray httpsgeni.usBqRzux.mp4,1XWuvICaTwSw4AIMZMEuJXoDQyZIw6eMh,https://geni.us/BqRzux,1emuc39HJTFl4D5lw1R0iO7WH7i-a_P7R,SUCCESS
Yin-Yang httpsgeni.usi2YLj.mp4,1KDzraWuyNy51ujBqpBMoZriI_STcK7Pq,https://geni.us/i2YLj,1u2DlMA-IY3-mh3wDEjaeiXQovnMN65Dn,SUCCESS
Marquetry Cabinet httpsgeni.usjn5p.mp4,1tl_KqHJzqgrEXJfHlOQBQ4w1XAgBZ7Ku,https://geni.us/jn5p,1YSoIrK-zS-JZzB5ye5Su3nJu7TUwrHM5,SUCCESS
Hydro Garden httpsgeni.uskJQPsIJ.mp4,183D21seSQ1UjGiT47uFx7Y1PSE5LpDyj,https://geni.us/kJQPsIJ,1BhUom9_dd52TIX1RCDOuVhGjQ5rSNW5r,SUCCESS
Rattan Fixture httpsgeni.usRIv9kM.mp4,1Khl1gfJLxe-g63bgOnuy-z1XLAGeU_Is,https://geni.us/RIv9kM,18XLJMyuNaRAJ1S9BROd3u7YNwFAJi7Bg,SUCCESS
Corner Shelf httpsgeni.us2MBuQ.mp4,1pYZkyBlNpgy_0ypsBwHCfCIWkmByJJJ4,https://geni.us/2MBuQ,1bUHee5LL14A_OZ4kvs6wJquN10maNwIZ,SUCCESS
Foldaway Table httpsgeni.usy9MXAz.mp4,1USqwhDV1mo3zpwr_xMgKalQ7fNgxaXWa,https://geni.us/y9MXAz,199JUJtNqANGHFl-uGmwucmRsuilqRlzd,SUCCESS
Rotating Bookshelf httpsgeni.usGHRj4m.mp4,1p-QvhSLYZsvy5YEp5QCsQe5BV-ateQpA,https://geni.us/GHRj4m,1RNjRq7Nu2p_AcKGuZhjUc1tXyUHpYduW,SUCCESS
Jelly Lamp httpsgeni.ustEZLeh.mp4,1eeOSguMOj6AzM-k84KIUlkgH2qanNcG7,https://geni.us/tEZLeh,1Rh7Y7lVMiI3C0j8BA-zG6sv_mtWf8Dmv,SUCCESS
S-Stand httpsgeni.usFjZFL.mp4,1kzY6F3M3CDmHtzVeBwND8X_2X0H-QN9x,https://geni.us/FjZFL,1oAJfHEPHTq1GuYNik2Kv1CuAJbmlA-kI,SUCCESS
Lift Table httpsgeni.ustoYqqN.mp4,1Va086vNY1rSwmFp0pGiTdPVeXJk7FklO,https://geni.us/toYqqN,1s5RsEkkifLcBS5Ut11CCE5-KV4EfxiG2,SUCCESS
Slim Cabinet httpsgeni.usVvBDe.mp4,1DWnoBjZnTEeLvuNoJDAv_IpujAbqoCEW,https://geni.us/VvBDe,1gn2b5e-EN2o4zfot9Sjvaw3f6jKlqUUP,SUCCESS
Arched Console httpsgeni.ushlZl3.mp4,1KxRa6SgOPfADUyLZZd-3Xi9G1W6NUwdO,https://geni.us/hlZl3,1of8MO5WGpxpNYaZEMpbLZTqzktjQ-fZq,SUCCESS
Shoe Cabinet httpsgeni.ushwfK.mp4,13m_zDcaQNNWFeWTAa25qneziKmKfbI-L,https://geni.us/hwfK,1cI4mB5jOLdHy4wp1ux6p5dKUU4g_oOdK,SUCCESS
Bed Desk httpsgeni.usXKHaD.mp4,1uzFvVm1pXapGEOZXKPSSBIPNLWdcF9p5,https://geni.us/XKHaD,1hnlmRzM-lJmeWR8Tk7Dh4rzlMfsRbj9O,SUCCESS
Folding Sleeper httpsgeni.uskaBQGeB.mp4,1OXwCFYJdc1cO36lKtCwEgtZOOf0ArBjC,https://geni.us/kaBQGeB,1fyNRvCWF_63ej5j41kTyMP6hDMdZVtgf,SUCCESS
Jewelry Spinner httpsgeni.us2olb2Y.mp4,1t_bJV3hIiOSQq4iN3BHYbCSfsogbU1Xy,https://geni.us/2olb2Y,19fWgvVg-_H1SmYxMQg8gKKxwAZDbyTNJ,SUCCESS
Desk Bed httpsgeni.usqXz3KUO.mp4,14FzGB7IocpDUXKsTGEg1xpKfIfoEoMof,https://geni.us/qXz3KUO,1p0lMMPrWgD8LmloLo_TsLYKY3NmppsJn,SUCCESS
Transform Sofa httpsgeni.usQ9Xrf.mp4,1_lYhYI61m8mKUZj0mhGjuDK9Ufj_7yXR,https://geni.us/Q9Xrf,1XQL1WQtvWhS8vgRkc_zxgRmCbvmgVthq,SUCCESS
Rotating Tower httpsgeni.usXJni.mp4,1WoUXSI16TCvrkAYx_llr1f8zI7jq01GJ,https://geni.us/XJni,1-ckrQuNrl-jEyChNDp2u1W7S2eXId654,SUCCESS
Smart Recliner httpsgeni.usZmJtk.mp4,1rfroQvj47Lp_n5HED-pIAffudVmij5mo,https://geni.us/ZmJtk,1fbIcYCklZTGJjCDVQkhFqgytb_cFi5tH,SUCCESS
Gaming Pod httpsgeni.usN8eub.mp4,1SaOq_cQrmXke1187WurED1KKqpLoX_AO,https://geni.us/N8eub,1OR2P_97YgJ_SjuuIdKe9gCnzty1dvOwk,SUCCESS
Extend Table httpsgeni.usAClbg.mp4,1I7e_bgy0WGur62aeNr8fKy-ByjfFL0JC,https://geni.us/AClbg,1oUUJAfw6Lc4Tj0CoX6KSxGRrUqD6eCmX,SUCCESS
Fold Desk httpsgeni.usv5lrZ.mp4,1dvc_hf0WGwaWaqvDgDmda79DZu25ZYLv,https://geni.us/v5lrZ,12bWG1VinlK6Y3Vvx93cJSoK3g1IUYroz,SUCCESS
Cosmic Chair httpsgeni.usCfvUKW.mp4,1AHhMyBbl2-2FUuDNuXbuIFBrmF4efejo,https://geni.us/CfvUKW,1jslL0OhGket8-Az0yqnju0uVTGlti10A,SUCCESS
Kong Sofa httpsgeni.ustnbcYB.mp4,1cK7maDjEb11n8926gOB4O1akoXfyUo61,https://geni.us/tnbcYB,1LTZzaRDmgg-fGzT7lUCkG_PRpSeSEXs4,SUCCESS
Charging Station httpsgeni.us50NAR.mp4,1yhfAeRkUTudILvyzYsXhO_AO8tgpYlPZ,https://geni.us/50NAR,1MVoNmBe7-3rZRCwla1pDcWbPnkjpCikm,SUCCESS
Fingerprint Lock httpsgeni.usyT6x.mp4,1dlkdivn_lQNb4d8BB1W1tuCYFD2uxMF7,https://geni.us/yT6x,1VVsWgo3a5dev40LXuXlWnhNyUtCBLr6E,SUCCESS
Jellyfish Diffuser httpsgeni.usqpd2.mp4,1CUpZ1-UgQo3HcYMPkVIdDwdcFIRVi4Dd,https://geni.us/qpd2,1JEDhbx2Zo7i-LXAAPISMrgYqqVXINaO7,SUCCESS
Food Savers httpsgeni.usdMHK58F.mp4,1X8gxQsi8uNPNf7zGb5dnlYD5hIXW98cg,https://geni.us/dMHK58F,16sIGScmBaV1F0KEJRUyZrgFqbHB9lOcN,SUCCESS
Emoji Clock httpsgeni.usuKo1DJ.mp4,1pcMgjUrEnEQMG-AKctn3rwrUkg_53jN6,https://geni.us/uKo1DJ,1B_VPwVVtLqn1KT50ogEN7wa2K6mJFZJe,SUCCESS
Foam Dispenser httpsgeni.usNaES98Y.mp4,1A3hKjpYXLFwodelQiBAlXJhBsupQBiwR,https://geni.us/NaES98Y,1aUQh2CX2oKrJ9c-dPAqsvT3AZMJOf-fn,SUCCESS
Chocolate Fountain httpsgeni.usSBrm8X3.mp4,1JCmu9a1CK3_YVsHKKQVDMEf7CQHQ4e_A,https://geni.us/SBrm8X3,1VzxhNI3zC1FfxAkxMGT3VHPg6FTm__Su,SUCCESS
AI Buddy httpsgeni.us6dI6UC.mp4,1-vgmOKgu9de1Y3e4wUkKM8sT2nmsB7Lp,https://geni.us/6dI6UC,1RFEa2IrZVos_tgW_AYO4j7dzZry_OcIT,SUCCESS
Cable Wrap httpsgeni.usEhXx.mp4,1LW7-NOie7wWo9o1Df46ayEYW4PwKcgAw,https://geni.us/EhXx,1rseQe3qj0Ao7dVAjzft6m_WocqrhCc4r,SUCCESS
Sunrise Clock httpsgeni.usweEBCqx.mp4,1Rtl1Uvi9TOGDFywCnOOi6Zk-XRNY77Xa,https://geni.us/weEBCqx,1k4r50Jpmf5X12yzz6Q0EtAG3wQ329PIa,SUCCESS
Robot Charger httpsgeni.usEoxYr78.mp4,114Q-avNZTRdfT1bwL0AIA5RrksmybPHu,https://geni.us/EoxYr78,1UHsOZDjzvZroKiLDW5cH36daMB0CL7hK,SUCCESS
Laser Keyboard httpsgeni.us2tXb9cO.mp4,1EeOkQpFC0tmoy6R3Xp1_gELBoId_UTcS,https://geni.us/2tXb9cO,1EFTH3FkG7uDPzadnV2JJgA1xMkKXnH0v,SUCCESS
Mini Dryer httpsgeni.us7x7qAi.mp4,1Y1GaqVaQ4-Lww2OL35jlCb5s9QXKnpC4,https://geni.us/7x7qAi,1LhAs4BgUYX6BaWNat8BtAswBPgQtRgqq,SUCCESS
Panda Light httpsgeni.usHB3e.mp4,1t--02JHzQKzXffdOvdGPFz9SWlS0xj1B,https://geni.us/HB3e,1E_rRNb5ULXQ6XMT8WfUR8BONPYUwl_ww,SUCCESS
Mirror Organizer httpsgeni.uslP7Nrvk.mp4,1GiuYXU0qXJ09f7X_q6lp3jLsPGMUC8jN,https://geni.us/lP7Nrvk,18YRfalVKGa5v9p0nMren2z14UwLJo5sA,SUCCESS
Mini Fridge httpsgeni.uscax7v.mp4,1W9gc-xnfDU3xWtehLJdOQhIcJ_QxFsoW,https://geni.us/cax7v,1biQw9qAriCOGT3ig3nTCCQOoSCEW7ZzD,SUCCESS
Wall Planter httpsgeni.usAn1VvcI.mp4,1qiM6RQTYnWyhf85rYvYLco1F0gj31SPv,https://geni.us/An1VvcI,1t2WE8Gwm7dROTRf_4lLj4y5QCPPY6SN3,SUCCESS
Sticker Printer httpsgeni.usXRRDSRB.mp4,1x6B9DeM871PcUYDwlE1oJTyN6MZpVoNg,https://geni.us/XRRDSRB,1wUyksaaulhFF8z5dRGgJkyHRPZIlA2gH,SUCCESS
Pixel Speaker httpsgeni.usE8SdQ.mp4,1lDA-RGRWfPvydcW50DCam7Of8SgYYR6_,https://geni.us/E8SdQ,14CZRlPc_o-6rLXhv37KNV-UzGRSz7vFx,SUCCESS
Drawing Robot httpsgeni.uszQ1BBt6.mp4,1lF7uxLt050YlLluNT7Z9g4rJXrg1MKiR,https://geni.us/zQ1BBt6,1zS4MpD17UmyVV8tgFJlzXxrjJmjPvUPk,SUCCESS
Smart Remote httpsgeni.usYr2Ad.mp4,1CIFy2S5luQZ_dlS7TlUxYxeuyrtif7OB,https://geni.us/Yr2Ad,1j5jmEpq69GAERlGJ_-hlVJY8OTUArfEE,SUCCESS
Turbofan Fan httpsgeni.ustWLf.mp4,1kVNG4Ak4WLP-rLktJGM5RJ8VPCCwVoIk,https://geni.us/tWLf,1GKTR9POIrKQQRZCIFNyD3a5aWAoiAPET,SUCCESS
Neck Massager httpsgeni.usbDQHWj.mp4,1-Zklc1xDaRFNEaCW9r-REBmSogOjSk2k,https://geni.us/bDQHWj,1zZOWpIeSSmEmBS-ievm1kB1tp9HivY50,SUCCESS
Vinyl Speaker httpsgeni.usQSLT.mp4,1V7ifadU_H3c5S09HFQuntF1xXc2LutAK,https://geni.us/QSLT,1BQD7wNlvCGPyBi2bR9J-nli7_zO_PKAR,SUCCESS
SousVide Cooker httpsgeni.usYLIfBQK.mp4,1LZbq3l4CHCUktvw8A6E8RtOT66edRxsk,https://geni.us/YLIfBQK,1M2gfNmVFSpmtSxsuA9meEI2JXo_-oDvP,SUCCESS
Bamboo Desk httpsgeni.usDYin1.mp4,1pnyg0-lrfBSg7HS_05Jy3DUah8uxoTjb,https://geni.us/DYin1,1AB_ofE5_uFN_ut_D9DXT0QRaF4I08cOX,SUCCESS
S-Bookcase httpsgeni.us02eh.mp4,1naPR0bufTLC0WuGFRiUCfNT32RMTKVWQ,https://geni.us/02eh,1-7HXvFiVTROqnstXrjWViudeXgszJHns,SUCCESS
Gaming Pod httpsgeni.us7oro.mp4,18s-_4E88M64ZrLaW44ViQcJ-NXqKuq_3,https://geni.us/7oro,1qOfpl2J-Uxv_JIECyefEMmsfBukAJaGu,SUCCESS
Rock Table httpsgeni.usauyA4lW.mp4,13TNYzJwbask0pAfJBRPAvfXHLj2m6eSO,https://geni.us/auyA4lW,173Rte9dBNA6iDqjqYl77T_iNQVTHvn4F,SUCCESS
Paper Stool httpsgeni.usp8bCs.mp4,15Ul93DLGfhhUdLWhsVu5o1_Zg5UP3EQ1,https://geni.us/p8bCs,1bzZKlu5VBlStrM4KBltpf7Q9ygRFzeAD,SUCCESS
Shoe Tower httpsgeni.us0zYQTk9.mp4,1lEhN9RTTKQkeXE1hnWWVGY_6_gnptvaC,https://geni.us/0zYQTk9,1pzFayZhcMf498iOt0BoZs4bQTFDd5Z7g,SUCCESS
Rolling Desk httpsgeni.usM9Ey2V.mp4,1bNjIvSZNPHq6relyH4WXRYCLmCsFTHFf,https://geni.us/M9Ey2V,1igp2l8yIO9_hNGqt7HKbGltRAZPJgvVM,SUCCESS
Thinker Lamp httpsgeni.ushtsovS.mp4,1lGQstl9yt1CqVpse8YRrTUjTqg7FRwLo,https://geni.us/htsovS,18Lqkya5YT6RO4-G69eNZs4ptzZVZ-oiB,SUCCESS
Corner Shelf httpsgeni.usmqyxU.mp4,1BW6InFzzgG8UgDcxceGXkvzP2oDcFO14,https://geni.us/mqyxU,18DEpJC4aa5gt7bHPZYZPs5qm1OoGtjKj,SUCCESS
Stacking Bowls httpsgeni.us4RyX1rV.mp4,1XrGrhTN7vM9F3dR_K-Y3mFtwUZIAT9ll,https://geni.us/4RyX1rV,1URBL0cpDCrqr14yinWjXykhAUDoba9Jf,SUCCESS
Zen Sandscape httpsgeni.usf9YSLTp.mp4,1gx3GR4V4IZgOVAwJRmlzj-jaGFNDL2Gd,https://geni.us/f9YSLTp,1hAdVD4znOcL5ERbwabfdHNIWVc2nKmHB,SUCCESS
Wall Sconce httpsgeni.useiuZFl.mp4,1zMTgEHIIPsF7zkC-Owa-n50PurbzCksx,https://geni.us/eiuZFl,1bTeH8eaXrb1R7cH_JrVnH9OuSGEaQ_jr,SUCCESS
Velvet Chair httpsgeni.usUnvnDK.mp4,1ERDMdku94KD4kJZAo30xu6WSYlP93F75,https://geni.us/UnvnDK,14igQLhKYWg4rovUl4YMkUaGDa5ISOtkq,SUCCESS
3D Panels httpsgeni.usG5b26k.mp4,1zy_Apn8zUwGp89eH4EQFQv9VRlrUVjM5,https://geni.us/G5b26k,1xOfvcRB6yO_axj4khq9VLlOXr8Erjw3r,SUCCESS
Corner Vanity httpsgeni.uss1srd.mp4,1hJeOet3jz-tnOn2ERQfXkYmPBBJvVRkj,https://geni.us/s1srd,1lT0qegXPfP80M8hsVQvx6HvgYrV55XR0,SUCCESS
Jewelry Armoire httpsgeni.usapdtz.mp4,1HjPup0eGWGeBg8KXSyu4Bw_tzQ3aVL-u,https://geni.us/apdtz,1cDeLfjPc9pkHv6P_J4NDc_xAlRsVa_6a,SUCCESS
Pumpkin Bean httpsgeni.usmXoAT.mp4,15dKF1C6GivPdK6efTY6EpXhFOwKEMo0J,https://geni.us/mXoAT,1On7eZW3CjWdg5LHmqDuaWHjOEDHDVXBj,SUCCESS
Rollaway Sofa httpsgeni.usBSRKBTN.mp4,1Y2_BoDGsuNIU56ep5MpB5SNfREQ5y6Of,https://geni.us/BSRKBTN,1Q883ygsi3DOeOHPgZ1ySZ1LNX1uTSo-R,SUCCESS
Smart Coffee httpsgeni.usJzoYadK.mp4,1XVzfIz7_7Naie4woC44_MWCbIiPDw9cZ,https://geni.us/JzoYadK,1u7HswfwWwR9uw9XsNdqdaRP_qtFfZ46p,SUCCESS
Folding Ottoman httpsgeni.usR7wWrDf.mp4,1O3qtl3IwWWJdJWRqz29FWY4i3b_RGi0S,https://geni.us/R7wWrDf,16sHRCizzccfYr9vEE3NysHYdROkI4bFv,SUCCESS
Clothes Folder httpsgeni.usxb89.mp4,1tDWafmombSt93ZyeH7BlFVCzrXtEinBT,https://geni.us/xb89,1JHTpkbVAbO9sMhJ-Rts-0PGvoe3RAG42,SUCCESS
Garden Glide httpsgeni.uskp3BU3.mp4,1BBRjSmpEfoUlpbs7iypjheGOjb5VVOXN,https://geni.us/kp3BU3,18bJnxSZTI3rHYvc6zdoQP6_luo4iO5g7,SUCCESS
Splash Haven httpsgeni.usjjCM7X.mp4,15p96AWy4TbemiRDy9Y1NUVXGXjd4kylE,https://geni.us/jjCM7X,1PiaL4aqLJeXzla8AyoFKd0oEMHzwSajL,SUCCESS
Steam Master httpsgeni.usnuugcD.mp4,1XZ40JK1fEdiSX4NiIN2tZujY5Dx73mX0,https://geni.us/nuugcD,1JHA5xxFTMor8JlDYMWx-N5q5XbXzFJ33,SUCCESS
Fur Rake httpsgeni.us0BzU5.mp4,1B_LSu93FTVDwuEDtGQPPJDka3PXKWM_b,https://geni.us/0BzU5,1tJu-1OjdKQbG2QFUyHtAXBp9UVuv8m2p,SUCCESS
Breeze Mate httpsgeni.usBelIlYt.mp4,1XZCXSbiYAOgLjQtigYeQcWva5aLCW2UB,https://geni.us/BelIlYt,1zLH5xQnV0XKrMD8cx-kiGNBoEfqmPbe3,SUCCESS
Shower Spin httpsgeni.usBGAmkME.mp4,1qfuav_xCgVyavN_95lrtYdBKnct8NsV3,https://geni.us/BGAmkME,1fkGrShx3yQf02em8EoPyewS72ZRX8APt,SUCCESS
Quick Swipe httpsgeni.usgsuYD.mp4,1TalfaS3TQL467VI_00LiybfFUjpVhR9H,https://geni.us/gsuYD,1yiw67UvZDq4kOUF-d_G6ObUe8e-HFzr1,SUCCESS
Smart Sink httpsgeni.usJmv1vPV.mp4,1PXQNN3eUmewfxC47qA11-jw43VdWjeT1,https://geni.us/Jmv1vPV,1EPGY6jFeNlQ_ovKJOQ8j-pwndmVqr_Uj,SUCCESS
Dessert Genie httpsgeni.usmAKbPQ.mp4,1HnzyB1XXvVGoWCJlbRQzrgl5kCLE9ZR_,https://geni.us/mAKbPQ,1VJ1NqgtT6MTmAv9LrnTj7FDa66wU50SQ,SUCCESS
Muscle Pulse httpsgeni.usU8or.mp4,13snySpF-NG8YLt7Jw2Arh1fFUhbe9HIA,https://geni.us/U8or,1cMv15lLF4n6kbxCLrsJGlm_QX-W39tDI,SUCCESS
Foot Oasis httpsgeni.usJAI91v6.mp4,1hA4mt1ylh7l-Zu-VjsopZWovQki_j9oI,https://geni.us/JAI91v6,1PvYQbKW86U-hv_oO5utuglx5lg47mqWV,SUCCESS
Scalp Bliss httpsgeni.usDXpfg3.mp4,16BbC5Thd228WX2oR2DT-_jnwcCJPMXRt,https://geni.us/DXpfg3,1Fl-OBc9uZ6obyEWDb3_clCWL7VNEub-7,SUCCESS
Facial Mist httpsgeni.usImlW.mp4,1oWNEvZBSTsO04J6V9h6Ku-0WAaMvuFX-,https://geni.us/ImlW,1mxE9ep56tfrlPO5CLjfs1hllX22ED8oU,SUCCESS
Litter Buddy httpsgeni.usB0g6v.mp4,1ENtoRlemth1fkWQzd1o6Gkg6qCk1ecID,https://geni.us/B0g6v,1X_74B4yMInNWI_WAlN7Z7tM6H3LWf3wt,SUCCESS
Slim Storage httpsgeni.ushNdl.mp4,1lA7XgT9bZ-3KJacBQGZpqt9KzLbMrZqp,https://geni.us/hNdl,1gM4i1dse41H-MXeLvqjniDslJHMo4FpH,SUCCESS
Aroma Drive httpsgeni.usuTJxhk.mp4,1mVJ5rmPKJctOkuPR_zk9iHnjC1xdNzgW,https://geni.us/uTJxhk,1KVuw-CfnrjLiiC_FU8USJHsq-g8XlW04,SUCCESS
Charge Hub httpsgeni.usWXhk6.mp4,1Jsg54KqnkTvs2CBhR3n1UJ130JCJJ1NE,https://geni.us/WXhk6,1QFHPbJNI-5TKvGGdYwDvYLWBKEym6v6h,SUCCESS
Tower Cool httpsgeni.usGqcszaS.mp4,1QzT6QenQTtsc1hGUpdaRomkSOvCLRYx7,https://geni.us/GqcszaS,10TrxHvpveVS97pA8SGD38i05tBeQx1q5,SUCCESS
Heat Mat httpsgeni.usdk23R.mp4,1mW98FZvg8pjl30nOlevFtLJZ7qH8IXhW,https://geni.us/dk23R,1cLX4rUzimQU-3MxGxwAkMIfWmpxbMBYG,SUCCESS
Smoke Guard httpsgeni.useAbAK7n.mp4,1eInSGh8UP-itvaE_gN6OfZU9Srj6BL2_,https://geni.us/eAbAK7n,1-NRiRosLmHaCXnNejZbYlfB6puFogq5D,SUCCESS
Frame Tracker httpsgeni.usQ0d31o.mp4,11jQ-Q2qhD0rKhy0f_nzyzu3-rcW1NXkI,https://geni.us/Q0d31o,1a4C3YFj81waN3YdvNeRfbI5OyEiw6tay,SUCCESS
Herb Haven httpsgeni.us18gld.mp4,1wJf2NgK26zVlVbZ_p9G6RzRGzU6jQN8y,https://geni.us/18gld,1X5rBFaMxkl5wpnSM9jgLt3V0AccOEM5O,SUCCESS
Clothes Dryer httpsgeni.usZGgABdl.mp4,1YfGZ-mnqVQ3XTQpeaCakXIU5H5hQsKLY,https://geni.us/ZGgABdl,18q_MLotKr5soMNmmfLnP7fXGT-eIy4vg,SUCCESS
C-Table httpsgeni.usj2bW.mp4,13E_I0yGVD0Mq4A__tRNYInRFmJzedZvi,https://geni.us/j2bW,1u7FvB1AmtsFExQgOUqYVdoQGNu88dnbC,SUCCESS
Flower Lamp httpsgeni.usP0rbL.mp4,15n09N_gcuZoUWH01X0MPNg_xVVOSAULr,https://geni.us/P0rbL,13b6LUKffEc5eCzAFZ_Y_mNBIur_GafFU,SUCCESS
Corner Shelf httpsgeni.usiZ6s.mp4,1LVZP-1Qp3EHKNzJJtGKEl_8KUXQY2gUq,https://geni.us/iZ6s,1RE4e_TQ5WR10kyJbOw5GnazXJS3YmCTn,SUCCESS
Cloud Lounger httpsgeni.usWTBKxBA.mp4,1eGQ7X6AcCFb_AlJBy9cQKqzbyw94wJwJ,https://geni.us/WTBKxBA,1MEeMwb5MI6bU_kHUG252Gn80TXMo0VtL,SUCCESS
Fire Diffuser httpsgeni.usqh35dqB.mp4,1XDEVpTHwRITC8MGEiTEdOTVgGudYJkre,https://geni.us/qh35dqB,1_4g7LvJ0wGAnByRZo4sc9PAiTEWW83UU,SUCCESS
Spotlight Lights httpsgeni.usRr1q.mp4,1h07T-VjGQI_y1m7eWkjmgImvbJr8PCPv,https://geni.us/Rr1q,1AiyCY7KQy6nXW9HxtZSsMnbN1or-nA4S,SUCCESS
Door Stopper httpsgeni.us61ZX.mp4,1AHoQ96SRBGX8VK68l9RSKzwQfabAUqLQ,https://geni.us/61ZX,1cm0tE_xx_LaR8XquXM-iVDniNDZR6wlC,SUCCESS
Swivel Chair httpsgeni.usCegIPJe.mp4,1GrHFmEdNDzv5n-jZDiYPBGmHdMz089Bt,https://geni.us/CegIPJe,1Dmw7id4T9CbCMceNbhW_r3CLCyWdgak8,SUCCESS
Rotating Stand httpsgeni.usMWHgwbf.mp4,1AWU9d4Ke9JO5jKkhjKNWGaNRqguHI2tZ,https://geni.us/MWHgwbf,1E262OqZ58CfgrfaHhz-ELp_n-DDbLyHY,SUCCESS
Pilates Board httpsgeni.us7DmkQR.mp4,1CJ_Ln8v5iTQp2PWFltsmS1veistqWjB5,https://geni.us/7DmkQR,1YjgAANv3Zwvke9R83uhTwRYa2oXpUQLr,SUCCESS
Pants Hanger httpsgeni.uszpVlZyQ.mp4,1caBbcZ9Q4wAvE_semJHoPidUCCJYMkCG,https://geni.us/zpVlZyQ,1z7NxPmelvQ1o79n22VOSzrATrprdTpCD,SUCCESS
Speaker Table httpsgeni.usqer4.mp4,1VNJGb7OxPyx6GXFaazxjbS48HELCfsD0,https://geni.us/qer4,1qHY7LTOfESJYTWXSCdoY3buageVuzqDG,SUCCESS
Aroma Lamp httpsgeni.usSRLPd.mp4,1xnN32CXIvY-WhKjCKL5Ib1AAsKCxajbC,https://geni.us/SRLPd,1t91YEctjSiX3evwhqDBVoC8ODt-uwTHj,SUCCESS
Iron Hanger httpsgeni.usKwi7eqb.mp4,1rDOlSRBRUwlvvVfAySY9X2OuS_WM8E_q,https://geni.us/Kwi7eqb,1DM3Eg2hYMuQzKFgXFhF8g4DLnsEp7xQ0,SUCCESS
Book Lamp httpsgeni.usj6e0Mmo.mp4,1z-QRuRsvA2hO1NRIr7AA_ftQOGDNx0RB,https://geni.us/j6e0Mmo,1229Ya8Vk6Ao7l8zsyd5Cyu6VaVxSMvm_,SUCCESS
Portable Projector httpsgeni.usxK9fOK4.mp4,1UsClw2NAuqWLQb-o_q21fGTh3WeAy-PH,https://geni.us/xK9fOK4,1ikl__9ZLsCTIxn_cNRG51PTHM2loLyyC,SUCCESS
Lift Table httpsgeni.us55fa9y.mp4,1-YwhNHBt6UD01pisYEoDmf-fw84cT1IX,https://geni.us/55fa9y,1CBHtnlD6N633BQrbN_6FBu2P-xQiWTp3,SUCCESS
Laundry Hamper httpsgeni.us6JNqF.mp4,1nYHD7ALn4mXZS320L1O_ny3oZT4g_dz8,https://geni.us/6JNqF,1YrhF7Rsunbed-cey_qq8Kmc-8NI8Ab9G,SUCCESS
Drying Mat httpsgeni.usnApXUA7.mp4,17IF-zUH_6OT-KDgnjh85GGvUuWQ2wKbd,https://geni.us/nApXUA7,1IzajcdLqYeufeTGrUtPiZNZPk7j0lz9J,SUCCESS
Entry Cabinet httpsgeni.us4qvwu.mp4,1GDHP_fE6M5NfibEQmaOBmZMgSBK1lbWf,https://geni.us/4qvwu,1jENEo03AyfNwHgT7a4SZMqDmbg8glZDn,SUCCESS
Cable Box httpsgeni.usUUgeDU.mp4,19djTioNrGz9WDxQGjpsMYPP3Nyh0rLnV,https://geni.us/UUgeDU,1BCgP8RABw-O8_6UoN4JvV2p6kvpQNI2R,SUCCESS
Coffee Table httpsgeni.us0IgQj5C.mp4,1oqwjJ9F-09W4blHwHgbI4E4z_fBz-rGH,https://geni.us/0IgQj5C,1AA96zABtdEJ0tOrja7Ya4g6JBacyf_ju,SUCCESS
Shoe Spinner httpsgeni.usruB4AUk.mp4,1bX-GHww7TsLdWXpqmWiKvW4gUYCwBAKZ,https://geni.us/ruB4AUk,19SZa1e1kySf7wUndxyDV_X-xrGYnonZM,SUCCESS
Gaming Pod httpsgeni.usgrLA7tz.mp4,1f6HgTygbhiTiW_xLsMvRbsHSn7kALkFg,https://geni.us/grLA7tz,1i2odgl5PBKyCHn3TXWJFlpQCtfUvIKF2,SUCCESS
Folding Lounger httpsgeni.usDaAAEa.mp4,1SHqqkteJuDl7sVB5vLaiAaBB_BEGz0s7,https://geni.us/DaAAEa,,UPLOAD_FAILED
Mini Washer httpsgeni.usfQe7B.mp4,1ao38L4aUEwb_jNRves1Cjri5xo7BWGtu,https://geni.us/fQe7B,1HDSXIdY0-xGcPMVNtVAvUcWCFwmpd8sU,SUCCESS
Magnetic Cup httpsgeni.us1GsjMT.mp4,1OsXhu66KS_O6UGKwn4MQMoPDtXhFCWNg,https://geni.us/1GsjMT,1WWksfw9TkfvD3Tok4JULwGavmJoJLjYM,SUCCESS
Ice Maker httpsgeni.usWHfW7.mp4,1eVDaUiE0GbOCb9vFI1tun_QG9BKFqr_B,https://geni.us/WHfW7,16uSpr1W5VO7Kon2IxLRvg6CndN8PXF4T,SUCCESS
C-Table httpsgeni.us4RJS.mp4,1uDABxVmzQJ1FUEfbP4Zg1Hw9dU_Mkn9s,https://geni.us/4RJS,1tDFHuZNhP52KYGR_8bWJZ0wuTbw4UeoD,SUCCESS
Foldable Rack httpsgeni.uskAshYb.mp4,1gjCgj3hmO_V3gztGd8l6IfJsfdnCUWho,https://geni.us/kAshYb,1ebYkXKf2mBcCjuxke9JjmiPEhneWv7bE,SUCCESS
Inflatable Tent httpsgeni.use7AQKT0.mp4,1vD-96Sq9lUGa_2nRecCovrxbsXSsFBFU,https://geni.us/e7AQKT0,1Wmx_msuLjBJHXozFM5QJ1RnJOjMLySbt,SUCCESS
Jelly Bed httpsgeni.usaBJBB.mp4,1Ay62GErDzdt3YgN4qZIjPd4EHh2C-CGs,https://geni.us/aBJBB,1fmHA4mc_hFHtDfuyW5CQmtfiz2Q8ZPiN,SUCCESS
Adhesive Holder httpsgeni.usw4lH.mp4,1xkw4T0V2ioNZbrOPZM9oRTRisSmszua0,https://geni.us/w4lH,192Ju1xv1H2GGRSguAY27MiLowmAm_E4j,SUCCESS
Electric Lunchbox httpsgeni.usRdXf.mp4,1v7MNcDZn_vhGSnULlM1PrWNTnboQsyKN,https://geni.us/RdXf,17ZSDT6KOLM8FVN4hZHFDlGaWAoTv44vu,SUCCESS
Bedside Lamp httpsgeni.us5By7Bv.mp4,1dRK8WI9ZRz0-bEZZDp-YFVLsPZNgCQxe,https://geni.us/5By7Bv,1WAo3Yxt7wAYbsnLyVxcohsTuohWqf_RH,SUCCESS
Gaming Pad httpsgeni.useknFCLU.mp4,1xZ44-sHues9-3bH4Y8nXGMAtoLILhE6c,https://geni.us/eknFCLU,1NH4xyG4NFjn8jumC_q0G1Al8mFDDf7GC,SUCCESS
Hand Steamer httpsgeni.usVCiAm.mp4,1v_CYeRkE4DHI9I1ol9r941-Cd_lAt8dj,https://geni.us/VCiAm,16t2kjVEPHO6NiqIaXGGgehy2zeGO2WqX,SUCCESS
Towel Holder httpsgeni.us3gGdGle.mp4,1KeXJf9joLuHWgOTYvLO0R3nziHGlTNmI,https://geni.us/3gGdGle,1q_PBzX0CLIPz8fHC96FTooP9tehq3enP,SUCCESS
Toothbrush Station httpsgeni.usVBsTE.mp4,1Pj_R0eFAlBZNHPC28k9NomlJyG02xpTj,https://geni.us/VBsTE,1KUEB1PpWq21IGURKgXFDY-iKp5XxmCyc,SUCCESS
Murphy Desk httpsgeni.usUAh33c.mp4,1uYjMx61OEnncs518WKyXWqp0KYkx2IFO,https://geni.us/UAh33c,1HS-wGsrze7AjPzq0bRhqHttv0mfyB8P9,SUCCESS
Umbrella Humidifier httpsgeni.uswFNtaTE.mp4,11rf3g-1iGsoyiUDadjUvGADjvcmghSFY,https://geni.us/wFNtaTE,1omw4HDubxHne3ojrNJWvASn4KaPw493j,SUCCESS
Smart Nightstand httpsgeni.usHeGns.mp4,1Yn9YRp1EY9dm8fVK9KA0S3EgGImGXhTC,https://geni.us/HeGns,18IUI95S-bR3zU-TszpCM4Oz2m6bkqVBf,SUCCESS
Shoe Dispenser httpsgeni.usWsdZoa.mp4,1sRkP1eY98In4B8nt_tAlUimBFEFAM81P,https://geni.us/WsdZoa,1a4ZY-cQUpgnKJMNsJMT1YEjVWc7Vszii,SUCCESS
Rolling Crate httpsgeni.uskONGO.mp4,1YHP9C7VBVQAUIPynZ2nUPwqh4HEt1d57,https://geni.us/kONGO,1bjqHKX3Iyov7n7BlYZOz1IofX_gxhUcj,SUCCESS
Reading Pillow httpsgeni.usLrbEAk.mp4,1szZiTGKRREx2lrasRLFJpZ4e64WQnLru,https://geni.us/LrbEAk,1Ddoj9pVJlRP3yq0bg8cmuKFbor3RR63A,SUCCESS
Phone Holder httpsgeni.usUtc9W.mp4,1MP4XcWfFiaj4EsH9UnDnmWapp32Cufig,https://geni.us/Utc9W,1D90IhMPKPE9_VfkWSyQKxhpdHBhGr_CC,SUCCESS
Pear Light httpsgeni.uswRwt.mp4,1QtNuH__iesECCO69DoYXIvpLdWduOHBa,https://geni.us/wRwt,1s-tuR4RnusXXOGZ7BAYhiSPkgCHYr4S2,SUCCESS
Self-Cleaner httpsgeni.usWBrT1V.mp4,1B4E2QS1vNcsqa5QhIB4pJn_OKskqHAhY,https://geni.us/WBrT1V,1RNou_CH5a1KTnK4Scq_t2IkOtkxyUThi,SUCCESS
Air Duster httpsgeni.usPsvA.mp4,1XpThlu8NZkKEIVxzZ9ouAjFjb-epc-bo,https://geni.us/PsvA,1oRDaOj-04ZETEBclPN7jb-xoXFvZZZEA,SUCCESS
Volcano Diffuser httpsgeni.usQlT0TYC.mp4,1I1YYCICyagvVjtWbEX8T4tE1k6wSDyNN,https://geni.us/QlT0TYC,1c1WH_m4RovnyuaBJb7QNBpSXGaA-pWbn,SUCCESS
Mirror Lights httpsgeni.us6d66xb.mp4,1uMrhdeS4mLfXyq6RcXurQpp2RSrkosha,https://geni.us/6d66xb,1Sgj6Tf9kU8J0kV7Ufs1RcZc1fObP4gNE,SUCCESS
Snow Blower httpsgeni.usHc64.mp4,1f_SGVn7ntlxgYD7EAPEcDgqpAA9X14xJ,https://geni.us/Hc64,1FwlzHNlFvW7jKrM67_8Opfy8v597RcJR,SUCCESS
Snow Sweeper httpsgeni.us4OHIw.mp4,1jRvLGWiQRBzi5VTc56y-za6MX26Onxyq,https://geni.us/4OHIw,1pmcjICWD9sqo5Yv-rR0brHKGUG-GURhb,SUCCESS
Snow Molds httpsgeni.uszJ7D.mp4,1ERr8W7TfVbfS-vZlWcepfk1pJMBoUff3,https://geni.us/zJ7D,1SruCnaJaYZUOC3ncpMqPLF5HIvjBreoz,SUCCESS
Snow Blaster httpsgeni.ustzSYr.mp4,1KHn2EhAbcRCk2sDhYepsBHECRqni30rh,https://geni.us/tzSYr,1cYbOI61For2F8Z5cjBrG8nyWUZVbmxzX,SUCCESS
Power Mixer httpsgeni.us5QhsX.mp4,1tvErQ6SZF-kKzXeoVWsgYn_9-QLbT8HK,https://geni.us/5QhsX,1vbIOsiY3TQZnoZj290htigDcPvi-Dxog,SUCCESS
Hanging Pod httpsgeni.us5goDU3w.mp4,10urnoAOK8cw7aDqw5s53JNl-K7wAkwPt,https://geni.us/5goDU3w,1_I7Htydu30KHvMBVKETUCKeiHxTMj2JQ,SUCCESS
Cookie Press httpsgeni.usA7UZkMw.mp4,1a_qoMvM3mjwrF2gmPYhPJ9eb1yXzVjtc,https://geni.us/A7UZkMw,1Tb-68BiBdenlNNR0Pm2H693jvQ8vvX5M,SUCCESS
LED Tree httpsgeni.usFyRlVD.mp4,1RzSAS0XHTyr5txYkT7AdLaNpWd0Je-47,https://geni.us/FyRlVD,1F5lhKkPkKOo4CIxThAlCZtT3awCErQ0C,SUCCESS
Holiday Train httpsgeni.usFZ4rA.mp4,1kEYanzP1cZTTh9vxqp9fRH6tsU7OkaVY,https://geni.us/FZ4rA,1SI45Kg8uWB9HtTTkLH0NT1sKxLke2gq1,SUCCESS
Remote Outlet httpsgeni.us1Ufyh.mp4,1euK-l446e59Lcqbeyw-GFemdLpPf1jCk,https://geni.us/1Ufyh,1g31ACBOaQZRSuWMYinbIp68RR9yesNx8,SUCCESS
Wrapping Clamps httpsgeni.usTXi0SQ.mp4,11ViNePrcRqblRZ3aQibErzY9ByJaZFOi,https://geni.us/TXi0SQ,1NBzbjLwBpDPIlQmzGupAvDNPMXnhP2h2,SUCCESS
LED Strings httpsgeni.us9eD5sD.mp4,1JH4Y1mBRJ3TlYfDLRqtwNPvH1evei1fx,https://geni.us/9eD5sD,1XFreZ7jKruTbESYj4-a8Ao121fZBLIY7,SUCCESS
Snowball Kit httpsgeni.ushqxWf.mp4,193ZroorMTYMIHXZMgFbKhzkdumycvhIE,https://geni.us/hqxWf,18_pBct4hhkbf0nESRorGmwI8Po-OHDxg,SUCCESS
Hologram Fan httpsgeni.usZ37BqIq.mp4,1CR5dqmPtV6anlipl9YbdCIJCKfF1cW0U,https://geni.us/Z37BqIq,154PRDlUXUqddHd0gzoVaFBUZujgOgPIo,SUCCESS
Solar Santa httpsgeni.usT4Zi8G.mp4,1qXqzx3DP72-LvWfnKXpRUyyk7rt0xKgJ,https://geni.us/T4Zi8G,1ljk4JXwIPwMyUxq0-z0aKW6FZ5Er5XXZ,SUCCESS
Pop-Up Tree httpsgeni.usEgkAMm.mp4,1kRA4EtXCgGVbQK8ETL_c0NrdcZlDXbFC,https://geni.us/EgkAMm,1KefKcjdMBLw-66KXR1cxOytRbyxyRIUS,SUCCESS
Waffle Maker httpsgeni.usICDENI.mp4,1KcAl4aqJtpgRs_1Co-aImOEFolMm2RiL,https://geni.us/ICDENI,15EJ71hKQDmlmncjVziLAidDRQ91Oss_E,SUCCESS
Climbing Santa httpsgeni.usK4BAGV.mp4,1IszzWzV74fevy4JaX8_SAPVWiCfeGI20,https://geni.us/K4BAGV,19dCBqwUDvCGLqKrxGXbsqwu7zRUzbbdR,SUCCESS
Snow Buster httpsgeni.usiZT62.mp4,15Uf8_s5t4zrG_HNWYJ-2AAzCeOwZlh1w,https://geni.us/iZT62,1km8JUql_oipHHkZENpX64xhg-j3dK5Pj,SUCCESS
TreeKeeper Organizer httpsgeni.uspTaL.mp4,1Qq4pQ6V0cysKg9UwsfYMkwrWj4Jjw_y4,https://geni.us/pTaL,1XwrhT25M5BKaVqcDRjGh_6b-Kxpo5lE5,SUCCESS
Traction Cleats httpsgeni.usTjLAN9.mp4,1F9v5xACBKlhGeiUkmJlh8tXoM7umcNhr,https://geni.us/TjLAN9,13XW_5CNPA9yZqYwDXLHcm7kjLXESX2FB,SUCCESS
Cat House httpsgeni.usMpHo8V.mp4,12ZZRO0HR9mSVknQTwV6ajlVaM1HPEoSw,https://geni.us/MpHo8V,1inkwgnoyuIpvDTYeWty_l1wg69rk7Vj0,SUCCESS
Turkey Lifter httpsgeni.usUvByo.mp4,1giKpYACbCgRkPpjoJxQLlR9hl6Vrl-C2,https://geni.us/UvByo,1lo__0PiVW2aied552YnIVYevRMbnx67O,SUCCESS
Label Maker httpsgeni.usOG9py.mp4,1Tdr8ENLeia8Hbe4S2E8hfETEJUmx7xTP,https://geni.us/OG9py,1W88hAkElpcCI_edcR6KdNHJjndv0-fzD,SUCCESS
Label Printer httpsgeni.uskMSHpC.mp4,1N-fzHw-8gOMZyQE20bB5HG2By0OHz8vr,https://geni.us/kMSHpC,1JeLrERgG6J8QVQnKlUwGlHdWx0PqvbEC,SUCCESS
Grain Spinner httpsgeni.usGfRRF.mp4,1MIna-sH3kQHrYGAsBF5Y0Rpub8V3iPhW,https://geni.us/GfRRF,1LRU9-CSxSlpzlJ7bNUa_oTTyV_ap0mdc,SUCCESS
Robot Cleaner httpsgeni.usHXJSeaY.mp4,11ivdUwu3i_c_mDbYW4L_T8q7qF9WYBu1,https://geni.us/HXJSeaY,1d8EPcKoKIYh_d_ZzoX9U1ZfEiLDUA7Tk,SUCCESS
Compost Tumbler httpsgeni.us1GFR3H.mp4,1ZMiXGJds0cGQ7RjmO7y7ORji_0fCxDYH,https://geni.us/1GFR3H,17YshBgFrKY8Zziw3gRJyRDcFoUj4mWMs,SUCCESS
Inflatable Sofa httpsgeni.usB1i5T.mp4,1KxlmitF9Bq3LiKorShl-203ArhWJI0I-,https://geni.us/B1i5T,1OCnjMScV2F2W8oPfbpuxN4HucX8JB6tp,SUCCESS
Page Turner httpsgeni.ussXa3AX.mp4,15prF8OdF8VeFz_1ghtq5dcNMdCjOylI-,https://geni.us/sXa3AX,15imuOPlb4mvOO2fJ4VoWr0rdj8wfQMBO,SUCCESS
Glass Cooker httpsgeni.usz1t5.mp4,1ibkE36T9-_AkScLyFNLrbT1sdiRUiNeA,https://geni.us/z1t5,1xwm5LXYhJRFKI64IajiOadwsQLuDYGlZ,SUCCESS
Cold Therapy httpsgeni.us891tYE.mp4,1szAew0szFzVOEOOqSAsGBId8Mv5UV7Fi,https://geni.us/891tYE,1PtqJhKP8yQ_9Grb-xDPCNsst5ypJg7Jh,SUCCESS
Jellyfish Lamp httpsgeni.usZAfAOO.mp4,16xqYBXxTFBieHylyE6johjxl_VKQppOc,https://geni.us/ZAfAOO,1vGMX2fviHpSCNvVKLMdPeSCAZoiTSGDd,SUCCESS
Clothes Steamer httpsgeni.usBfAOz.mp4,1sOta4UL1RRASU-NJSWMm2_-PqqPuLyEe,https://geni.us/BfAOz,1l0ueFAs-si-KqDP_fcseiZ5pSB0PI4TY,SUCCESS
Hair Brush httpsgeni.usHfpaX.mp4,18wbUak-4uSmE4Dqz1uSKePkM3EtnBsUR,https://geni.us/HfpaX,1pvye56MyR7gapelGUJ483vKyzHIi765e,SUCCESS
Bedside Lamp httpsgeni.usS8UcZKL.mp4,1vYe3Gmanl3I9CkrSKXQrmTV2IC1q5s5d,https://geni.us/S8UcZKL,1imuXSQvgqxnz2bjIIO6RUrPRhzxGuMLW,SUCCESS
Mood Lamp httpsgeni.us3rId7.mp4,1PTwUGhFF2BAl31rvg2T7q6zlGz7td-P2,https://geni.us/3rId7,1hwRTJfrLtXqcMyskvBYR6V7ypoxNw2uz,SUCCESS
Bendable Brush httpsgeni.usArDyll.mp4,1nhRa2gX3pcJa7eG6kRKimDGtaunc8han,https://geni.us/ArDyll,1hkLRGKWFOHpEtDphp8GYXc9WvnfQ38S1,SUCCESS
Inflatable Playhouse httpsgeni.usQNdGw.mp4,1r2RFNt5JK7N5P238fQHbVpqv9b9SQAgC,https://geni.us/QNdGw,16KBqCVaGY35CRhAnlAftKogSvi2q7CYb,SUCCESS
Cat Feeder httpsgeni.usHihLz.mp4,1A6b4t4aDtjS7S6T-Cdy-EI0BRFZIynno,https://geni.us/HihLz,1dXzIH9z7Z7g5nlazpjZd3wP4bpTnf0Z1,SUCCESS
Portable Dryer httpsgeni.usKjj5ma.mp4,19XA8hDst-jLXitDxiFOfT8K26DD7tc-r,https://geni.us/Kjj5ma,1laZ4QcCHNcrl8--f_BeUxW6D9_XoIGzH,SUCCESS
Espresso Machine httpsgeni.usWBBIt.mp4,1nve4-3CBfIWrO47beyExbx62CFi6tEaV,https://geni.us/WBBIt,182UA9FGYBAxNx72TKQQC7tnpWge8XJAj,SUCCESS
Kitchen Sink httpsgeni.usZaTBjP.mp4,1htk-hg6C1V8gJbEkqvZ1kdijkR2dSIz-,https://geni.us/ZaTBjP,1dC9APGYwKJgydK2ULyb39H5ntabm8mNy,SUCCESS
Automatic Litter httpsgeni.usa2k0.mp4,1qVLfgOXHc8JlSNg3f5ZURBBihcXiK_BA,https://geni.us/a2k0,1oplY9GHOKfIpg-hkZJj6_OqDjwu7UCZ3,SUCCESS
Dish Scrubber httpsgeni.usPrNCKI5.mp4,1B234dtmwtNwHWnsszU2offzj9NNm7cKC,https://geni.us/PrNCKI5,1Jx9yH2-e4eg2NQ_AlKNtH7PHzty0I4EM,SUCCESS
Star Projector httpsgeni.usEIv6VZn.mp4,1l5cqSHlsrTYw3VMQCJ_cjYE_w7g62K25,https://geni.us/EIv6VZn,1DFWVcE7h8aHK6HGqwHUMrV4YevlWMlhf,SUCCESS
Drink Dispenser httpsgeni.usfi3P.mp4,1MXpRnJ93FkiQ8KREaRzkyUrtlEqrXmth,https://geni.us/fi3P,1IOjJoYeacJWi3Bm7hvLUo7qnkbWNdfWE,SUCCESS
Vanity Mirror httpsgeni.usPMGIA.mp4,1nk_FRb-p2UlosHG_dUlIcjrUIreMQxzp,https://geni.us/PMGIA,11Rk1xfu3bG954Zld4xV5K9siA8Xvo80g,SUCCESS
Turtle Mug httpsgeni.us8yFVm.mp4,16DXzXGmp9TsBGdpgxH2sDsvZvLZM4dcH,https://geni.us/8yFVm,13UUjSOi2jZcAHNoAL4obT3HzC3K8McFR,SUCCESS
Smart Fan httpsgeni.us8Rvs.mp4,1zWvQjtmNkMISrrQxnvfWBABI_eoyU-WN,https://geni.us/8Rvs,18YMp5X1CjEaI9AzF-j1DSeIcpVvBHaAb,SUCCESS
Desk Heater httpsgeni.usJA1WeWf.mp4,1ymJQ5mHf3rSc31Qk-4HRCORTAfNPKA_O,https://geni.us/JA1WeWf,1ROvGbL-sKkWhHq_UIgzGBZlKHW5AC0OM,SUCCESS
Foldable Bathtub httpsgeni.usc4BM.mp4,1AeN5n6TmJoKX3jCmybDKOBeZCxb26fDZ,https://geni.us/c4BM,19Z-Hm5Tb_r546yx6UUWsGKdGXPOoOzY5,SUCCESS
Knife Organizer httpsgeni.uskbNiyw.mp4,1q6uZeSvJqzKEITvXtBg7Qx8Z47mHORWw,https://geni.us/kbNiyw,1oZmAuTEiaXudkm3qFmT7Szr_a1WyLi6J,SUCCESS
Rotating Hook httpsgeni.us3PCO34S.mp4,1CJROt_FeCv9rWuvsxqNcJIpvPAXi8Br2,https://geni.us/3PCO34S,1WQmgTaBsWV93oE-5i0ZQmWy32YYAx3yL,SUCCESS
Tea Tower httpsgeni.uso2C3vA.mp4,1aWaP1IGIyYRMV3Xucon3SQkj7R_urcRS,https://geni.us/o2C3vA,1DPeeYLqSIInaBS9cjBC9gotVXMcHlQBb,SUCCESS
Spice Carousel httpsgeni.usfPiVZ.mp4,1ZQqRxXGtDxECeG7LabhTmuw35oz2s2f6,https://geni.us/fPiVZ,1koHNWDP3F05qmAtiBxJZRx0w-eil5NnO,SUCCESS
Under-Shelf Rack httpsgeni.usyJP4BU3.mp4,1zD_YnXNaBzk1p4hGOzZ1fFsr8q3aBi6D,https://geni.us/yJP4BU3,1xdrKp-YAOQzNMFSWhDIHYSPFsecvuRrf,SUCCESS
Compact Cabinet httpsgeni.ustciU.mp4,1TcNvW2iaPMd1GIpoBgLtq5TGyAa6CAeh,https://geni.us/tciU,1cOt0m-BvU6Fr0WvaR_AKmgB5EbtpuaH_,SUCCESS
Sink Organizer httpsgeni.usATh0HP.mp4,1FZcQ5LCXQTeNpW1Fxxpz_bSqzfEPiKtu,https://geni.us/ATh0HP,1jjM-6CVjHriDwO5pHd4viAWX2rL3EP17,SUCCESS
Magnetic Holder httpsgeni.uspCbjc.mp4,1Lf6rIohOiOLwr7rGPIOqXE3JuDch65BL,https://geni.us/pCbjc,1F_kdkXqrRsSTRITJQ99rCn2VajYkN_Eu,SUCCESS
Egg Dispenser httpsgeni.us8AjA.mp4,1Zk-jsbMmFiSK70mwCfVA0vuh1vf5Uz4e,https://geni.us/8AjA,1y_gl6zCqGZIVV8Lm3rXk93-n83T4zg-B,SUCCESS
Spice Drawer httpsgeni.usAAAIk1.mp4,1ZQ3kOse9yHaLenHiTwWWb96n7DwN9Qc7,https://geni.us/AAAIk1,1yPDv7Q0PQvIaMPdeOeimcd9IVgK7Bbrj,SUCCESS
Sliding Organizer httpsgeni.ustxTt2RN.mp4,1ZhWfCC1-IWS3vS4Yxi2O8YnCvVQt9hSG,https://geni.us/txTt2RN,13W_LkjApsQyPHNLk5lSfRnqsdYe7jG3i,SUCCESS
Stackable Tower httpsgeni.usnCnhTLI.mp4,1BAlT7Ir4mDwHGyJGedg-mAJC_PKnzrfd,https://geni.us/nCnhTLI,1O9Qoi9GkWySUdddh0Lb3ClSC3fRT9k1S,SUCCESS
Collapsible Rack httpsgeni.usafRZ0w6.mp4,1_IJZply8uSsI0ZhcpIm78o-tFszzziP1,https://geni.us/afRZ0w6,1MxOHs6m0s52hT8ddRTcvonosRdktdne2,SUCCESS
Toilet Cabinet httpsgeni.us6LIGHPn.mp4,1usjRzapeiqlzLkZuRtD89a_4wRK76kti,https://geni.us/6LIGHPn,12AhucuY5e_bk3YKLtPlSqZT0xF_oAeSH,SUCCESS
Grain Bin httpsgeni.ushQyuA.mp4,1_SjjwPa8NmxxTqoMtV8Z3C3HtOSG8GxJ,https://geni.us/hQyuA,1XNicalnbZAUSEruQClHvNSvmzZQG0NZq,SUCCESS
Camp Kettle httpsgeni.us77hrJeZ.mp4,1nIhGmb3EaeYUqa4h-JDZqyzA_8wrU2pn,https://geni.us/77hrJeZ,1hsJmwsNg8tjZKOV_wVxNBjdDJDQUpOIz,SUCCESS
Seasoning Rack httpsgeni.uslUvj.mp4,1b3BZIUePduQm0hGE7dTrnKjnwd9akOpi,https://geni.us/lUvj,1Y5OH6l5t9BohKku190G6RqnScVIS3mTP,SUCCESS
Portable Airfryer httpsgeni.usiz9Ra.mp4,1vV60Bth-7iBHbIwEZU1wU_4khXXhmDfe,https://geni.us/iz9Ra,1S9WK9CjCkf1W_tGPUstyJ7633BO1Z7Zs,SUCCESS
Slim Cart httpsgeni.usgFOb0yU.mp4,1LDuHFfdAkweoBiukAoD0J_MOZAjfEHOt,https://geni.us/gFOb0yU,1QOBnqdkB5__QTkMnju5f9016nVShB9XV,SUCCESS
Cabinet Caddy httpsgeni.usvMn9.mp4,1XUkk1-AeD5vi0iIBbt_gwk9o-KwasLIU,https://geni.us/vMn9,1SiSFxKLFBZHHEHeoGjtK2pgr-dPctg-G,SUCCESS
Over-Door Organizer httpsgeni.usGU2S6.mp4,1vrE7KLKfT_qqRphLytdOavqvOcskGLXH,https://geni.us/GU2S6,1sTUvLgpCp6ZCW0e1b0cUQj1pRBXhJ4X-,SUCCESS
Pull-Out Rack httpsgeni.usujfv0vT.mp4,1jt560fIzJkz5FsvkRGyy6vuI4s8Y1qen,https://geni.us/ujfv0vT,1fmtkHuqc3L-kOi5XaijWLT5Bqea4Cwkm,SUCCESS
Hanging Shelf httpsgeni.us2ir7Alg.mp4,1URBEPO2T0ssJveMPcaCstkSB3X6l2WmS,https://geni.us/2ir7Alg,1CllaTlrzOyMtJdlu4FLN0eb5cEHK1X5-,SUCCESS
Over-Sink Rack httpsgeni.usghBBkSt.mp4,1EhA9jW8H_DAhCIUtk2U3x8_21qArpbgI,https://geni.us/ghBBkSt,1lSBKBgnOzviIwoNRvhc2oRy7W9WEJL40,SUCCESS
Storage Container httpsgeni.usC2OFQ.mp4,1v2cnky08P6un_qjttHdKwbhaTTOaTEJA,https://geni.us/C2OFQ,1uLU5z4wpT_bQqtLn8QQ-gXHTjMh6p6-J,SUCCESS
Utility Cart httpsgeni.usVtz54.mp4,12Dc8_3pmCvzqu1nHZc062WloHy6jNOo0,https://geni.us/Vtz54,17lZXf8G_a3TgUqn1eYYMesRStSAroWBF,SUCCESS
Pull-Out Daybed httpsgeni.uscc25U.mp4,172UXRyza6ItMKJtz3YhgXOBGjzHV30OC,https://geni.us/cc25U,1bv99VDMFXCRSWFX1rCe1WWUzE8J549D2,SUCCESS
Mini Bar httpsgeni.usNv4e3Zt.mp4,1Y58HpIGqi6RrT3cDjCVrJk26AFZy3yb1,https://geni.us/Nv4e3Zt,1gqPSmi-XfRdP5i4iSIquz3WMUQ1Dj0vh,SUCCESS
Ottoman Cube httpsgeni.usBnud7N.mp4,1RdvdeKdc0N4zMPwLQZSISJxVtRECmsfk,https://geni.us/Bnud7N,1kw3uN5GSJAzmVPU1VpMxQul6PtPllZrI,SUCCESS
Rotating Table-.mp4,1w_Z-Cfw7vt8oq7NKtKq6rgOc8Yo3bKuz,NOT_FOUND,,SKIPPED
Folding Lantern httpsgeni.us8E3G9ty.mp4,1axGHfLsVNxIQ1SsLqz2VGE0PJDUU1DHb,https://geni.us/8E3G9ty,1-SNRLl4DRkx8sMXo-hMri2ZWsVCAIR95,SUCCESS
Extendable Console httpsgeni.usKp27y.mp4,1kyJL0Zwapk-mAuWRTnPKYXdBZbPetn-Q,https://geni.us/Kp27y,1MZHKRKELj1AcQcJKq0gzgE39FXaTluil,SUCCESS
Portable TV httpsgeni.us6ZPkA.mp4,12Ha1FxD29BHrlKDR9bkgM6KmdkFdrOCp,https://geni.us/6ZPkA,1jkSqUng0bfkCX2udTSyboiroqa2TP3w4,SUCCESS
Door Organizer httpsgeni.usOdZvS.mp4,1Hp7UvDkoUlM2CZcNu0XDw1iyo0HZmIKe,https://geni.us/OdZvS,1r8AQxKahE0WcX2EWQFDH4nms3l94X3TK,SUCCESS
Standing Desk httpsgeni.uskYW9n.mp4,1Y4ZvNS3gAhEjYeAU862i0eeof8KDw_vd,https://geni.us/kYW9n,14gERMT4xy2-s_oREHR_8MxPPx3Oj_Ps2,SUCCESS
Floating Shelves httpsgeni.usGFWO.mp4,1HztSDWa3l9dfU4xXI8gAtckCsWJKrG7O,https://geni.us/GFWO,1xhpOFFYLxn5VYWavq27HHHWncwPnskVk,SUCCESS
Stackable Bins httpsgeni.us00LrK.mp4,13TG6Jf7mmc3sXAEK6Gg31AhVfW4dlYFa,https://geni.us/00LrK,1OuOImL5mtWVfRRes13TVgFvJMXPGxLGw,SUCCESS
Foam Dispenser httpsgeni.usMPLHt0f.mp4,1h3Ofxyei1pAq7kRTLPMdU5_TpaR3I3JP,https://geni.us/MPLHt0f,1hfmx4AePLqOK30PVf0bUPj3YUqsciB1V,SUCCESS
Tree Shelf httpsgeni.uslta28kc.mp4,1lkJPK_fyDXYmiRQbhrGnHzG5yMB5SgBF,https://geni.us/lta28kc,16BXjyvmce5_JEEzFow9I2k_FqrWCpXli,SUCCESS
Convertible Bench httpsgeni.usOGJxYD.mp4,13XhLCp7B7XjrrZxY_F9LJJSuvxyvHI0X,https://geni.us/OGJxYD,172B5kug427IVRsKgsZj-HaeL3ZIQOCwJ,SUCCESS
Towel Rack httpsgeni.useuFfcxc.mp4,1Naw9mUMly3l1Dp5JqIjWb4A-nlwFKcXd,https://geni.us/euFfcxc,1hvpj81kc8JbWuhGW9lSTfOahBbQ2s1Kw,SUCCESS
Bamboo Hamper httpsgeni.usncbm3.mp4,1SseuD7WW9Q8SSnpibaNjWu952WLKcfl7,https://geni.us/ncbm3,1OJZOLTmWT_PmNF6yw7sm5R8iYvlAxlTM,SUCCESS
Cabinet Organizer httpsgeni.usifWv.mp4,15Ei99skBwW-g2d5udLB6KF_CHZBA9fp0,https://geni.us/ifWv,1OEHgcY9h7EySJ8TaGXg8s2r8shwb3Yjg,SUCCESS
Smart Bedframe httpsgeni.us0g7vc5F.mp4,1w8LHJ792RuV363ogT7Hp8x17ZWS5jk-v,https://geni.us/0g7vc5F,16EUzQEbA0m7iB3mAUumNKSgASvhzu-gQ,SUCCESS
Shoe Bench httpsgeni.usSCZdgC0.mp4,1vbDVRCz2RHmizl6fE-eJeWY3diN9F_Ci,https://geni.us/SCZdgC0,19jQDfPZ_1vKr4aoSEfAsoSbDZ2WVCNeC,SUCCESS
Lift-Top Table httpsgeni.us47oE9.mp4,1BD6FqLnjGlXUD9H6JFvBM1DRcPCAHgHJ,https://geni.us/47oE9,1AVLy2CDe7I0-cvzHSwN87X5jJk_hGQ8V,SUCCESS
Bedside Table httpsgeni.usAmgMMD9.mp4,1FBbHidk5LekcrMLWxIYcygohR1-t-IhD,https://geni.us/AmgMMD9,1oUdGIEu-gyHLJ04c-C1SjHsMNnzYYGb-,SUCCESS
Swivel Recliner httpsgeni.usiReBdd.mp4,1d73KByfFhyapxZfhKPtdD8ezcpG9DaNq,https://geni.us/iReBdd,1SiHJyR-OvP1q4ZptEioI653SRcZLD0SU,SUCCESS
Retro Mini-Fridge httpsgeni.usEX48n.mp4,16TqNs69up7dJE3WDBA-Z7ag4L1O8DUNC,https://geni.us/EX48n,12_bQaedrO_kdxRnM93Ul-f5nZQ6tNBEH,SUCCESS
Drop-Leaf Table httpsgeni.usL4rQh.mp4,1gGDxkHVfLn4WeLYoMAwedbYNTDmR6JRY,https://geni.us/L4rQh,1z9Zt_-n8rxc5Fu4ktGG4fLUKU-ZrZMFf,SUCCESS
Fold-Out Chair httpsgeni.uso6PQyo.mp4,1dWMRQTEFRTUjbAagIaGERJX6FDWOiarE,https://geni.us/o6PQyo,1ZwdLT3g8AZZHBmigRiRUaDwQXQQg09GO,SUCCESS
Mirror Fountain httpsgeni.usSCpCWuO.mp4,1sntNLyAyibcw5pW1NVlqKd1owutR0Jro,https://geni.us/SCpCWuO,1lYD-bjrYbDSfJxrDcIRTKHidzzd1JodI,SUCCESS
Radical Furniture httpsgeni.usoVnaIR.mp4,1xAFL-6w-A8S59UFdTFuKKzpCjShM8yX5,https://geni.us/oVnaIR,1O4IAhrhnuiLMerIBgUYm1w7GwO00TbPj,SUCCESS
Smart Faucet httpsgeni.ushuZVoo.mp4,1k8ILyZ0Ol62feNl17gKHSKV9OnZVzru5,https://geni.us/huZVoo,1LbyKgJDffhVPo5tLLpXz3HL9AWcA1tC2,SUCCESS
Smart Table httpsgeni.usTx68Y.mp4,15acWoOIVvLz1NV2c0sG88mJGd4yCsgOm,https://geni.us/Tx68Y,1-z9HxnsOIjQ3n2666PQHU5NrTGai-3nn,SUCCESS
Lift Table httpsgeni.usHzkzp.mp4,1l7-Z4BFS3nQHwblrAjLJTQ_HcaQmLyHh,https://geni.us/Hzkzp,1MHSisDmggzGTa2uv7D45uW0fQRY2-RgT,SUCCESS
Charging Nightstand httpsgeni.usxFmr.mp4,1368vWSNBXo0y3HC1TWhmBth_8R7G9CjI,https://geni.us/xFmr,1RrgncavK95hgD4bIeRN1Ec_F0UXGXJZr,SUCCESS
Vanity Nightstand httpsgeni.usaRfygi3.mp4,1ql7fMi4COHoUijq4LTrdde3pCwjyasGC,https://geni.us/aRfygi3,1A9RLilOZJVDHn4hl1FnfJHy0bLbhgZdD,SUCCESS
Cloud Sectional httpsgeni.usa7F1L.mp4,1sO7jvSA175hFVm8vSd5WSYXgXdXVi70F,https://geni.us/a7F1L,144k7pDS_7JLnnYWnly_NNiUawpMywIeB,SUCCESS
Adjustable Chair httpsgeni.usQkez03.mp4,14RD3vyEyF4mjN_v8lWgvMuuAoDjLU2ad,https://geni.us/Qkez03,1jglxGP3iX9EgWKmLQTiDwhyecl2P1cTC,SUCCESS
3D Wallart httpsgeni.usXpvdQQ.mp4,1xndAr2wR1hMnuTHusvNdCkdTxTlEpqxk,https://geni.us/XpvdQQ,1TNafM_Vj6emWf7tK6fDg37sOLGDMAlOJ,SUCCESS
Sleeper Loveseat httpsgeni.usTCw1sS.mp4,1QCC6zxaaj-0VI4oQdjVE_3L2U7HeLS_I,https://geni.us/TCw1sS,15ZtDrh2kGC6diBxQaM2lbbV7w4Pd-Xg3,SUCCESS
All-in-One Cleaner httpsgeni.usSkqKq.mp4,1iaI6IlausgU1CXQx4oP5Bs1plcCS8lrc,https://geni.us/SkqKq,1RDONyj9Mg2Nrgcs8VrXfrLnXDdy_wlBI,SUCCESS
Smart Purifier httpsgeni.usLPxkb.mp4,1qiTCHt6gNSsf1Oes_rH_hGw9qy3bkivJ,https://geni.us/LPxkb,1nrXFMr8jOgGRzNtf4I8ozawhz-EQXoWF,SUCCESS
Ladder Shelf httpsgeni.usb19Y.mp4,1YE7M5ffR3s5VEO0FGKmeEgb2nQSlWUaj,https://geni.us/b19Y,125gYFgUC-rxEcJGa-s2I6N1BjwBcrPew,SUCCESS
Textured Rug httpsgeni.usWjEfsB.mp4,1EfC1LfFIwRMyjq5oMrBjRGbyDKr_8j0K,https://geni.us/WjEfsB,1MaYDKz9KDQKStx4QJiywCoSNmhCKy7fM,SUCCESS
Floating Stand httpsgeni.usziH77K7.mp4,1mu5ttCvV8c2ikJZtoNp0Ec8g5cgRspMs,https://geni.us/ziH77K7,1ANC2ssfyMvVaNqCT5Aw2GNS-QYhRYzQG,SUCCESS
Floor Lamp httpsgeni.us9Vngvgd.mp4,1QN-pV3uDJCQ0RbmFp5SpAnrM-5_InVHO,https://geni.us/9Vngvgd,1xd3nhrCzLfzkVq93jZOlPUAfKx1rUGzq,SUCCESS
Smart Lamp httpsgeni.us56oAvw.mp4,198UCAjpSO1c0qMih-GdJwxAI6olTGRZ4,https://geni.us/56oAvw,1L49S3uSstBYbfCvK8ZsklaoKVHpGPx6t,SUCCESS
Velvet Ottoman httpsgeni.usjn2N.mp4,1S2HvwLxpshuh2ulkXSBsWIcU1W7iZT4i,https://geni.us/jn2N,1IBFZkgcBwZ0TbUEkaNw19AyweQAaGLX7,SUCCESS
LED Nightstand httpsgeni.us5X4C.mp4,1NiXGCZaVh3J9aHMppg23z34IoiH8qfgo,https://geni.us/5X4C,1ZglsetQZNW4Q3Rz6cpDTLoQifFtzH0jP,SUCCESS
Lounge Bed httpsgeni.uspSYdOI9.mp4,13R4ih38DBWblFzFA_roZ0zV2cO4m6q4-,https://geni.us/pSYdOI9,17carH1PrCfd7lXWi632_vAsvIHBnmEjk,SUCCESS
C-Table httpsgeni.usORBDyrt.mp4,1Oo2ZxjOu5-BU8H6Mr7zE76YxHggkz-7k,https://geni.us/ORBDyrt,1tdUaGyoSVLobJphSf7Smj1MJFLiwDcOH,SUCCESS
Round Sofa httpsgeni.ushfaZidN.mp4,1l7xfjF2QJLkDRoHO1IaJ313KbPVXN6YG,https://geni.us/hfaZidN,1Z5SxSw5AFPnLf4tDpv6DYmCDE-Klupt0,SUCCESS
Glider Ottoman httpsgeni.usjgsx.mp4,1REXATxyrK2pJocyMWLiU2XSble3PZ7FU,https://geni.us/jgsx,1uxXERgnZkAP0ZsKYDQRuLcLvIrVYJNtb,SUCCESS
Swivel Chair httpsgeni.us778r4.mp4,1k-NZ3ojn5XH4PAA9iINWdN678o88RqOP,https://geni.us/778r4,1W2OQZRMgwKGf7pSPVGwsPtzWvHI4mByf,SUCCESS
Neck Light httpsgeni.uscCiDxRs.mp4,1Is4pn2_YK5t6eD8BqJkeuoWH1l7GOtC7,https://geni.us/cCiDxRs,1MsPHLPppC99XxUC96aI0vCqyEmdRBEeu,SUCCESS
Herbal Warmer httpsgeni.usFHeev.mp4,1bw97QsCidqjcFUDvVyMFDzUh82_ztfzd,https://geni.us/FHeev,1-v5hnOWjTEA40zrrvdCv9f7doFOyoSDZ,SUCCESS
Lap Desk httpsgeni.usAr5ohf.mp4,1AhOcVhUetyxzI6XePp1KxoPlVZbCULzj,https://geni.us/Ar5ohf,1BmhDBQQgFrmHVHy87WJCQnRH3g33hB1r,SUCCESS
Egg Swivel Chair httpsgeni.usIHcdot.mp4,10QdT3vbAgFZTm51BUzlmm-6FZuY853Os,https://geni.us/IHcdot,1ico9I2dTAgkrc-MiVxo83UMiuye7Vs2o,SUCCESS
Fur Ottoman httpsgeni.usCoQGYx.mp4,1lWByuLt10H3-P0llte2Vz1Z_-E3UbWCJ,https://geni.us/CoQGYx,1TTDwoeo10KCsjqbjRXTknLknx09RHa_L,SUCCESS
Waterfall Fountain httpsgeni.usMAsmwg.mp4,1L372H4aT2dXc_278ff7HcJcphuvsnUgF,https://geni.us/MAsmwg,1ZoJYM55YY2dPBbp_xbt3nzHqsyJO1_uQ,SUCCESS
Cloud Chair httpsgeni.uskIA00Hh.mp4,1wL_vmTmQzwt_BBgQQjBTqMGFAYKVlvHY,https://geni.us/kIA00Hh,1SlSrOdus1n9B1MZNWYJwsDS7hwlsn0cU,SUCCESS
Couch Caddy httpsgeni.usUk4WCvd.mp4,1rsPFt3A22hyk6iZYieCK875mbB4K9Gi1,https://geni.us/Uk4WCvd,1XTEOoJ6oKOydoJG7LwdCI6yrETc8kP3_,SUCCESS
Star Candles httpsgeni.usJ2lWFZ.mp4,1iJp-PzhQolwolkONlujVcFm0oztbWTkf,https://geni.us/J2lWFZ,1-l-fTnWBEtKoR7yK2VMIRb0EoD3E89l3,SUCCESS
Armrest Pillow httpsgeni.us6B0Rj.mp4,1PDfhGT5VGnoQuku-C3aAt9gOKEAHfBFd,https://geni.us/6B0Rj,17m3C1Tb6D-1ZuhkSTeMKbySRWSGb2DOx,SUCCESS
Sunrise Clock httpsgeni.usbQIei.mp4,1jX1MZjSnFl8svI-jwej5RtZivAxNbW6f,https://geni.us/bQIei,1SA_emMXF0DwQHvWqXsm_6vin5f_sKxOU,SUCCESS
Tracing Projector httpsgeni.usTh0v8.mp4,1OIvcZuwP6FIoLQbWT_bsxGZzUjaxc3DD,https://geni.us/Th0v8,1L8kV0iOBOl4ztde1mITNpH6bmdp53Vjk,SUCCESS
Foot Massager httpsgeni.usDAyIbB.mp4,1za6Z3RPTdC2tbECnc073pjVmM5R_vOLU,https://geni.us/DAyIbB,11_9_OuMVRjWT9fX89qzJS33GqRpzmPM2,SUCCESS
Power Blender httpsgeni.usbhULq8b.mp4,1cN8E3gCf97TJgGdB3JWIFbCyXxSTXdi7,https://geni.us/bhULq8b,1pl7Y5oyqiwOaLJDYqY5V7laUJIIXjUMJ,SUCCESS
Mega Powerbank httpsgeni.us5b3Afv.mp4,15OKoFMVoSYV-5EiRI6dy76zxMGWBWhHj,https://geni.us/5b3Afv,1WTyb2KL5EhKbiJ3fwg_lficRqLn9gMSU,SUCCESS
Tablet Stand httpsgeni.usclFxqR.mp4,1-mjMaBRN736S4P8K4vFX7ItB7uF3UM0O,https://geni.us/clFxqR,1CG_mS1FkqCZFSQ84CwtYcIkffLx91zDT,SUCCESS
Mini Fridge httpsgeni.usFUZFwJ.mp4,1NhiLJDzWj4Ei3_6pnX53mZsz-kMUcnVN,https://geni.us/FUZFwJ,1TtWFBvWuCTzabRp3V93Jl6HFbLZhEncX,SUCCESS
Soap Dispenser httpsgeni.usSW1v.mp4,1lT0OCmK0bxvpYWUZkf61-5iCvCOvixpG,https://geni.us/SW1v,1FYhwP1j6971y-0oX6CySSnas_BEIrwL4,SUCCESS
Vacuum Canister httpsgeni.us6rQUn.mp4,1K5_oxJJ5GVQBhb5xVQc6tHnXAYVziPRj,https://geni.us/6rQUn,16ElGd9zS4TVpVpuWLGLFW6YLHg3u5N3A,SUCCESS
Folding Footbath httpsgeni.usWSf7A3.mp4,1YEZOJ7TSo6v7veEJGi5JWP__S3G1im-H,https://geni.us/WSf7A3,1o0nL-NKXjtGjM3qcwV52ukA5EgnKr7o0,SUCCESS
Stadium Seat httpsgeni.usUMdBv.mp4,15d8slmTfPcnYmmjUjbJLm3bcG-TsVN83,https://geni.us/UMdBv,1PrXvRfSGBVAWsjFtDjlNmXpIxlMWYtx2,SUCCESS
Mini Projector httpsgeni.ustUTd4.mp4,1dE0O-SJKT66ogDcVwzpxcXs_4AzTygbu,https://geni.us/tUTd4,1YABBFOD-SrCIrNRXhss-UqgCK-wsMw0A,SUCCESS
Shoe Dryer httpsgeni.ushM2Qrk.mp4,1cOIpNr9T1OJPRmE0aa0N8bikUqjqQ1r7,https://geni.us/hM2Qrk,1YTCiAjyVkuO3QcsYePjJG-6f9biUI4j5,SUCCESS
Electric Chopper httpsgeni.usjCFF.mp4,1kJfsnW3qODLkKYlojQFNBggzM38Na_oE,https://geni.us/jCFF,17SUvGQqHHgQPb3OVYxqkNmRW_4ieANbF,SUCCESS
Pancake Maker httpsgeni.us5zOhup2.mp4,1RXWE9WfJDezJR87FVM9S6fjd3JH6MZBQ,https://geni.us/5zOhup2,1PhU8fvjS7blMqYUWjvycUiUaONjHToJu,SUCCESS
Bag Handle httpsgeni.usvIFA.mp4,1NH9V5hMiSbzFmMus7doyjtg2vuU_g8lv,https://geni.us/vIFA,1apV0s5da3T348RahDS4gicPb5MQla6Rx,SUCCESS
Bread Toaster httpsgeni.usxYwLn.mp4,1nsH0U5ilePcnYe6IfiiUIAV6o23x6g0n,https://geni.us/xYwLn,1YsRHE0Q0g1LEd4HPnVdgbj8RYMo0AEn_,SUCCESS
Auto Rolling Egg httpsgeni.usv5wM.mp4,1qFPVv1ChR7dnccftYZOq2WNKA2MksgBq,https://geni.us/v5wM,18POQ7Vk6o7rA3YDQNyPKU_Y1u7iVrc_Z,SUCCESS
Bottle Opener httpsgeni.us8EBp.mp4,1RZ_LxB856BP9V6mGRzEBP2ub2YnqLMSh,https://geni.us/8EBp,1rmHB226gaAal_Hcz6lEhmWKQdiP5IoTW,SUCCESS
Drain Basket httpsgeni.usYB1jj.mp4,1At0_ed640Lms_4aokIp2pp4dpm-B3HsP,https://geni.us/YB1jj,1T7e958haefxJQGvEImUWFDONWV6Y9cqE,SUCCESS
Espresso Maker httpsgeni.usV25Pf3P.mp4,1Pqs4Kpzda9ax2ySAie7XfqUdoxw835oi,https://geni.us/V25Pf3P,1U81idgDNy4kLCvAc8GIGCSRe0DX6tHTd,SUCCESS
Cleaning Scrubber httpsgeni.us49AeI.mp4,1tCi_Z1tn5thxjdiiTrqGjDZUFY6PGLlQ,https://geni.us/49AeI,1PxmJ2UDCLq52Da5IYuetrQLzSxFPm4eb,SUCCESS
Snack Box httpsgeni.us2fuTtn.mp4,16pPItiKDIiBeHdaDA9sikIXs11sijmxN,https://geni.us/2fuTtn,16e7uslDykxMzu8YjWdcdp6iGUf-UEex-,SUCCESS
Food Grater httpsgeni.usELP3658.mp4,1LKFNIROTFkjPZY0bW9BTnamRADL2ClmH,https://geni.us/ELP3658,1pgS783yvYuTovVP3XlTJFgcREhZBPZc8,SUCCESS
Cake Batter Scoop httpsgeni.usPkbdxi.mp4,1KDMb-yjoT_Ma2vP2TkDdE3XaQGlYdFXp,https://geni.us/Pkbdxi,1ejSw5_HgYDZv40QJZBu6q3l7BTRTkn1s,SUCCESS
Spill Lid Cover httpsgeni.usMDtUa3.mp4,1RxzjxSQedU7VBlfaNiZq7mfGy_n_cuS5,https://geni.us/MDtUa3,1KMIq0mh-n5DewTS_git_h7evNC75zbuq,SUCCESS
Oil Sprayer httpsgeni.usyq8HCN.mp4,1hHuy3BZ_rxwXtkytX1jLBrHWy1uwBHer,https://geni.us/yq8HCN,1fifq0IhXZrMwLOwqqEp7kZnto2z4eOCL,SUCCESS
Flipper Spatula httpsgeni.usWApc4U.mp4,16LjGGgjCO2qQiw7znDkM4Ddd_swhU9wp,https://geni.us/WApc4U,1vVwzW92GWgJxTiv-nBP4g0mNGPZ1HBwT,SUCCESS
Electric Fruit Peeler httpsgeni.usP11mTB.mp4,1EdcFv3DEcyDzU7aTj9xy5faKrOxleGlD,https://geni.us/P11mTB,1tvAghonfkANGQD-f3TQqw2Jc2Ik0E15T,SUCCESS
Folding Trash Can httpsgeni.usMveFL.mp4,1C5VMZeBNtyiT5PMbasPGydMYFivMGAaD,https://geni.us/MveFL,1W_2K-UxyRvlda_HnLzwPWHRi_diTKGUI,SUCCESS
Auto Cooker Machine httpsgeni.usNLVpAUg.mp4,1wde8VBXS02OiSCoXStWb_jesYWw5v1bH,https://geni.us/NLVpAUg,1ZcYxSvp9mR1VSo5BrPH2uccTRPm940H4,SUCCESS
Knife Sharpener httpsgeni.usobAmSa0.mp4,16UvO8HpPd2bpqBMB33vJRJd2xDL7neGd,https://geni.us/obAmSa0,1HpydvSX9MeULfy0aJ3xqPDK0_16Kzp89,SUCCESS
Oil Fat Seperator httpsgeni.ustph1t.mp4,1MtYMRcNTYrbdejcCHHRlPtXJUDYscLR_,https://geni.us/tph1t,1HE-r8OXT0GlvWxS68l6soU7pEQvYpTGA,SUCCESS
Corn Stripper httpsgeni.usBSloSQ.mp4,1Z2IkT_HfxfGw3KBSKt51prDe_ikP5LYG,https://geni.us/BSloSQ,15l1FtqeNCGWsK3GQiGqxoQR4kxmzdI6k,SUCCESS
Corner Strainer Basket httpsgeni.usUkFxCiR.mp4,1qRmwTNWHZ5zux4a8kQ6DLVSzAQ9H6_fn,https://geni.us/UkFxCiR,1W1NNiw7meufB1JdeKFRs1wc5PHtYuudT,SUCCESS
Egg Slicer httpsgeni.usHQbsB8.mp4,1jF0bI0QTfoSCpGJDTqhfvpXKLRn4Gt09,https://geni.us/HQbsB8,1O-7tEDXddtCuJmmKgaG1lQa1QgGV8yO3,SUCCESS
Lemon Squeezer httpsgeni.usfvLO0.mp4,1RP0Zpy2Vl-z0nmmVSbGYMRrVnZwHw_XB,https://geni.us/fvLO0,1sKuTmlBrYmZ1K0iOUss8TPGyl8J3W2Fz,SUCCESS
Wine Sleeve httpsgeni.uskN0HtAG.mp4,1YK04A6vBTTgzpLPPrT6f366D4m9JqFIo,https://geni.us/kN0HtAG,1UO9WlVINLhqa2zgyYt0ELGCEV-2o2nip,SUCCESS
Windmill Slicer httpsgeni.uskAtAj.mp4,1FDqoCZBeBg5R-zXY5m_3xCC1WNp6gkgr,https://geni.us/kAtAj,1093PUGYcDkp_KibuwLy958NvBg3G37eG,SUCCESS
Veggie Slicer httpsgeni.usaEPi.mp4,1oZ__0LmUd1ycRCeCAbtHZfnsJbMtFs6f,https://geni.us/aEPi,1kMURVnTLH9Smh7au_SX3POTHunYEcShN,SUCCESS
Touch Toaster httpsgeni.usxxsr.mp4,1m1GmG8AE_65iIDHy-5ENzYcAonanq-Wh,https://geni.us/xxsr,1cOK5QZ3GbuteESh_N8ceL_cVemmnSLUY,SUCCESS
Strainer Bowl httpsgeni.usxv7jK.mp4,1d5tmiv0QRMRo_lToenKvUOoa4AfX3tWo,https://geni.us/xv7jK,1LeXEwPwCH1nfembM-SWijAyDG98eHB4J,SUCCESS
Steamer Tower httpsgeni.usb2JE.mp4,1KOKpJxU5N-Q4uYW3JerKV_ZNnTPWZw2y,https://geni.us/b2JE,1EQ9cMFDvBIaSv6Ex69Dxfjgwp2TPj9DL,SUCCESS
Smoke Grill httpsgeni.us9qxJ.mp4,1IlumZAojc3iW0S-5LYWGQBfnPReCpVyK,https://geni.us/9qxJ,1iQYmFBl_Wb1gJPTYD_LTHXcMdYC3QALl,SUCCESS
Sink Board httpsgeni.usTQLD.mp4,1O7cC-YcRIGQ7kAuAPfjxb41pVP343bQD,https://geni.us/TQLD,1QDXW4H1lTaJv40H8RaWt8O9BHOxa9Eqf,SUCCESS
Prep Station httpsgeni.usz06aB.mp4,1DLYoRR8i4KC39GBzM6wf1U7l0Pi4JhgI,https://geni.us/z06aB,1ky71O1OO2D6f1nMIbmcSMwPXCMUsYOaj,SUCCESS
Popcorn Spinner httpsgeni.ustHF5.mp4,1WR4yUzyT9Pl8yOwLwxpTi4Fve3GoOdhm,https://geni.us/tHF5,14xu0hua3NvI4hXDGb5DbbELadTvex1sM,SUCCESS
Petal Organizer httpsgeni.usKO5KvU.mp4,1sx5wgxyflRQB8qWr6ddpoKxkhNGHY736,https://geni.us/KO5KvU,1jLZKeNMHWZO8MvygW-08xDAoE3UUelJW,SUCCESS
Omelet Maker httpsgeni.usRA4ZW.mp4,1kN9gbSQoLEuQ2s5pax0q4HPqpZIF-tTj,https://geni.us/RA4ZW,1sPFEKVgeGmH9cvrW-SYCV5IOY6qMxo5g,SUCCESS
Microwave Cooker httpsgeni.uscdA5aKL.mp4,1HXjC8nvx_u0O4y_efM7FqEGwGTKjMvO4,https://geni.us/cdA5aKL,1fyQhe4K8ej737qM9-WVwxZZB5ztI38up,SUCCESS
Jar Opener httpsgeni.usewLHrc.mp4,1883BmQK1mLKjkFfP_vjN0wKOic1O3bVe,https://geni.us/ewLHrc,1FFe2c19ODNug5zPWUzjysD8quwqrPB7z,SUCCESS
Grater Board httpsgeni.usfeaE9K.mp4,1OQmfE8XIyXaOt_WyXSxosqtRshwoX4mp,https://geni.us/feaE9K,1BdnzVmNlh9nIr_yQH7zsX9siAqY2WdiP,SUCCESS
Fruit Freezer httpsgeni.usQHadi.mp4,1oIfODZOPnohdiEFl6PLivg88YV3jm1e_,https://geni.us/QHadi,17WW3U__0p6LxRF0S5cBGG6P5dhFP7zV8,SUCCESS
Fondue Pot httpsgeni.usCwCca.mp4,1zXbIwoXegB4cdg1dRGDBc9_ri2OX88xO,https://geni.us/CwCca,1DSS8TYaQ4VCnY0sXLRdIx9B-SMRCzvzW,SUCCESS
Foldable Cooker httpsgeni.useSXnSr.mp4,1KoXnd6jyOKEMqamvPmMk5Da4UzP5dD8L,https://geni.us/eSXnSr,1IsrgDkTpMP_PCFrWT72PUGFXuwSfKYv1,SUCCESS
Egg Cups httpsgeni.uslBAIG.mp4,1f1Dn2b7KVm9ctIQyjpZrrvmKxY-5Sw8Y,https://geni.us/lBAIG,1lV1L-IfZ6xiQcPBSvxlX7FLgi-bfsKYX,SUCCESS
Coffee Press httpsgeni.usqUqlZK.mp4,10S0TExqjXnhqXqVR4WOhr4yjK0MQF5YL,https://geni.us/qUqlZK,1cF4USRW5MGTafbK2OteReiKnktta4f_U,SUCCESS
Clip Strainer httpsgeni.ustqhzNP1.mp4,1P_K-NLc5M6IHhR6JoMrCidAD3CGtc2rH,https://geni.us/tqhzNP1,1V5mhqqfmw_ibtFcKuoHSplUP9H9V_TBz,SUCCESS
Bento Stack httpsgeni.usGidBOU.mp4,1rB5zmU6FqrSOBFuP2muU6wjfv-1JJdtD,https://geni.us/GidBOU,1GPvIZ1pzc1wanyadB6aX0B9wdNYFihxi,SUCCESS
Air Popper httpsgeni.usPqNZG.mp4,1MZnRUiAsukcBBztloxLYdD0fHqR5kwqh,https://geni.us/PqNZG,1_3vr0qnVxI0y69xsP6J_b_DVdmTBYgll,SUCCESS
Magnetic Shelf httpsgeni.usB6VXbqJ.mp4,1GJy35CJH_ocPbDHuFw_UDfCuAiRX2qMd,https://geni.us/B6VXbqJ,1s_Doc2ceykBf_gCS5yl-_DfnLsqOOmgR,SUCCESS
Mosquito Zapper httpsgeni.usWsWXNun.mp4,1ruhh7fnLLfo2zUOFm7yo-xqyPTZxLrAC,https://geni.us/WsWXNun,1aQoJhig8AXuLklhKjRoLmnAkvFnxsz5y,SUCCESS
Mini Projector httpsgeni.usS99VyLe.mp4,1AntrTg5qCHTMNJlVeviSShw67d8UjHCb,https://geni.us/S99VyLe,1-wW-4BEcB6He6749Bxx8f5DhOeF6Mw3-,SUCCESS
Feet Scrubber httpsgeni.ussjIoNq.mp4,1odJCcIhKXKYQuywfgzF1faNWkY-lyrOr,https://geni.us/sjIoNq,1aHEfEnBqb9VJ9Vvo8CWVCe1N_Bhf_2V8,SUCCESS
Lunch Keeper httpsgeni.usZ51vD0.mp4,1DwkoiMDs_qpUn_kpzfZOq99YQkXmo9yV,https://geni.us/Z51vD0,13SyJkLzhre6Ud3oC3wONtpKwpqpN_svy,SUCCESS
Bean Storage httpsgeni.us7IAR.mp4,1Lj4arNHj2BNEaxuBuKuPWsiaOX9NK31A,https://geni.us/7IAR,1W-khVIYgf4kd36TAUa_RXnpSN95Fsej-,SUCCESS
Portable Fan httpsgeni.usr0JsMt.mp4,13S7SdqwlMVoNAIoYQs7lKBjgNyaA0cwl,https://geni.us/r0JsMt,106KX9W68CbbJBMydO04Gd-Tfa9324qTo,SUCCESS
Toilet Brush httpsgeni.usBVZgJme.mp4,1cvkB4xqZ0253Fua1fmeNcsT7nF8k1xYF,https://geni.us/BVZgJme,13d9Q4sbLsfOUcUo6OaU_gzm6OE716K0D,SUCCESS
Travel Steamer httpsgeni.usUbSAr7.mp4,1mqo2xSGC5Ti8schLjZ2PpMLXTEhf-t9m,https://geni.us/UbSAr7,11BAau-rs2HfLdq4IbAfWC-CpZh37qGTO,SUCCESS
Snack Tray httpsgeni.usPn2dBK.mp4,1gkwcmuLy1UovhdCnMUNiXzUP4lnWaYaD,https://geni.us/Pn2dBK,1yfM5nEMY-1TbzFthVgtgIROvveiEjWU_,SUCCESS
Solar Sconce httpsgeni.usYQXzb0.mp4,1_QgKSs4pUYO4boqtmZyPZ3rpJzCBcmW6,https://geni.us/YQXzb0,1d5QZCXa3XQYDykqYY11XUU60jglFMHne,SUCCESS
Flip Clock httpsgeni.usE68x4.mp4,11lzyJhDth9unDIdKgbNH2obc41qnSNcA,https://geni.us/E68x4,17ceIN2Hqk5cmcL9gGsXzKnvg2Gd-xSvW,SUCCESS
Car Mount httpsgeni.usAXXZ.mp4,1vzHuoy4sSCvDkSsZx8o2nnGJaDvVcuiz,https://geni.us/AXXZ,1GvFhqqqBSrVDlUjsRVeZA-ia7O95wFUO,SUCCESS
Toothbrush Station httpsgeni.usqyn3x.mp4,1ZcsiCfzqZhNuGmKrZQ8r7BiUgzozegjm,https://geni.us/qyn3x,1u6h9Zgw1whwrV6MRY3Wmbzgx9Zgu_EKy,SUCCESS
Turtle Coaster httpsgeni.usliKEI.mp4,1hv4QPDprbJjdIQM4YqFkVq2Lj8yhMQe7,https://geni.us/liKEI,1ldD9Upa76GOPFDAoLb03SW5dHqgvTl7S,SUCCESS
Coffee Brewer httpsgeni.usi2ZI.mp4,1pnbYNV4KVde4XPu84gDISxeTdC46WAXv,https://geni.us/i2ZI,1evelQxQIpLETQ5HleJM24pWz-MTmaoMp,SUCCESS
Robot Mop httpsgeni.usePnC.mp4,11GvlSdtu7nx2zJceZilgo5ssWugrVSy7,https://geni.us/ePnC,1ei07hcu4MTwSFdxBb_g13ADTBphVT5xo,SUCCESS
Glove Dispenser httpsgeni.ushoOe.mp4,1GJsEwgBXIeyAKWIOIGTdsOLcn1GbqZBb,https://geni.us/hoOe,1VbTmUlfuH8Kf5gU-xUwvjd-l8Vfpi1aQ,SUCCESS
Fabric Shaver httpsgeni.uscRQu.mp4,1Yyt5o4rgvHLj6jnavVVUNn4WrcNrC80_,https://geni.us/cRQu,1F3mlOEbi9YhhFntibUGGL4TLgAS0uqtY,SUCCESS
Smart Lamp httpsgeni.usIvI2.mp4,11km70Iit9UJD2NHQxLkxq3zh_OHgM5zt,https://geni.us/IvI2,14yfKzQnx7sYzOcmx33U7JpJnjdMytNx7,SUCCESS
Heavy Grips httpsgeni.usFg8Kj.mp4,1LMTsXii2eBd1SnMu4dncgElO-05rJb-3,https://geni.us/Fg8Kj,11U--u9gDiKIuivGlRaQK0cpZGvWp6F1S,SUCCESS
Hoodie Lounger httpsgeni.usuVehe.mp4,1_xFp2Qes5Z6Kg6WRUl9J9j59ovP8NGIs,https://geni.us/uVehe,1dugbTj7jt2h5Ux1LtOPYFYS9ucM6r_25,SUCCESS
Can Lids httpsgeni.us9HcnL.mp4,1ILuwrxAB96Ep1QoXH15iHGOB384F69N2,https://geni.us/9HcnL,16JVvQ79eCtHl3QX_jr0823avkBOzGBkl,SUCCESS
Motion Can httpsgeni.us7SWoss.mp4,1xG2xuyxZR2jcz6NdAW_Z5Jwpkk0NfEin,https://geni.us/7SWoss,1ltJS_53fnOVHPpBYP6KtnY9idssEj5LJ,SUCCESS
Pocket Printer httpsgeni.uslxZY.mp4,1-bRAht4RDGsPEXnNPqfpAvbu4DR7PpJD,https://geni.us/lxZY,13eLT_U0m2sn1geXpjSxMPYrOkKyWl2Wt,SUCCESS
Shower Gauge httpsgeni.usITx0lV.mp4,1ZZ87NqU87WRknynC8zaZS2Yyr474aPh6,https://geni.us/ITx0lV,1N0vkVfp7W6xaDMJwhMex2NNolMHMWDyU,SUCCESS
Spoon Holder httpsgeni.usYT2gL.mp4,1E-ogNd9KXTikiDKCDeey17Do37CKSxHC,https://geni.us/YT2gL,17QFSjAloq2KJXTU6LZt09Uu1OabAviR1,SUCCESS
Egg Chair httpsgeni.usRLAAumC.mp4,1dc3oPQVFBOczFytiPk0fXcoTSL4AujSh,https://geni.us/RLAAumC,18m2YkKffa02wsjIQSZUZR0QWk0R_19m-,SUCCESS
Silicone Covers httpsgeni.usq54dW.mp4,1hwBT3PCfMtwoaAccPZYZTkundgQiYMRS,https://geni.us/q54dW,1XYpM0Dt3RHGmvddyTSJ9JZziY1wKLEyK,SUCCESS
Electric Juicer httpsgeni.usbjVe.mp4,1qMeS0GZeLmo2njy6LOi5vKwTxE3ZTFxG,https://geni.us/bjVe,1uCGj2slLD9G3K1KQXHqo_HSHq0StHeKY,SUCCESS
Body Recliner httpsgeni.usbZ3hMcR.mp4,1B9kOMQvDZEVJ7tqkzOqcvftKp_Cp3kmR,https://geni.us/bZ3hMcR,1Y-J7f_ojT13W28sXViZCEuVGtcM0m2Jc,SUCCESS
Wine Opener httpsgeni.usFX4fBp.mp4,1SZr3nY6-IuTspreQkcGKxquEx9L_IwHV,https://geni.us/FX4fBp,1FlgeG4BoQnV-CnM6k2n9VBaWZI--9gO6,SUCCESS
Luxurious Bathtub httpsgeni.usraofN.mp4,1Efmn3gOXDSTAMdvo4GZ3piyvfSEs_pnZ,https://geni.us/raofN,176dkJ3LvB6APeTWFFTPsB7bjX8qMCU4K,SUCCESS
Luxury Fridge httpsgeni.usprUOwB.mp4,1CkxDEGbFRjAt56x4XLj2rXuHf6QUVG75,https://geni.us/prUOwB,1W4Kmfl_4ATyR0JpFMUbeZWAMxx7_nOk0,SUCCESS
Oil Diffuser httpsgeni.usZZkT2uk.mp4,1prLpzhwaCtHD2Tr9v9CdYqWZbGCiqbxe,https://geni.us/ZZkT2uk,17bD2WoKu_VA3aNlTGPFmBHw5MRgIvEna,SUCCESS
Automatic Dustpan httpsgeni.usKHfYS.mp4,1ai44zW1p4O7eN9FesdGEiP3T2CFLUCVF,https://geni.us/KHfYS,16quVdN1iTsgs3DCUDSn2rNxV8n2jhwId,SUCCESS
Smart Air Purifier httpsgeni.ushUJpTyN.mp4,1Sx92vJjWXoVbZ5K6eibzEPn0IqlLqtep,https://geni.us/hUJpTyN,1nBRtdI9tc5d5YZbm1-zJ6IqEihb7S65t,SUCCESS
Smart Coffee Table httpsgeni.usApAmGi.mp4,1QNAoAsVQ0LyB3gMKdi8J_ajnLFsobPwg,https://geni.us/ApAmGi,18TMFj3i-MLfxDzTbhWHlRZmtB-UyhEvW,SUCCESS
Cocktail Maker httpsgeni.usrw2Tcz1.mp4,1CWp5EG84GW98n07dSwOXCF8zxKivCn3i,https://geni.us/rw2Tcz1,1GuybtiCrx3QAn0LeaRXx32PMaClMu9yD,SUCCESS
Towel Warmer httpsgeni.usupj62.mp4,1jxLWNPYpbF7y66TPm9IK7-n0VKtlj7mj,https://geni.us/upj62,1Ratn_kPJIWoiSiXyQ3E4B21XSU60_2Ab,SUCCESS
Smart Toilet httpsgeni.usL4ndRf.mp4,18ZxY_OvVTIsrGOFvynhgf7LFJ9EIHsaH,https://geni.us/L4ndRf,1LYrrlp7FpRPQMgELxHhJtpVyy985Kusw,SUCCESS
espresso machine httpsgeni.usutkKk.mp4,1-4K8DJfUVBvcYaEy2Sz3nbJ_KtntAo6d,https://geni.us/utkKk,1pI8WowegnYDIz2TyXhaaff5EpdESIdi9,SUCCESS
Door Airfryer httpsgeni.usrZqll.mp4,1h_qptpK2E9g8s4S5jHt9-8xTf19cwcaq,https://geni.us/rZqll,1Ww_Y4R9c28a5pxCRYuGJtHO0rAtyzIpE,SUCCESS
Laser Projector httpsgeni.usIOG0.mp4,1JK9hnXszHj_4DLTe3ZIdxJ-l7n7Km-vz,https://geni.us/IOG0,1OLe7yrAMjyRkZ4IMPBTlm5_TYgueFC5F,SUCCESS
Smart Thermostat httpsgeni.us56xpB.mp4,1J0BwUEJFYFyiSoGoW4XCaIFK1y9fR-Iz,https://geni.us/56xpB,1d3elyjjqSErgn5Rpvs7hU_qMFwQZQsge,SUCCESS
Weather Station httpsgeni.usTMoq8MC.mp4,1iOGiy62PF6nBp9yVoMIy3UXSW_T05Z-7,https://geni.us/TMoq8MC,1NBkRcBSeZHFcFuS-t4xDjOIrIfGnS2WY,SUCCESS
Wine Chiller httpsgeni.uskwEP.mp4,1NQ_ApH1MnbFSiA0FskrwaOwkiqlSVWQQ,https://geni.us/kwEP,1ozeImwNE0wbjbLHrd54I3q1UwkPvb6Jv,SUCCESS
Turtle Bookcase httpsgeni.us3uigIK.mp4,1NRg-tp39e_yEhtM89R2bbUgLb-88SE0U,https://geni.us/3uigIK,1jlIzLz6xDGhH-Tjmaw61nVmIK-w-fPy4,SUCCESS
Fireplace Stand httpsgeni.usNEJb.mp4,1Qk5CBOGOc9wk4JWGk5QryPL6CZDxe_XE,https://geni.us/NEJb,1-FbDpxN8TloWqtqlMeQL2X2HlXV7sbdi,SUCCESS
Toothbrush Holder httpsgeni.usqsqY.mp4,1UA0fGEFN57gZgCqj3SuIdU8fZG_sw141,https://geni.us/qsqY,1xuoByf1jmm_039w9kC86igrecuA9FST1,SUCCESS
Wine Decanter httpsgeni.usuQvL.mp4,1YrQrgn92qkjsoBjMPqLjl_cdDINjfy1i,https://geni.us/uQvL,1nRSnK4HBnNLgkRbxsV-ti7avk-0_DKoi,SUCCESS
Convertible Sofa httpsgeni.usoGRB.mp4,1FOw3LK3wXmcJHffSSf0s8M_VlM9KB6AB,https://geni.us/oGRB,150f91M5ExailnWiGCXoWGkhaPuXtmNM9,SUCCESS
Pan Organizer httpsgeni.us4krFO.mp4,1ZAaZfoHh3vcKT-krnPp28fRHzROF1_9P,https://geni.us/4krFO,1-E_6TnChZLRDK5Gn9LrHq-ix4OUPFoXD,SUCCESS
Curved Bed Frame httpsgeni.usQl7jd.mp4,1XRRW2MWxR2-lFCcWvdie56cObsYMJTR4,https://geni.us/Ql7jd,18fskKfZ5xNPbHyT3-ytbEr8rUTEeIoQ5,SUCCESS
Floating Corner  httpsgeni.uskAkt2Rv.mp4,1izoqEvf8lOeMDULMypTOtd4YtqlAU7vn,https://geni.us/kAkt2Rv,18LZoox_j-rHuLufS0wzjpIDvKjatZrf6,SUCCESS
Fridge Magnet httpsgeni.usoP2bx9.mp4,1RvDqth6903HalUVZa-I7KHyMgqaOhR8M,https://geni.us/oP2bx9,1CdDalr-CTC0NaOEDMrWHQfsT5RpZzNVO,SUCCESS
Standing Mirror httpsgeni.usDinjQ.mp4,1MjLfcZ8zg14WTEm3ReIrriJY3HqoIFyt,https://geni.us/DinjQ,1uDaGgJEpJKXwP47z2bSV1yxgKWImqNJs,SUCCESS
Folding Dining Table httpsgeni.usxrLHGG.mp4,1snqv69dnDpUApDKBUlMNX3blYuYhiOeq,https://geni.us/xrLHGG,1uOtOKr1uvcSI0hZCAl275vA7rKrAu0Y4,SUCCESS
Curtain Holdback httpsgeni.usKWDc.mp4,1ghTAfZXMt6NfMvLL58rl1QHcP2sZ79fq,https://geni.us/KWDc,1tDtRdvHg2VihHspeWOSz6rH9qDM6FlhX,SUCCESS
Spice Rack httpsgeni.usT7ATk.mp4,1WJpBncVSdwmqM65MaWHiwywelLclyX4X,https://geni.us/T7ATk,1aGMNJYLz_EcAiNyhsC9rT3VG3M731ezH,SUCCESS
Coffee Table httpsgeni.us8Y864.mp4,1MOuRR8W457PUKcDui2pouCUFk272an8v,https://geni.us/8Y864,1TdCRiCmJmkr9nMszSM5AwTzHjwmtQ-kL,SUCCESS
Wavy Table Lamp httpsgeni.usoaWrB.mp4,1dukrT-fFKy8VpLmq4PubiG_Ar-56EqQq,https://geni.us/oaWrB,1sitk7T3fvEgpNzHtCfBhruhm8exRsyc1,SUCCESS
Spiral Rack httpsgeni.usF4VX34.mp4,17vuYwWW7fzDvqBRMGaIgs5YNqOWNAx4C,https://geni.us/F4VX34,1OBZoO01hsbojqT6ppYnJu5LUxGF6pIIy,SUCCESS
Sofa Armrest httpsgeni.us6WM7.mp4,11nHAhj889HMDwDSwq4dQ8U-nQ6Kv_uhA,https://geni.us/6WM7,1ogJtKff2wsfGV74V761TKPGRKiofVBlF,SUCCESS
Ferrofluid Music httpsgeni.usPTwPBX.mp4,1ZcWzyoDPgKz1l_ZPoz1tMtZMJWj2BISr,https://geni.us/PTwPBX,1mYqtAhSKGcfkGCRTxjyq5qjBoVQNMHLI,SUCCESS
Sheep Stand httpsgeni.ustiiPquE.mp4,1Od9rLzgDnYXqdBA7bbMqQgdTr4GCd_xG,https://geni.us/tiiPquE,1nKI6ekgbHgMPQfDKavsdRQhCWiVjUj-H,SUCCESS
Doll Organizer httpsgeni.us4cEy.mp4,1WRXaH11Icbj-o6TVwTwWOuO-q1MofYog,https://geni.us/4cEy,1KWLRzPiPUgTTatAFovAYwax6oDXP9Rb3,SUCCESS
Hanging Storage httpsgeni.uskKarX.mp4,1mRvsh9qKF6pVilIFMuFt32pcBVatFAwf,https://geni.us/kKarX,15Lv1zy8KBhunMhk5uB3f7_zQYudJ1hZD,SUCCESS
Rolling Desk httpsgeni.usHbws.mp4,1_qJ2UvyVg7lT-8hzznXWpVX_5FRKsP8G,https://geni.us/Hbws,1trM-fiRUD4a_bFkh331eXaSW_Feuu1Ql,SUCCESS
Stackable Table httpsgeni.uskpAVQ1.mp4,1TuE9DZJmeu34Nz5Rf3PzyuSmU4PCbxt-,https://geni.us/kpAVQ1,1Fcvjb5f4o0Tw9IRUx5SuWjseeDMIwfzI,SUCCESS
Shoe Cabinet httpsgeni.usMai6.mp4,1pklEVbcN_wuQSdwIPQZC2gJi38sDo99W,https://geni.us/Mai6,1nj2YJ25DmhH2MWfeMkCmUZO5SRcpx7Ne,SUCCESS
Wall Seat httpsgeni.usYRizZ.mp4,1TAspaI-tnsxom42zpHos-X6abc7c5QoA,https://geni.us/YRizZ,1JzuRSZWUOE2mWYTnTgVeAlRAzLa2XP7y,SUCCESS
Secret Shelf httpsgeni.ushZqmB.mp4,1u6wINmU9nyw2zz72FQgFzS1YrUHi8LYA,https://geni.us/hZqmB,19YmTBBdUf3IoWOj7loCxsFDv8IKsfvM9,SUCCESS
Bed with TV httpsgeni.usNVU6fh.mp4,1IfeSGg34ymKL6fuvzMneiSmLEjpbzQV4,https://geni.us/NVU6fh,1bZxUyyCa7CcIrwmSJIUZ6Ixy2-XhDLLz,SUCCESS
Retractable Staircase httpsgeni.usKR0DR.mp4,1r_Dy6PiCvBGuTnqwV9buJ6pRwHs8q9O5,https://geni.us/KR0DR,1MKT-NEQQTeX4AU-UH56bVz7LpCo-8_8c,SUCCESS
Vegetable Slicer httpsgeni.us1cuV6Vv.mp4,1SaxxO3RF-eLDb5sDyAKQFKyPmIGE45MA,https://geni.us/1cuV6Vv,1rtW8NKKSSZDF9zC_ortJFienOQA9Bj04,SUCCESS
Apple Peeler httpsgeni.usEZ1I1XC.mp4,1Mk6-E3gsV9czgtxPNH6XxFlGToCy-Zeu,https://geni.us/EZ1I1XC,1LjEKbCa0WVVUBRZxd5q1GjBBArsjh1ag,SUCCESS
Bag Pourer httpsgeni.usV1eQ1Yv.mp4,1wggABPkI9_2BUDBkUO1cT0OYpwUdeXnm,https://geni.us/V1eQ1Yv,1kSx82Wxi_xOG-B25ntex_J-8-quJTxvy,SUCCESS
Food Savers httpsgeni.usEYcQ.mp4,1z-90OvyQLarmdQ_oEc8r9K5iBnu_mvZk,https://geni.us/EYcQ,1Ae7hZJJ54jHsZDNGk_60HB2Xk9c_D40D,SUCCESS
Spin Scrubber httpsgeni.usQOGf.mp4,1WUOqbQXYSaPl-Iwjx__8RfF4EV3WzDWv,https://geni.us/QOGf,1l1S9bHJv9WUEgmJdOQmZTAt6hc7_JuMt,SUCCESS
2-in-1 Mixer httpsgeni.usxh2SUO.mp4,11n0Bu2HGWYdqPF_NBY0-GLCmEBJ4RhS7,https://geni.us/xh2SUO,1FeJH9uRzu5uOsLlJJsW2uvU-OP8pbkbg,SUCCESS
Jar Opener httpsgeni.usebnztcu.mp4,1RASklV2Y0xLX6pdoNVb0jdq2uXEB5E4R,https://geni.us/ebnztcu,1xh-eVjXwq0ZfahrgsPGV5UgNclug9Tmn,SUCCESS
Meatball Maker httpsgeni.usBPyND5.mp4,1QvQ1t2mvm09i80sxgTDn--urVeqmKl7O,https://geni.us/BPyND5,1iSbMjQw1oLFHi9xNa09WJzEpmY4jLo9p,SUCCESS
Nut Opener httpsgeni.usYnpoEW8.mp4,1g-felPAXrAEe6EUMoEXxePVIRrlV9yzM,https://geni.us/YnpoEW8,1FsUuSkvITNcntfjhEYPeLTCGgdQLqZig,SUCCESS
Pan Stirrer httpsgeni.usZEoVlE.mp4,17UMmBqz9LYJk7ltKDyD5cBBNxv654q_G,https://geni.us/ZEoVlE,1b8jSaSbo_QlUF9a7RZL6IyBbVBYV3tdu,SUCCESS
Spoon Scale httpsgeni.usaefUYOr.mp4,1ryp48KwUcLRSneeIOwRnMoPeaKuJWHAg,https://geni.us/aefUYOr,1zmVxubtuvBPsjOG2yYLeDRkqlc01Zahy,SUCCESS
Rotisserie Kit httpsgeni.uspNXcYC.mp4,1Q_7t9JFhAENaIiZ-OEGRP0a9DHHkuzFy,https://geni.us/pNXcYC,1PtMHP3w2dKcG8NUXJL-GjXNkmpGvvGFU,SUCCESS
Egg Fryer httpsgeni.usn13L.mp4,1Z6GyJYYO9-asTLJnAp4vb8OrlO-vENVE,https://geni.us/n13L,1m0nVH9gLUjgI1WQ2RODnUuKJIgjVwPLi,SUCCESS
Veggie Chopper httpsgeni.usZ09YXOx.mp4,1qgwI_flU1Tay6wHdkjxK6xDZBoFEQMnn,https://geni.us/Z09YXOx,1RGzU3O8nDrfQ0zdzw5mTYME9ItZcfOig,SUCCESS
Soup Cooker httpsgeni.usvF7Gx.mp4,1YhruoauXWPEj2g9T-3SVElUyJBQnz_F6,https://geni.us/vF7Gx,1TvTPVfHlEt2daNEK8w2_obj8QZsTLMsg,SUCCESS
Bag Sealer httpsgeni.usFuHX.mp4,1ABqsz8PZx7qL1Bbmcr1ATQm2lbkngpzN,https://geni.us/FuHX,1T5BXmBNe7KNeoT_bsgHOIVF6Tk8HBBZM,SUCCESS
Fish Scaler httpsgeni.usrYuh.mp4,1Kai2fDXd1F4-jEzHHYjpHnHXsNCuWvQY,https://geni.us/rYuh,1wIN1iXiGD2ZDIiQOsOXFXzu72Ntg8BKO,SUCCESS
Dumpling Press httpsgeni.usuoy5MU.mp4,1QxUfN3eoTXzFWbl8_2go8CwzRjt0nDHL,https://geni.us/uoy5MU,1mfS8aBe7r_6fhRNDoSQwV7lD0nMI_xe7,SUCCESS
Doughnut Dispenser httpsgeni.useGwA32D.mp4,1Dn1BFxoE8sz-kL7Ba9ELPLPt4r9qIz11,https://geni.us/eGwA32D,10OdeKVcEADNXu8UhxugFXMJB8tZX1LO1,SUCCESS
Can Opener httpsgeni.us4BnI3.mp4,1diAOlol8moMTQz6K7yf1RYy2hnpabqy_,https://geni.us/4BnI3,1C4JV4nAylH0cTxFPaVSqjuvWSxxbMZUT,SUCCESS
Burger Maker httpsgeni.us3DAQyAK.mp4,1Sawng8dN6NgnrWL4meWOzhyuLniijXig,https://geni.us/3DAQyAK,1o8DJmV_F-X7HqAGm36QihPoOXrEcC20_,SUCCESS
Baby Blender httpsgeni.usiNKdxCE.mp4,1lY4NtAX5Yc6tw7Gp2X5PnMSvEGqj73QG,https://geni.us/iNKdxCE,1tWi_f7Vk7xqmnk8vpJwPtsz9siuBXzvT,SUCCESS
Water Dispenser httpsgeni.usw7ri.mp4,1e1TvTJQJ3b8Q2qe3lAGf-qdREMsJlN_k,https://geni.us/w7ri,1SEBH3TTy4SGIfQ0fyroNtlkiimeCe-Df,SUCCESS
Bathroom Faucet httpsgeni.uskTRH.mp4,1kMiqXRiPUpWGU01oXXym4wrTh3CePENE,https://geni.us/kTRH,1EZ_HpMuShVz_xm07okFQU-Zp1QAyfE-C,SUCCESS
Painting Cover httpsgeni.uskCvEwYQ.mp4,1z1a89T7jVB_NbI2J9uVtJheYwL8LWbDw,https://geni.us/kCvEwYQ,15zJEhG5fZNesFekRmG8KiK38qcb-t4dp,SUCCESS
WhirlPool Swash httpsgeni.ustzxpy9.mp4,1O35VQJkeBEggykQPzsiaCyyWpT7mUA8-,https://geni.us/tzxpy9,1Vj9p6ZSLANnHaCxIhXFX-Zgxq88uj1lH,SUCCESS
Automatic Dustpan httpsgeni.usbPWT.mp4,1HP_zNfF-neFzTVmCxysjra2bAp6Yru1P,https://geni.us/bPWT,1199uJ9PY2jQcGtxsmd-AhQE1fKlRCK95,SUCCESS
Cloth Dryer httpsgeni.usL2GUJl.mp4,1rEtzOWxp95bR_QNmMlwyeAt6VaqnDcBo,https://geni.us/L2GUJl,1ReM4CtC1vgwvjSKH3rQCyLsQVdXsguM9,SUCCESS
Scrolling Ring httpsgeni.uskS0wp2.mp4,1vxGBjTs9pGH0YMNoGa7Tq3TverWufsMK,https://geni.us/kS0wp2,1d7llENMqanICXGIl_VDHFQaX-BCU0jVz,SUCCESS
Food Warmer httpsgeni.usUML7Fvz.mp4,1DlGG54sLMNm8PsOAgTUIW55jagJLSXUV,https://geni.us/UML7Fvz,1nUCf8UGZdv7NT_2RQtt6Kk-hGalXe11z,SUCCESS
Bed Vacuum httpsgeni.us6bcaI.mp4,1y00lwnNw6Ooi4yMpAdbtuqr_KawUnTqd,https://geni.us/6bcaI,1e6G9x-a184dUgxUAdp-aF4kX-LJCvK-1,SUCCESS
Electric Peeler httpsgeni.usI2nA52R.mp4,19KMxVnLryYijP8PDuL3yxywurIJ_kTgn,https://geni.us/I2nA52R,1xH190sa5KDweJ4wpSfH51BHGqe1YxFBe,SUCCESS
Ice Bottle httpsgeni.usA3HJhu.mp4,1_uEDf5qNy7JjCZtDB-HYjoA-K3pauRcf,https://geni.us/A3HJhu,1sgJFRH5bosuD2jAtZEgKzG6lRAJHnuxS,SUCCESS
LED Light httpsgeni.usO6tTNi.mp4,1Zltf2iumW7jNSw1_dd534JLl_dgX86M2,https://geni.us/O6tTNi,14tMo9lYzMil9fv-z_HHvUJKC-rmLZKjK,SUCCESS
Charging Station httpsgeni.usSsbv.mp4,1oeIaBG0rRQOIhRB0rpGvw9blIbFGi9uY,https://geni.us/Ssbv,1NsILOU5IRcx249MioAIWQKd-cXvF2o-9,SUCCESS
Pepper Shaker httpsgeni.us67PpU0l.mp4,10ZlAuEhPbaFFSr_e75ID6i6I6nphr8y-,https://geni.us/67PpU0l,1sV_q414nv6fPAkIMo0UTk96akhJpDmal,SUCCESS
Foot Massager httpsgeni.usMdjQtNi.mp4,1CbBIKBA7wTJDEQ0eG-oeMLNr0yKo3KhU,https://geni.us/MdjQtNi,15hdKYZ4oLvY6roxD_p2LEB4LBGt8tpDW,SUCCESS
RGB Speaker httpsgeni.us99AzGO6.mp4,1BbuwRS1zIRHbWHSle_ha_jro7BfwmnpP,https://geni.us/99AzGO6,1MwLucALQgNcfQVLvbt9RZnzTOm1OCAOQ,SUCCESS
Bladeless Purifier httpsgeni.usC81N.mp4,16iIbX967j6XfYkwhUJSnzpyJSy1WkGYq,https://geni.us/C81N,1w9IS9HZ6oHGoaDKZLFctv2umdZpcMiFi,SUCCESS
Private Glass httpsgeni.usXq3Kot.mp4,19xKK-MJdREstCsjH2T-8wv-mZJ6HvP9-,https://geni.us/Xq3Kot,136wz_lzxasr4KM6-4ERz9FfEydhmlEWb,SUCCESS
Vacuum Cleaner httpsgeni.usyFUyd1T.mp4,1fGnRiR52E8k8eL5bf4q7tasbd6xKYWWs,https://geni.us/yFUyd1T,1Hbe2wqcDF-2GHUk-fEHts3_ZkF8Mq3EW,SUCCESS
HairDryer Holder httpsgeni.us03vhp.mp4,1PP6RVmb3EFzzXcmeUCQsykcKiDpPY5J9,https://geni.us/03vhp,1hvIdqj7Y5zCUN9TcVmFRt-rXylIFVJsz,SUCCESS
Swivel LED Lamp httpsgeni.usPAOLG.mp4,1SPDjH_fA2VCexPWI77o-vuNAakWWk8Bj,https://geni.us/PAOLG,1wWhA9uewbDQ_uzF32NoTcjEsQFFVVQL1,SUCCESS
Smart Mirror httpsgeni.usYpxuzCw.mp4,1ZnXdWZ-EVBWoDi2StFfRK8MawjjknGfJ,https://geni.us/YpxuzCw,1UfQdgshVX4hLynuGuMJquA_sx6-Xc84_,SUCCESS
Exercise Bike httpsgeni.usLWE3Jn1.mp4,1TM_UbAb7mR4Lzp-IZrpTTN0GvOxH7oHE,https://geni.us/LWE3Jn1,1_1bKNCCYDR0VHZ4N7RiZ_h0h4RiIywOK,SUCCESS
Smart Toilet httpsgeni.usei33k.mp4,14kqZ_Xqsy_WfU0vNNM6stdt-2lNy0K1l,https://geni.us/ei33k,1U5zLmtN4Il0n8ge4sOZdKgtu3qcD5aPS,SUCCESS
Hand Dryer httpsgeni.usiwKgB.mp4,19dm4Src_h5ShVxFK1aLkhd-uhZ3133-Y,https://geni.us/iwKgB,1lvhhWSEuoL6gKyN-MTA3XIAUziOvhIXE,SUCCESS
Zipperless Luggage httpsgeni.usgONLkH.mp4,1FXDDEqGufOvh-dL3y8NpGlBAIlrf1YUE,https://geni.us/gONLkH,1ccPx7lMYVSJj-w17yU-V02okSH74yTVn,SUCCESS
Aroma Brewer httpsgeni.usc6fc1U.mp4,1zxWr2coYnyYte7hmTIci6wUWPr2WEOsW,https://geni.us/c6fc1U,1gA_8ACAh2YseVL2RyldPvLJlvHwfQdh3,SUCCESS
Phone Pouch httpsgeni.usTO8Zp6J.mp4,14bRrGLMtaMlxpKMD1RBx3Jr-IOBJq9we,https://geni.us/TO8Zp6J,11xIbuCARehjC0bwIiG97LGun6QykTsw4,SUCCESS
Swim Center httpsgeni.usFlC369.mp4,1tL1qXtjv-tRkE3AUWwDfATlP5HVEvDox,https://geni.us/FlC369,11fy6FtqorpkrERsI3nNuR3ydEHuljyNq,SUCCESS
Soap Dispenser httpsgeni.usaAJyng.mp4,1J9UBjpOhCVrWBV78D3NH1DJJnDnlnaa1,https://geni.us/aAJyng,1KA1oxQMsuf1uVPJgS91Y-ti2wQ0oivoZ,SUCCESS
Dancing Ferrofluid httpsgeni.usYALtPt8.mp4,17jARXELD5qgbbykUaoDCX67O1Etx6gXm,https://geni.us/YALtPt8,1k2HP6NYBWdmqsXsIwZDL26oeTFAxkzE6,SUCCESS
Liquid Motion httpsgeni.uszeDQKh9.mp4,1JapPCkFLZGf6p2wDAVA1GRTxsFd3gBfe,https://geni.us/zeDQKh9,1M0MWTiebTP5IDIDiXkDBGTs3k4inUYUh,SUCCESS
Automatic Dustpan httpsgeni.usgFyt7.mp4,1wIHeF2vGZNhOTMHx2qJ1_XgMQNLxpCCN,https://geni.us/gFyt7,1d3MEeYgA7Mj36dl2DfbNJq6HHjGnnYtn,SUCCESS
Typewriter Keyboard httpsgeni.usPmBf4.mp4,1JPVjds57qJpFFyynxVaxzbfkpRX90Zbc,https://geni.us/PmBf4,1CgjFVnXh7_mA9i99s-uXipwNShgvuiGl,SUCCESS
Paper Shredder httpsgeni.usbdUjY.mp4,1ak-3b0w1Uy9YwsWuaQY7GDBxMvLU727s,https://geni.us/bdUjY,1JVzVT-kp4QQRvs2w66zmI6_zohQ7gd8T,SUCCESS
Alarm Clock httpsgeni.usDTxUDNm.mp4,19XDT5QcCsadmI65GJxtLoOjy4BMGIuZ5,https://geni.us/DTxUDNm,1UzBm_VeM8EbvxjJrdJC60BLUnxnoWUJI,SUCCESS
Skincare Fridge httpsgeni.usfF96.mp4,15nA5w5gvFKeVMtZNnoHGGzMit9qQCUkt,https://geni.us/fF96,1RodZ5uFCfzOifvHKEayOMoNeprAzqxD5,SUCCESS
Dental Flosser httpsgeni.usGEICK.mp4,1tMdrdaq5kgeIwoUnezgMgYLC22YT8YoG,https://geni.us/GEICK,1eII-xeGJ_jOSbyD2-E5xTDBRqclIedPT,SUCCESS
Floor Lamp httpsgeni.usUxYUT.mp4,1wmnNp4LDz_iRBOw8v_Fk54mODCi7AqHw,https://geni.us/UxYUT,1yHQRiHhDUHkgKNBzr9HN66-YmPCTRv0I,SUCCESS
IceCream Maker httpsgeni.usr76rM.mp4,10dceQD6euXlhkBza9DHTrtG2g4kGIDxU,https://geni.us/r76rM,1nGyz2rbZBAJzWU24sRTmYFS1h_VB9Uhq,SUCCESS
Smart Bulbs httpsgeni.useHBrs4k.mp4,1_nVccluOPL9jT72guPv7tqm4w9QdwW0i,https://geni.us/eHBrs4k,1fjdRjLuO_hiuRxLyK93r-Msc9REFJMs-,SUCCESS
Herbal Infusion httpsgeni.uswQU3B5A.mp4,1XJVS20L7QC5fCKYRaPC5rPnznhVgFZHc,https://geni.us/wQU3B5A,14n_2gMJoMuSDF9KgPv7nLe7GxY5slBmK,SUCCESS
Frame TV httpsgeni.usDUsylIq.mp4,1pfAhxRcXELj815LP3OLUNkOmu5_maBRG,https://geni.us/DUsylIq,1AL5qjHW8UrewRrzKOc9ZnL6e0Gf-P2MR,SUCCESS
Titanic Humidifier httpsgeni.us5GguPP.mp4,1sc5m3KpEN-Go-Kgr5NYBOiO6cD3oeAlq,https://geni.us/5GguPP,1yOIn9JAdHWNOZTSpeRqX9TsTY61XxwAY,SUCCESS
Fitness Mirror httpsgeni.uslBcqj.mp4,1-DftD1evap1mHzuWNPPCHU4ljz_oqZuo,https://geni.us/lBcqj,1a_dG-vjFWyi3vAvoJhGmqPtuVqzemvH5,SUCCESS
Smart Hoop httpsgeni.uslZkJL.mp4,1BT3JvUIMhabTb0Dqe_0ajp2ec0AsWdsj,https://geni.us/lZkJL,1Wz-ZrN1JZBsZPULgAgkulIW1QJRiripb,SUCCESS
Jelly Beds httpsgeni.usSjjS2v.mp4,1OoD3gDIlG5nb7EGnC-SABe8E3qOViG7e,https://geni.us/SjjS2v,1rfVuY0a-KxvAUNHqMRFdESwos9dbdyZY,SUCCESS
Paper Stool httpsgeni.usHnoj5.mp4,15mraEKKmrv4SbwRxBLKOwH_VazkT5d9U,https://geni.us/Hnoj5,1-zdXuXn8YykxUdLwu9rpkqZmmzlBDHUk,SUCCESS
Chair Canopy httpsgeni.ustXStZ.mp4,1NzVNPE0NfQtxwtVIR6RE7P-utKOUxxwq,https://geni.us/tXStZ,1ERiys6YrbaBvh1A79JJkidSE3p57_ITX,SUCCESS
TimesFrame httpsgeni.usRJg14zy.mp4,1N8QpIUJ_YH6Ev6R7hDTB9lkXYscWuwbZ,https://geni.us/RJg14zy,1n8ogRTnLIX8CGYdlSy6e2c6k-ZdumNDm,SUCCESS
Small Cabinet httpsgeni.usSKGq.mp4,1I9qwZolnFmCvwf6qQMDw-fCBgnCY88Ee,https://geni.us/SKGq,1LCeVHEdXgOEErQWDYtSyQK0HMo8LhHG4,SUCCESS
Nesting Table httpsgeni.usQBMKBK4.mp4,1aDR4kA36Ezq0W6kt5eU8gbI9cnwcig9m,https://geni.us/QBMKBK4,11HZmxRNQbs-59JjJFX6woLtNk5zYZrnB,SUCCESS
Stackable Chair httpsgeni.usppVnNpP.mp4,1737KOWau6p_TZmQ12LrsqtCfzvwKvR1s,https://geni.us/ppVnNpP,1vJxRVWamCEawwRTdtJ9yio74oZ71qByQ,SUCCESS
Smart Trash Can httpsgeni.usirTNn.mp4,1FCi6j2Ft9DCdoNGsN4Xqp0hqjONsc7CE,https://geni.us/irTNn,1AJlW6yQFH4fMgd5exLae7fZLRIIN81mD,SUCCESS
Ladder Drying Rack httpsgeni.usABQ7KCo.mp4,1wFf8vmBH9D-65iX-enVwTyv746hdHJLU,https://geni.us/ABQ7KCo,1lZFdPzsWOl-6UHp5KpVotSTCf-nTIIMG,SUCCESS
MP3 Player httpsgeni.usWWkMz.mp4,1IUyYNpXq5Ck4y3XwSSF7tXTdOTuIWN_G,https://geni.us/WWkMz,1BpVoLEs3BVachmXR13Njg4mSEs7rfL0t,SUCCESS
Wireless Microphone httpsgeni.usAuxpQgw.mp4,12DzF9pE8cfsv-4r2p7-0DnxpC16UfMYm,https://geni.us/AuxpQgw,1GFpxLMFaKUFNHtvB0DOBWI_z4al8RLU2,SUCCESS
Reusable Notebook httpsgeni.usntA9FY.mp4,1ve59T0NO9dDnoWvlpzflUKjYs6MD8S1q,https://geni.us/ntA9FY,1GC79-asZkKkfG0jqsqB0vC09eXJ0hWO_,SUCCESS
Travel Adapter httpsgeni.usuOAB7f0.mp4,1T-EPqnIZ0eBnJvvr1pn4hBPVxQn0mO00,https://geni.us/uOAB7f0,169Ql6W0ZBQf_UUVP7I1sk0y9PHgn7Kqf,SUCCESS
Smart Backpack httpsgeni.usQzasD.mp4,1YiYaRrJA72hAJcNvT8hjGWau0ZGiV--P,https://geni.us/QzasD,1c4U7TBfnU0MoCj4gTwPFBTuBZzabRRXC,SUCCESS
Wrist Rests httpsgeni.us4xxnD.mp4,1e_DT_MUy5HVazYs_SOjAapcOQ8vU46p7,https://geni.us/4xxnD,1utuyCOI0nlUsj-yY7bDYogIezBghotN7,SUCCESS
Outdoor Lights httpsgeni.usU0XL7.mp4,1lpsbSezTAyPifODIvYXkOvGOU5KGSVK9,https://geni.us/U0XL7,1sdHGLn_PvXzI2rVK7cBHTU8aP-07Pp5I,SUCCESS
Camera Mount httpsgeni.usuBSLDm.mp4,1fp99hSTCcsVXiT9NF488Ztu49upn1z_v,https://geni.us/uBSLDm,1Reqz7yIS91Ez4Kt6j1MsBGpuxYBzKtSw,SUCCESS
Gooseneck Holder httpsgeni.usczA3o2L.mp4,1bTQP9AEfA_dUTvs4yKrxOCAeW99K6eGR,https://geni.us/czA3o2L,1wnNlzOHYP_wF4IL058bZcde27sScsEkt,SUCCESS
Drawing Tablet httpsgeni.usZX7C.mp4,1f_XnVqL65nOD-AvymfqnA8gAZ9vhbrs7,https://geni.us/ZX7C,10uzJX5XzzIsuJXNwr84hJ_vLms81_yss,SUCCESS
Print Camera httpsgeni.usp2yAx.mp4,1v0oonHFEJ7PmgV8ezQ5b7wiT6s5JTkdQ,https://geni.us/p2yAx,1wNd7iDViui7cUtIXIElH2s_2_d0oMhSc,SUCCESS
Smart Lights httpsgeni.usQywZDjv.mp4,1JHhILkA22jKKKobZ1GW5pf0vG_BZen6F,https://geni.us/QywZDjv,1jN2jtQ0wKj7lE0u2vcbB8oSG-NoLTsPg,SUCCESS
Noise Headphones httpsgeni.uspFqDdwi.mp4,1e3Cm2OFHMquahOp6QR2134MPabZfw-Z5,https://geni.us/pFqDdwi,1OJKYjW09eIislouUTuXrCn1pKIQNfDDg,SUCCESS
Gimbal Stabilizer httpsgeni.useQ5P7.mp4,1kO40iU7XS0ID9YvizHFCzqanNLTFHqnR,https://geni.us/eQ5P7,1MJakxqqBqWN6opLO6JOl0MFGZPd6Tkea,SUCCESS
Star Projector httpsgeni.us3VEGCtv.mp4,1VQpWa3fhJFOqgpTZC6kD2pEvPBsE-c1Y,https://geni.us/3VEGCtv,1Qa0zwX1kwIgokAedIyj2DeJohpjWTVwF,SUCCESS
Cocktail Maker httpsgeni.usriF3H - Copy.mp4,1_Q24RJa1ammdTTa1qD9GbcxFbMBV6FbL,https://geni.us/riF3H,1oBDRDlj9_V8FQoDIe6aIQUMQcbUx4n5B,SUCCESS
Cocktail Maker httpsgeni.usriF3H.mp4,1ZzjnHwC_PoHkxJ6BOyYyMkHB4-4dIczi,https://geni.us/riF3H,1B-hbrOoseny_RU2Wy93ANI5Owt2LUXST,SUCCESS
Balancing Scooter httpsgeni.uslBCG.mp4,1STt4LlfIEeKhtJuLExEFIsPoD40SuVSu,https://geni.us/lBCG,19dquO6Jw1-YRTYU1x4mhtO87R8v95Gfb,SUCCESS
Headset Stand httpsgeni.usGx6Vwlw.mp4,1iWBGK_NOa0aobsPy6igQKaAlu1cNDSdH,https://geni.us/Gx6Vwlw,1oMP4-i-0gmvO7lm8P0p6YpI45U4gnVAI,SUCCESS
Streaming Deck httpsgeni.us0cbE.mp4,1DkPtqEQVJ-6LYf3JnTa5-4TQmCtB29-6,https://geni.us/0cbE,1CLvDCwp-REUksdEcMDKBppjGotrSByTN,SUCCESS
Folding Couch httpsgeni.usu7lDT.mp4,13d3sIodagWOgWedDk6tPB0bmIvq7UK_u,https://geni.us/u7lDT,1j0I0IbgmwBHJIbMY6jnwqzLSYHtV175W,SUCCESS
Rotateable Rack httpsgeni.usj8RsBvH.mp4,1MJVmK8gdqCe0GUXoLezG19qR6YSWpPjs,https://geni.us/j8RsBvH,1khShpjPba4aWqiIGJojpSX2qDCdbxNPL,SUCCESS
Rotating Tray httpsgeni.us8sfGw.mp4,1z1rdlT4HeQcpYSnLW_z-yXkBmchkrrrI,https://geni.us/8sfGw,1dFrQ_gY-vV_aN-6Q30OS3kHa1L8_6biE,SUCCESS
Air Matress httpsgeni.usCAzoxc.mp4,1aEPeyPzPidxuUrhVYiUAJNunoLv5kuBz,https://geni.us/CAzoxc,1fq93cFbYnuN7DmpuPDiaKCxRrZBgB3gq,SUCCESS
Moving Sofa httpsgeni.us29TYLt.mp4,1vc2E4aNvv8lCgQDBJBqo7ab0QfFtRHFz,https://geni.us/29TYLt,11ufv8Z2Mt3hS_E6dBAVk_FhbjOGhOQVL,SUCCESS
Smart LED httpsgeni.us0AAbk.mp4,1DkWazPdGwxC3ZffrsLhhf0t2IsaTrUG3,https://geni.us/0AAbk,1s4gPEbovD72yhOakPfBKBr1sV0UX1fWD,SUCCESS
Shoe Rack httpsgeni.usJBVinb.mp4,1P3rlyqosWP5F8wrKi5Rdj6ftAIU2_C77,https://geni.us/JBVinb,1q5GxF_2Xrsqp5lgQa97gCQmr2AMKAGkh,SUCCESS
Pantry Rack httpsgeni.usNhPX.mp4,1KqK_LRemwUv5bqMotZpdLuNkAXmXhKY0,https://geni.us/NhPX,1neTJUPTgcP8cLFZEK7MRcff-lTDBemvb,SUCCESS
Rotating Storage httpsgeni.us6kacz.mp4,1nILKex-XLwhysEbrFeEw1TD3CZ5-dt_N,https://geni.us/6kacz,1VcNXj7PAiVvQ60_IKVATxN3NgDx0r3qG,SUCCESS
Microwave Stand httpsgeni.uspJLY.mp4,1K7KkEDVYfkTqRJtydyVI5cBhqcveguf5,https://geni.us/pJLY,1NCKfsIZoBha1bxpj56P8u__L_QKfIB8b,SUCCESS
Rotating Grain Bucket httpsgeni.usyuO81k.mp4,1GknRU8L9yC5ucZ581BbGNhuMkp9TEjrF,https://geni.us/yuO81k,1xspzPH4zved_cYpElgpFqkGDrI3XpwJh,SUCCESS
Foldable Board httpsgeni.usc5NFFU.mp4,1tJmkaFy_a8lUECozI0eLCpXytlivF8tq,https://geni.us/c5NFFU,1LVnxqSuInLUK8vXvSDI1XNXw-v_9YdF5,SUCCESS
Ceiling TV httpsgeni.us4SUEP.mp4,1O2xiVc5W_4dTMwCSZaKLTZQRABTD25At,https://geni.us/4SUEP,1-J-WvJtCctss9-bZEZOAvxHUjKysvdXj,SUCCESS
Rotating Bookshelf httpsgeni.uspL7Pr.mp4,1G8mMvIBuUAhOm9BvNEm-WCnXJVdFtTta,https://geni.us/pL7Pr,1349NOAhTVtMJtX2HsGwkJow-Z7GBGbKE,SUCCESS
Transparent Bathtub httpsgeni.uspNuU6.mp4,1MU-gx3RV1K10aRMaE-GbSOYbuiRFCRty,https://geni.us/pNuU6,1dy2Yec_DeHHdZMJ6BtXtu5q36cgs7PCJ,SUCCESS
Sofa Tray httpsgeni.usirTNn.mp4,1FrI22PSsI4rHy55jkFT03QLvIefNF9Wc,https://geni.us/irTNn,1u40Lm6k7snZ_ebKN7w2KWciAEGJug6HB,SUCCESS
Pillow Stand httpsgeni.usiPH3AZ.mp4,1i9i7Rhchk_mRnj7DvrnWAt_jflbxQPdO,https://geni.us/iPH3AZ,1-RMUduJPtpf1-OL-CCPhfIzssl1pKUWq,SUCCESS
Pixel Art Game httpsgeni.usqujbn.mp4,1Jz-B85XCzVguTAkrZPzScG_tzSx_Iq3J,https://geni.us/qujbn,1tZwXM67Nl2NZCTDxuCCa5av7mPEbJB66,SUCCESS
Spacious Bed httpsgeni.usuqAwpJp.mp4,1ArSbac8FQ0R18Ups26UablKbGWH77Xc0,https://geni.us/uqAwpJp,17dHaNMPnbjW8cq2_ftM2X7Fe0owbCiic,SUCCESS
Computer Mouse httpsgeni.usFTafI.mp4,10ZfIUIkM0FdEnLOzk7eX5SEpdwZGuIDU,https://geni.us/FTafI,1cGWAZs8chtempovQTWxM6Qc4jnszPd4o,SUCCESS
Board Charger httpsgeni.ustdZ2G.mp4,1TzlyKXSvhp8-Fzh-XPPz0_0pOsL7YaGU,https://geni.us/tdZ2G,1kgv7HhyNjxE5OjRezN7086Di5x94ghgh,SUCCESS
Mug Warmer httpsgeni.usAT0Pr5.mp4,1ULLJK--kzUatYsssQWVZQBxSOAMLP1cu,https://geni.us/AT0Pr5,1BlhawACz_SEl-hWuXZTlueKNqBaygUv3,SUCCESS
Portable Blender httpsgeni.us8QmI.mp4,1qzSD8fKmeNsmuO55QGvE_HyyJKoMDeTj,https://geni.us/8QmI,1GCpTPK1D8tMPdVYNaqd_Cf96wt3a2Ctq,SUCCESS
Vegetable Chopper httpsgeni.usEf6arH.mp4,15HoauZyfeyYjYOpbcXLcQT7hX86Vty4V,https://geni.us/Ef6arH,1BUqUS3dJX-KKg21X94J8hqMCaRzOwYWY,SUCCESS
Ball Launcher httpsgeni.usyquP.mp4,1k8CpyTXKfchIRVIaE5n-1S5QlA4ZicW2,https://geni.us/yquP,1M88tZZBhyMkJxsJqOC0HLcvC10APLFWF,SUCCESS
Tube Lamp httpsgeni.usZ8ro9M.mp4,1PMJ1huk1IapTtXNp_oL_zY4mXeASvVQD,https://geni.us/Z8ro9M,1rCwr2cVSLptPjB3pRnEbKAs1gGW0_cr-,SUCCESS
Duck Lamp httpsgeni.usHWTKNgf.mp4,1wXaihCfJ410vRRgp-5jYgZ7ESlmwEs35,https://geni.us/HWTKNgf,1ZZeP2khZ3UepUo_uuWHxh7EL6nesX9cz,SUCCESS
Heart Rice Cooker httpsgeni.usZjIXDnB.mp4,1LWuZ9hvg3y58SXZGTsP_SW8UUWUj1JZY,https://geni.us/ZjIXDnB,13t8TIjq2SrWoDnwyWWVPqBCLXHgUsHuk,SUCCESS
Cloud Lights httpsgeni.usYNO16.mp4,1Oi81eaSjZ5CHFxtIKrZV84HLDapd3Ifc,https://geni.us/YNO16,1beCgd1RCxCyMD4bQc8pwAs1CnWbXM6a2,SUCCESS
Air Freshener httpsgeni.usraj73G.mp4,1_9Z1En43W0vlzAIbTLa8PJXDElDRI6n2,https://geni.us/raj73G,1DPVP9kMKKY7yrxSRzzIqmf-vxGEU0PsD,SUCCESS
Crab Utensil Rest httpsgeni.usODKv.mp4,1ZSQE2T7ktUsmoVk56Qa1S8xfIky9jHw-,https://geni.us/ODKv,1fjah4XBTBKRPAfU_cw5_CDz1nUfJXryq,SUCCESS
Fidget Spinner httpsgeni.usyjPa.mp4,1ooC4aY2RIVDe2bdxhqrEz89faFpx2bh-,https://geni.us/yjPa,1QdB1uWuymb8rWj_3Znb7O7Kds4CQyoUq,SUCCESS
Soap Dispenser httpsgeni.usw8AP.mp4,1h4vz_wMfppRJQa0Dxtd84BNEsSyFDqoH,https://geni.us/w8AP,12UM8_6PEbVLJxu-csda3g99-78KYTwHS,SUCCESS
Fruit Peeler httpsgeni.usdrNrLO.mp4,13C_HvYRVC6xksI4FTueE0SGsyndh4lx7,https://geni.us/drNrLO,1-_K9VXyBNgwbFnSky-1UF73od2ZSeLT_,SUCCESS
Egg Separator httpsgeni.usmvVJk5G.mp4,1RF8EjLN7b0AXXbpeco1h8glp5k23uZit,https://geni.us/mvVJk5G,1GrSSzhaL0PeLQmnW76i4uhc-htru2oKC,SUCCESS
Cable Protector httpsgeni.usPpVnt.mp4,1cYLfwm7DrcVdXUov5-5UZsz4yzdW8LZ9,https://geni.us/PpVnt,1LsS-jEqb6ejwpPauvmF-3wrG8kCQL-H9,SUCCESS
Foot Scrubber httpsgeni.us2zCtQ.mp4,147yZoja8LhrdR5JNy6kjEsGVQKQtEFdO,https://geni.us/2zCtQ,1W1tQzDq-Q2OA0VUVqhvgBPMXgYqfRvh6,SUCCESS
Chair Shade httpsgeni.usFAAzjPt.mp4,17TZc4AD0qWIrfmIWIy8Aj2ugO_O2a65p,https://geni.us/FAAzjPt,18cJEixXyxfmElWf_-Mv1zBM3UlszeGXC,SUCCESS
Mini Washer httpsgeni.usfo96RDb.mp4,1f3cnuVejzeSxXasJaaz74pUiGeOrTzKZ,https://geni.us/fo96RDb,1VgxOMLE7X4xA30sOEHjEPS6baYD3bo83,SUCCESS
Puzzle Toy httpsgeni.usJ76AvQV.mp4,1kUNa5_ApGz7DPu9SjQYI3e5r2a4RhDMI,https://geni.us/J76AvQV,17JlZ2frlczLzoURamp-XmTsJxq6XvcNf,SUCCESS
Alarm Clock httpsgeni.us9u6L.mp4,1lziYEpduPa3IA_iOHeLc5QyTVPxfYGKU,https://geni.us/9u6L,1O7YahEuwpWbc7GQ0ICneqcDV7QX3Ruae,SUCCESS
Wine Opener httpsgeni.usJMimhn6.mp4,1Ky3gs7eFE-kqRWrtIbac2k86VnZ50iHm,https://geni.us/JMimhn6,1llnhjcIsQswMnk_oZhcsGz_Q6MgW2PmO,SUCCESS
Spice Rack httpsgeni.usolC891.mp4,1zufs5Antf_1TwSoysCOxIXN9JVhKi67j,https://geni.us/olC891,1CA8jU9TA_Sda90pU7scCr3bVqnVimJFH,SUCCESS
Camping Toilet httpsgeni.uskaV52N.mp4,196c-eDL9ZBbNO5ZAH6gzVLDtfXfReDZi,https://geni.us/kaV52N,1_OwxvpzUjweCNfIVql7glKHUNZG001r6,SUCCESS
Pet Roller httpsgeni.usZDr1eX.mp4,1ahYv8tvQK-YY9GlfvKk3qD-Q6aCvHeTt,https://geni.us/ZDr1eX,1-MYmZMUKXKElJYWqsqWAI-Uxtv_PETXs,SUCCESS
Automatic Trash httpsgeni.usDHuKQr.mp4,15RLxm4W5s0671PFh5afc0v-CBDLw2lxr,https://geni.us/DHuKQr,1TRhFF94-tnTl4zqdknrjfUzWoDmtbEM_,SUCCESS
Smart Kettle httpsgeni.ussgnDyu.mp4,1cCOFx8i2C-IeNjp9PhJg03Gq1FAS5V22,https://geni.us/sgnDyu,1AkFrGp6IbhX3BS9toLxnm1yUpvwccW6q,SUCCESS
Curtain Opener httpsgeni.usC4tj.mp4,1PlAsf44ZFKDqs_fg61Oi96GIttcxQPrc,https://geni.us/C4tj,1rKfMdpMwlQJGe6E1E_abYfu62Hn60ZBu,SUCCESS
Roborock Z70 httpsgeni.usiUBXXH.mp4,1SlMzSG73TCt5DGNahC3T_6D7bAZzbEWa,https://geni.us/iUBXXH,1tiJsYGpCpZyGWQWmH8k-4ovvXRmPQck1,SUCCESS
Heated Towel Rack httpsgeni.us6MF8.mp4,1lHaCHOvBUkQp5Wwn_E8zKPNqRvH1Rlgc,https://geni.us/6MF8,1wHLLVY4DJzR7dh6ipbWM3sQFUBSWjJKq,SUCCESS
Automatic Litter httpsgeni.usjnlAQI.mp4,1nIt0i8exrA41xOkJ-pxcORDlnwbSg_e5,https://geni.us/jnlAQI,1TYiIT5W0gfn_Qio9YboQzt-li_GYMH-P,SUCCESS
LED Solar Lamp httpsgeni.usCABpce.mp4,1xzLg-zqos5Y6ctg9PA3ehWMDiJ0HqzBE,https://geni.us/CABpce,1M6k8fZAxjsfdgJf7QOJeIXp8TvJ2lm-9,SUCCESS
Galaxy Projector httpsgeni.usVCh7pZ.mp4,13syOe573w2MdPIY_kSRRsJUvzGDLYIDZ,https://geni.us/VCh7pZ,1t-vDHqdMc0fVlgcnWhLvVllX0FssQvo4,SUCCESS
Sleep Massager httpsgeni.usFBuDg.mp4,1K51BS-5xtkNoQ9i4SA43PhdlVJB_PrD9,https://geni.us/FBuDg,11-oN_bpk1S0Kt5qoZ0cjxuuLy1jzH-50,SUCCESS
Pet Feeder httpsgeni.us7qgFJjq.mp4,1OAXmF4RkS2PMFOFQYHHQCLHN_ehl9Zyv,https://geni.us/7qgFJjq,1wsRHOwf5Xh86160i4j1SG0b3OAP6QLNI,SUCCESS
Portable Printer httpsgeni.usx90Tw12.mp4,1KDw_E1WxzpqTsI3kTHprVtLBAypSb9QX,https://geni.us/x90Tw12,1bdC2ekNchA3XuByRf0Jqc_L8E72SPoSn,SUCCESS
Ice Cube Maker httpsgeni.usSJPIcv.mp4,1KaCY5pCXEBeVnO2Aj33tZx7CPOLHBc2B,https://geni.us/SJPIcv,11gF7EKniWe17QimtmsDfa-W4ONig-78H,SUCCESS
Cloth Dryer httpsgeni.usLLI9.mp4,1Vrhkg3GW18MnEGc8RBuAfJYTjN6OL7y3,https://geni.us/LLI9,1bjLF8vt1ldUsZOx9Y8WBRpDj3TYWH5hO,SUCCESS
Room Light httpsgeni.us1ZqZp.mp4,1RX_w5f2V_-S92168KYWGKZ_RdoBFz7q-,https://geni.us/1ZqZp,1ma7wo4SRH7HremATpvpitohzZvbAaEgs,SUCCESS
Outlet Extender httpsgeni.usnmrsd1.mp4,1aBFqcLKZ2M2JeAkZ2Zlh0kS-ug5Fe_aY,https://geni.us/nmrsd1,1DmH4l9TUjyw8_6U0kHEibMA7PI2k1Fgb,SUCCESS
Interactive Plant Pot httpsgeni.usQ3e2bCz.mp4,1TJpbZZkBUzECjldWm57G7wiJOnhDZdRw,https://geni.us/Q3e2bCz,11lg3DllVnmPectjkqiwMFt5KSZjlchfi,SUCCESS
Shoes Dryer httpsgeni.usPFnhKi.mp4,1A_uqtvka01kzJ7BVDaSE1P55T-YbESH3,https://geni.us/PFnhKi,1YKhS_IAwDlk44lIncest4bcLLcsKpMqx,SUCCESS
Humidifier Clock httpsgeni.usXiH0S.mp4,1pdCicNYspGfK_JqPdDZRU3H7vlpRr0Gz,https://geni.us/XiH0S,1ELuV7ovhEV1rM8_xLvTkIMNjfRVCF72l,SUCCESS
Clothes Press httpsgeni.usAH91PX7.mp4,1VULoCQq82wyH5llZ3XrKgRZDONG-64rE,https://geni.us/AH91PX7,1Z2hUzNcnWrcFU9VWlhU2b3A8BM8zTsTQ,SUCCESS
Electric Fly Trap httpsgeni.usISF6.mp4,19Q8eA4MRNQLu0_oZegD-x3wVvLJftdtU,https://geni.us/ISF6,1bPu1NR-Ep5pgNuAoPzjDISxyZaa1rlCk,SUCCESS
Toothpaste Holder httpsgeni.usJzeu3dZ.mp4,1dJNfQ_VaJo9o2-BIhyu6TBWNmSiPlGYc,https://geni.us/Jzeu3dZ,1GZdY-OrDYh3pz8rBAve0zbWOdX_uunWs,SUCCESS
Lifting Table httpsgeni.us8wX4W6.mp4,1ZxACYxXXIiLoabHAVr9R4NHpe384a6IU,https://geni.us/8wX4W6,15tYHTnuoC-ejQavD2PaRoyyvI2g1RG9G,SUCCESS
Slim Trolley httpsgeni.usfZAtiiD.mp4,1ggvqqzUytgw01USP7Se4NCua6ObdCh99,https://geni.us/fZAtiiD,1bhDwyajBtGnVHvhwxMrFXQCiv-NK0Zqs,SUCCESS
Massage Mat httpsgeni.usWn9Gw0W.mp4,1_v1ojWesDBiqz3jnVEM80zyzAwMKdbDF,https://geni.us/Wn9Gw0W,1J-c6_q72w_986rCFyGbUn6PFxEXFcwWt,SUCCESS
Shoe Cover httpsgeni.uslUhkVW.mp4,11mRyS37uoFJLiyn0OHljQ_-sKyKvS8zO,https://geni.us/lUhkVW,14JzSDHyK_VTcpMGp2LgDu54YLdO1rJ69,SUCCESS
Smart Frame httpsgeni.usY3wh.mp4,14yI_0ZOBwfViDQ9dASI93O5pE8Nkgfig,https://geni.us/Y3wh,1aqpxWnq0hOJpKx6eW0T3fQvb7xy9Iltd,SUCCESS
Whirlpool Bathtub httpsgeni.usCBW03.mp4,1riZZ4ivEYm5y_G3G3E2qUOB6qPpeAKbF,https://geni.us/CBW03,11gNASwZ_2fiE19TMIfIXFHel1r1gUFcS,SUCCESS
Wine Opener httpsgeni.us2ZsTLRR.mp4,1MoOy406N3cQnEjn2bnGYgq0ilzc0BkWi,https://geni.us/2ZsTLRR,1v-TlQZmQIlz2IA7TMeOA2EGTbv8O9hfS,SUCCESS
Solar Light httpsgeni.usPrNCKI5.mp4,1bYyDxCNEyjitVKwzkVoP86Ba0RmV8ExO,https://geni.us/PrNCKI5,1TBXeYFaO0szviCnYnFYilIbeG2NQA79y,SUCCESS
Coat Rack httpsgeni.usfi3P.mp4,1T7vvfPfryK9RUICwr_ml65vasTCNQjQk,https://geni.us/fi3P,1HN76yKio4TaYNYwa96JGm4q-C6stoizf,SUCCESS
Steam Vacuum httpsgeni.usKmcw.mp4,1hyJHN-6pYajEwUTJ2EcPh-9VrzE8SMyy,https://geni.us/Kmcw,1d0PdBg7UVVTFg11z4QjPZcGGikO9l_K1,SUCCESS
Oil Diffuser httpsgeni.us2B49V.mp4,1dmj_s3FgVSpXGK-HrurvIXAeIVFjXNlt,https://geni.us/2B49V,1zheoGJkhU3adRAYZ4oTJaYOwxDi2XjLu,SUCCESS
Smart Coffee Table httpsgeni.usrBj2.mp4,1F2pRtAhDvDzZwoYR2GqNHnmyd0TD6iuf,https://geni.us/rBj2,1hbz5TE3EF-TzLUr2O4d9Osyt54wn-fNL,SUCCESS
Tissue Dispenser httpsgeni.usqghGL.mp4,1V47NJIPFeuOVWw-391RgOZqukspQLIag,https://geni.us/qghGL,1UOulVVJw_0-72DAx9jOYA3yTf8Q3uAa4,SUCCESS
Smart Shower httpsgeni.usfPtMWC.mp4,1vaCS0xxYgEqBbYHdIJ0LdoJqCssAmZ4q,https://geni.us/fPtMWC,1gfADRsUXL8zYLKpODF3NZnNhOjEWmzlf,SUCCESS
Window Cleaner httpsgeni.usAKBZMVw.mp4,1QXM24zMXpC3jxqi7rUJOXoEPt-1ouKUp,https://geni.us/AKBZMVw,1xEA2_wxnm9hkteCY7nqhiKHRaRjTlIPV,SUCCESS
Smart Toaster httpsgeni.usSXTFJc.mp4,1qmZGnefeORgUt8-p2dgyRG0Jkmc1lv5a,https://geni.us/SXTFJc,1RgPvKIHHWrQlQf4mItbol6IQGnLyB7qv,SUCCESS
Rotating Faucet httpsgeni.usvVXLU.mp4,1N-dTR9XwJZoHVXb3YWjUPXxxgRv1Bka2,https://geni.us/vVXLU,1NuGXSGbSj8tBQLXnq2g0868QjOduxQP_,SUCCESS
Smart Sink httpsgeni.usmaYlp0.mp4,1WgvucWk9ep7Y7yxPhSkJUGLw0-ecHmeO,https://geni.us/maYlp0,1RNNYeWVgSQBrBj6ER18gV-0Tk7kUnY_6,SUCCESS
Portable TV httpsgeni.usuZTMPau.mp4,1ftqFeV1z71wpWKH9zvAMKx-WtPJF1nnH,https://geni.us/uZTMPau,1sLbFpYvVGR5qaa9M04RXNbWnHLcuu3CS,SUCCESS
Neck Fan httpsgeni.uslHERmT8.mp4,1hLnt9lvL8Os4Se_t2h7xQxWE5GJmGwVu,https://geni.us/lHERmT8,1rEJXUXZDSsw2X9gSQJk8bc7xhSB_fZKv,SUCCESS
Lazy Glasses httpsgeni.us7u7MP.mp4,17QwhewM4iE036h-LH-3XcDvB3mU4bjgg,https://geni.us/7u7MP,1oRfx68rTt5r7uOi0mcRKBs9Vid3ufQPj,SUCCESS
Car Slippers httpsgeni.usYFyW.mp4,1M9Jm9qp9vx_aK5pmd6IMlJ0oPsg5gPzE,https://geni.us/YFyW,18Iy3cIRGCML6eU_DM1sv0gTGOrn_cyrl,SUCCESS
R2D2 Toaster httpsgeni.uscEfz.mp4,1WRKUBrcS86tkQ5bBiaiSKZvb0Vqq4xNQ,https://geni.us/cEfz,18Z7SKW1IQ2Z6cUacZfTS1rWsEAdeeaM3,SUCCESS
Laptop Power Bank httpsgeni.us1n9fw.mp4,1Ac6JAzXSz1jrckf7kL8ambv4ehTpU_UL,https://geni.us/1n9fw,1Tn7sGHq5JdrQpJWltEIiTeyGA4iW6QxN,SUCCESS
Warming Mat httpsgeni.usSSRsk.mp4,10X2U8rBILeL3njK-tyKQ5ltpzh08thjK,https://geni.us/SSRsk,1bOBEzxheO9vngFmNcfLHk0n5sgWla2q4,SUCCESS
Levitating Lamp httpsgeni.usrCfp.mp4,1X2xKILFb0RW-yg3D-_vtuDFEzaSzsFf9,https://geni.us/rCfp,1OsK0x-dm9HKOXBKTxoQo9Rnt2K1oJCix,SUCCESS
Car Charger httpsgeni.usDCBHn9.mp4,12-rKnXMRR5sKxasoLKUFNqNi1-EGg3N_,https://geni.us/DCBHn9,1jJ9EKiKQQjjQ095rs_5hrU9NCQuOXqrE,SUCCESS
Portable Blender httpsgeni.usAx5zrU.mp4,1zGF2qzuvu7KO0CFjJk8yXKB76cAeINMW,https://geni.us/Ax5zrU,1NKkCXKu4MPUnR3EjXAYRMjcf9Utjrxqx,SUCCESS
Scoop Scale httpsgeni.use2T1GA.mp4,1aQBU7fSSoZfM35_uGsknvCB5YsIYUZIb,https://geni.us/e2T1GA,1ZvipdRT16I9VsbRinhrk4IQoKrSfI-2e,SUCCESS
Fabric Shaver httpsgeni.us3KSuzj.mp4,1hp6W47i_P3rs5cRD-ZLDZEgYjgGo26M1,https://geni.us/3KSuzj,1NTbsTi7nYLCXAcW4mN9Ab-XRu9mICqfx,SUCCESS
Paw Cleaner httpsgeni.usW1rFP0.mp4,1nKmthc7VXNQZf6ZqgoDBCxyoaFjVN2ZN,https://geni.us/W1rFP0,1mDRjUOqxIqSe_EPRpdIWb7Iog52GMwuI,SUCCESS
Spin Scrubber httpsgeni.usShoOSC.mp4,1pR1Z6RI-Thx3GnT9OztUKnSEzeAk3DUz,https://geni.us/ShoOSC,1zm94u-KArvJXU_4YyWw87hIL4WdfZ8iW,SUCCESS
Glass Rinser httpsgeni.usdBRXmY.mp4,1hJAzjO7CwgDtz5I2QEU8Pu43d8WwTicm,https://geni.us/dBRXmY,144C2hDw4onw426Rmy_WbvauXf3rZl-sy,SUCCESS
Battery Adapter httpsgeni.usFD5ia.mp4,1dNDxr9TEF6mu8lpWh6Wejy3BJ4cdBGPw,https://geni.us/FD5ia,1mndwq20S6XPwMqDQJe_uU0tR81ZvX0CC,SUCCESS
Fingerprint Lock httpsgeni.usFD5ia.mp4,1XFbD4Qfm45mX3dXv8stXbejWQCWqPFuy,https://geni.us/FD5ia,1ThA3LuNT9cRN4DL_IB78yUp_ATsH9_cR,SUCCESS
VR Treadmill httpsgeni.usYFBPV.mp4,1JCXOr5LFP2bZVJJ-JX59R0RMAGEEG_H2,https://geni.us/YFBPV,1gSGqysD7TcDeZV2wvNrwI9fPGuicsfNa,SUCCESS
Travel Iron httpsgeni.usM6VVOA.mp4,1xKhrkouG4btHyg1Ralz05pEIZqh97k0Z,https://geni.us/M6VVOA,1BE1NJE-j6WSr-529ld5MIvV9aMrmZK6Q,SUCCESS
Boxing Pad httpsgeni.usxUBtn.mp4,1tjfFgLX_8Ltm1D3SPEYdVCiazYYa8mQ-,https://geni.us/xUBtn,16njnxEeaW1fbcn8KeHKqO1NtXyOr0Ju6,SUCCESS
Cat Dryer httpsgeni.usx1Ed.mp4,1C3IyCp9lE_W-WCyez1AkeHY1aXa598gL,https://geni.us/x1Ed,1WdzVmfTtqNiIXH3x9D-6OL_tal-amr53,SUCCESS
Electric Lighter httpsgeni.usxb6D1.mp4,1lA1cXErRz9RJk8wc5DsSY_Jnzfs3TsD3,https://geni.us/xb6D1,1nE2dPvColqK9Z2_8CBV8WzocdiF6y1Bm,SUCCESS
Hydrogen Bottle httpsgeni.usB9EpSi3.mp4,1w3ILIHtNKKzs7VEVu4hOD3SHd3DYZ7oV,https://geni.us/B9EpSi3,113r47AViWQfa-_L701uvy9FZOXoq_DON,SUCCESS
Smart Toilet httpsgeni.ust6D12.mp4,1-fWLzvP7XOT8FwlXmM5bAevGzeWQ1FKV,https://geni.us/t6D12,1Vbbreg4jGiLfx51zXmHkBdtYhuT6iifO,SUCCESS
Laser Measure httpsgeni.usX3lTuDp.mp4,1DBwF6PY9HMgrvajEyymDZHOX4qfezV5q,https://geni.us/X3lTuDp,16d874vh7nbDHap0uiAo0avoZRmUu4pNG,SUCCESS
Motion Light httpsgeni.uso7WRA.mp4,1CY_5Q8fwve6sIQ9-OxyGXSEwA3sUpp4J,https://geni.us/o7WRA,1klJ-SMbaGabPDi8Kz4rakC9v6O8cWl0Z,SUCCESS
Corner Lamp httpsgeni.us3pT3T1.mp4,1Vura84-TS8EJ1LNsubUA0PUdId8whlJM,https://geni.us/3pT3T1,1BgThUQcXzHL3Wtu45Auk28prP98_2c-f,SUCCESS
Heated Pad httpsgeni.us9ta0s7.mp4,1kyoiKyoMFrhCRcQOugDiJxZJQM2yR6Fa,https://geni.us/9ta0s7,1PmG6PyMsgKRrzVYE7ORGPkWeohxwT2wA,SUCCESS
Mini Washer httpsgeni.ustmlq.mp4,1IM9xtAmIqgQAQO6X_TxHgbAK-KcmDXc5,https://geni.us/tmlq,1tVW92ektQJZvz5HkDsjLZgY5WvtjnixZ,SUCCESS
Massage Mat httpsgeni.usFsClv.mp4,1VcorQ0cedke9Bh17Stsw5rKJAUgdYGI9,https://geni.us/FsClv,1u_1BVWX7gM-F0mXsg5WFw_hbxlQm5E4Z,SUCCESS
Smart Lock httpsgeni.us0loIqe.mp4,1jz_MvP1WmxO8J6x7OZ537VMmlLoAaWxZ,https://geni.us/0loIqe,1gI-lFhRQeJeMF9-FNa8bTr6ji_exP1eR,SUCCESS
Wireless Stand httpsgeni.usbzE4jX.mp4,1-k2548_BPHQJunPnL_AhBVbbalMAY3oo,https://geni.us/bzE4jX,14zgHvT6nRSu-CFrciG_0VrJFy17ivNFH,SUCCESS
Flashlight Gloves httpsgeni.ussmfj8.mp4,1bVrBn1Av7pfLs0_UKBnHxUu-ULBc2Tnp,https://geni.us/smfj8,1SijD2YzENGgk602s9qKh4T1mymO-4b9o,SUCCESS
Steam Cleaner httpsgeni.usBYmvIWB.mp4,1bPYOq9ewkDI6LqT-Larbc4RCTYGJOGpS,https://geni.us/BYmvIWB,1gu1u1XkaR0DT6JZ2t1uh6XNT987nbaHO,SUCCESS
Money Jar httpsgeni.usR9tWAr.mp4,18UUwfVcwdBXEqFSb5JWWJuKKmmskMyLv,https://geni.us/R9tWAr,12Rn9ulmfJtGNkqbKdm72mubkCO1MIdjX,SUCCESS
Galaxy Lamp httpsgeni.uswV2cA9.mp4,1_dei5aK_ZZ8M6zJyctMT12YjCVO7EMBm,https://geni.us/wV2cA9,1ECHBzzHdeA62Ype1jm0k_8IpR4_VeETq,SUCCESS
Shoe Rack httpsgeni.usAoeWIBO.mp4,1HYOSHiBxiMVu4ssWhXsyJF2_FxOqaMBt,https://geni.us/AoeWIBO,1wc2pHJemw98HI48QxMbessWpLygVqAJo,SUCCESS
Label Maker httpsgeni.usFXuU.mp4,1EIjQeMT0KfKY18GkTXXGw8O0K-8TtYwT,https://geni.us/FXuU,1h03nTm9xnZbGM9hJN6Gc_TIFvzDZP0WZ,SUCCESS
Smart Panel httpsgeni.usqarSyQB.mp4,1EKVYX6CIts8h4rXdhKurPpVpJVGe3z1l,https://geni.us/qarSyQB,1zWl1KtoTXkhpJEDGYkadwvo1BJWlNdro,SUCCESS
Digital Airfryer httpsgeni.usu4uP.mp4,1J6YRiZbAHSjUB8C5PbCR2-nBRAdopRxC,https://geni.us/u4uP,1z5CyUiQ5Zq9rQmmytd1Vh3By4rKMjGiG,SUCCESS
AI Chessboard httpsgeni.usmCOOO.mp4,1SCqFmbVo1NBc3EgPwPrsL20xSLpzwOKA,https://geni.us/mCOOO,1nNzs5fOIy0hj3NsNik_yZXrpLQ1KBrx0,SUCCESS
Loop Solo httpsgeni.uszmnAb6.mp4,1uOvNrXzrh8XvK3ZpwuuTTUFHEjPApfI8,https://geni.us/zmnAb6,1PDLRKvGP_FSUQY1cSCXLvZA9KX1O4L-A,SUCCESS
Outlet Shelf httpsgeni.usBOuho.mp4,1lq10PLkDnEuHT1UerpXaVFSVNPNP0olh,https://geni.us/BOuho,1OwqSMeMkxPmfHdZL6tRM6u5-hG1mGTjp,SUCCESS
Whirlpool Bathtub httpsgeni.usgHBBt.mp4,1AJsgzMTOOPiZ_vh9uzvIzvfe_iD2ATSQ,https://geni.us/gHBBt,1pUgIXUKCebbdEOznF0_WxV9deaQKi_4b,SUCCESS
Phone Holder httpsgeni.uscDFYs.mp4,1xvKkqjT8qEuglH0PY_p4ghlBWLjXHJPN,https://geni.us/cDFYs,1GoGpP0Xq7UmfrE6_W9_gxmLnMgODQocx,SUCCESS
Waterfall Kitchen Faucet - httpsgeni.us236Wp.mp4,100ovNM3uWreflLPLXarBUbv4O2yyZ3cD,https://geni.us/236Wp,1GdMiro2HdeirSqXajSaaSiTN83rmCLXD,SUCCESS
Vegetable Salad Dehydrator - httpsgeni.us8wC1nDb.mp4,1kjhNBPCFIgFi9zTcvZUkGhYgqx693uBX,https://geni.us/8wC1nDb,18NCxUDyRlUzyXmHL6ZVVAp8gvT_nbl4n,SUCCESS
Sprinkler Massage Shower Head - httpsgeni.usEiMwj.mp4,1aIi_oesMI9ypcQposE5ailsRlfdBqzag,https://geni.us/EiMwj,1Favw5uF61Xzh-rXlo5vpot_0KjTad7GQ,SUCCESS
Strealinem Mop - httpsgeni.usknVY7ZM.mp4,1bXlOdkM2tvwlKxGVs3ofCOnOR1WBl2uK,https://geni.us/knVY7ZM,12w30hS2XeVdo-JFCkpNcwprmG7R6LfAd,SUCCESS
Sobro Side Table - httpsgeni.usuU88m.mp4,1VcMeUvWZRagJkHFLoT0SSLr6-04X2FOO,https://geni.us/uU88m,1eXezP5McJ5H-QZjVuzjF1DyiYRczlVv_,SUCCESS
Shoe Covers Machine - httpsgeni.usU4r1.mp4,1rE-4YvOiqaPMuKQ0qHCGeH74L1ele_Mc,https://geni.us/U4r1,1vEhMRysJS6l1Nwtm4pFwZAC8KKju_4Oc,SUCCESS
Rotating Shoe Rack Tower - httpsgeni.usXe8Ag9U.mp4,13uQfr_iVA7mmtsb32nZOR3gdMY1UJYhs,https://geni.us/Xe8Ag9U,1VwxPJ0Awec4ye2DursyL6_mz2XcLvbY0,SUCCESS
Portable Toilet - httpsgeni.us7qV2.mp4,1s6CgRZQ2dBu7hpXpBPCz4zc74q-vsoxr,https://geni.us/7qV2,1K2oUf859rT0UvkW3LT3lkI6upZX3llbp,SUCCESS
Portable Mini Washing Machine - httpsgeni.uswlRY.mp4,1rvyXDcbZA4yqfBHWdQxjbhCQMNrAw3Ik,https://geni.us/wlRY,1OZ0IoQ0YdlOKHSJfdF6T8By1VVuaRAAo,SUCCESS
Lock Sheet Holders - httpsgeni.usVCqP.mp4,1cFgx4dkKbsIUv0Pd21n-SFDzDhlUmkVj,https://geni.us/VCqP,1IqxeIslhK6aAbkfZJ5Vb29D7UEfkCY_n,SUCCESS
Laptop Screen Extender - httpsgeni.us4nvdej.mp4,1lKI6T-YHoRcafCxr-SuXKmgYCrXgT_3-,https://geni.us/4nvdej,1640lPzzkm5VGuMkcOsHVJ9-prEM91PfB,SUCCESS
Jellyfish Aroma Diffuser - httpsgeni.usZSuJ6.mp4,1npCxHxT088BqMRUiGKbdZopcdvF18TCQ,https://geni.us/ZSuJ6,1M-VFasNhBepHmAko2UitlvQmf7EVB81U,SUCCESS
Ice Cube Water Bottle - httpsgeni.usrHup.mp4,11gHAsAiZVRMgNkGSsSbvuV2_6BympvZd,https://geni.us/rHup,1C3z76W01bIh_wpGQXRCZsA4EK2r4bAm1,SUCCESS
Furniture Lifter - httpsgeni.usnDAc.mp4,13XvY0oyVduu4Xg0jMmwpRUQTNbpCOvVo,https://geni.us/nDAc,1dtRlxPi3DZ4RSGFknpQNcFcWFUspe0aV,SUCCESS
Foldable UV Heater - httpsgeni.useKEPf5.mp4,1RS-77tUYuWey-I5xUHkU2cBTGeQ0qYud,https://geni.us/eKEPf5,19q8hEzcKrRJbgQvtvDwKKr-YyX8UPGWl,SUCCESS
Foldable Shoe Box - httpsgeni.usSuZYwJ.mp4,12RZ6lB2iHm2M5nbVQ7cEdAlHJcA1w7NN,https://geni.us/SuZYwJ,1s6AVQ3Q4-VVNLpFq4ABaPyeFSOALjSqW,SUCCESS
Electric Window Vacuum Squeegee - httpsgeni.us1GAZU.mp4,11IOuaXh36BeXj9h_Kz6LK0ks_R2uq8kZ,https://geni.us/1GAZU,1yPuZ55tzXN0hDCBgmYFRtqm2XRk3qcwr,SUCCESS
Egg-shaped Smart Toilet - httpsgeni.ustuARiN.mp4,1X9dsA-QrdEJxZC3HFZy53xHY2fZ7jpYU,https://geni.us/tuARiN,1nHJE7MYTVyNo6mQ-qTPz6KVwrpZFKmez,SUCCESS
Bluetooth Speaker - httpsgeni.usl6h8o.mp4,10zmIDwG6jAD57PfjyLbgku6sYM3P3TVE,https://geni.us/l6h8o,1zLaDI_YNcejQyVoLb4_E_PR_tUil8D3Q,SUCCESS
Baby Protection Drop Backpack - httpsgeni.usyuzABT.mp4,1qMnU3CrqXCH58nuCtbzqgn1su4hCFa-z,https://geni.us/yuzABT,1kLyeuw6-rj-FPSmOstUf_FQkpGdyxRq9,SUCCESS
AUTOLift UP&DOWN3000 - httpsgeni.usSZhI.mp4,1AT2QtQ_-6GvByycYS7XKFcyxfnv9RYrv,https://geni.us/SZhI,1RDPNo99Z8mUao-FpixMz8bEfL_zmi38H,SUCCESS
Power Station httpsgeni.usdcXBqo.mp4,1gCIQU3opxM_FYc30LkfEdjOVe1NVNFG0,https://geni.us/dcXBqo,1FgmPEk0MEHjqvhxB5T6WqIfHnAV_WYFy,SUCCESS
Table Fire Pit httpsgeni.usnW1oP3.mp4,1uM1qXgiX-ChOdDKg2bpaE3tddxn5G7b_,https://geni.us/nW1oP3,1WJI0j8NDH1RBphshb2LP2QsNBcjhJS--,SUCCESS
Raised Garden Bed httpsgeni.usSBrE7Qs.mp4,1FLHoqJ9AIWMrV1_Tii3QvvT-v1Fb37vt,https://geni.us/SBrE7Qs,1wOrx91-A6QpZ6svUq2eODl2gzb9FiJyj,SUCCESS
Inflatable Pool httpsgeni.usUVK5Fao.mp4,1t6GGydjqvhusdeVqyZojxSoB2yGkTpCy,https://geni.us/UVK5Fao,1E8KEqo-x-uWl2pHoG78XGWhESGaWb7ax,SUCCESS
Smart Sprinkler httpsgeni.usZ14RCqX.mp4,1AY_5Quy-5UzeZaMh-cWqCBwbPQ0ez3mP,https://geni.us/Z14RCqX,1gVdCp9VE-Qj1ffqKGTMmJkC1FBWM_9tT,SUCCESS
Solo Stove httpsgeni.usKzWoOY.mp4,15fLq43AXCe7oEs3K7ngH6K0dJO4IMTml,https://geni.us/KzWoOY,1FXZrgV2xzv5sqW8m2lJphyfG6rAofQe-,SUCCESS
Bird Feeder httpsgeni.usNYOm.mp4,1tYVyWEEdYIAW4wKyJgwqzaLfTK6bm5gP,https://geni.us/NYOm,1tvyIqsZdnNEh8ac1D1A0TsNgT2TLcPxl,SUCCESS
Fire Pit Table httpsgeni.us7Ur5zg.mp4,1Jv6836lIYqpM2NUek7HQKjg4TLRVQlde,https://geni.us/7Ur5zg,1RwcRginLD5M7yeHWiCz1PlkPodNXt6Zk,SUCCESS
Foot Massager httpsgeni.usWtein.mp4,18lbRRQhF2RoSk62W3VWRJ1tQoKVXDVX1,https://geni.us/Wtein,1Qg8xzjVLpUqM3qJSUcSKJL4WdwGduWFV,SUCCESS
House Gazebo httpsgeni.usxNgF.mp4,1t70xMelgUecQRl4_n1g3L7SJDGWRpbqu,https://geni.us/xNgF,1MFcZsIPLokL8Qf-l6DwJeI7btfp130sT,SUCCESS
Bug Zapper httpsgeni.uswYjGb.mp4,1JtuVTU5NgZo-absc3QeE_dE47HFGezfx,https://geni.us/wYjGb,1KFOxdyFjS91QCaTgBlFKssBWYiTTebtm,SUCCESS
Pellet Smoker httpsgeni.usSAB1b.mp4,1fgPnDryhOFTaYkiZUx52i-zYLrQLKMnH,https://geni.us/SAB1b,1U3UR4iD83gmPTCs25Hn4fbr5htkmu0g1,SUCCESS
Sun Lounger httpsgeni.usKrFR9P.mp4,1WERnh50ArfLScucRapmjHhizNk1I4nKr,https://geni.us/KrFR9P,1_THbPT3iHHp0GZ8Wcby0K0x0tz1R92Bk,SUCCESS
Tire Inflator httpsgeni.usjA05Z.mp4,17c3ERcHyqxc6CFqGPTgbzzRnwkgxYpQJ,https://geni.us/jA05Z,19ZNTW9rnzHJKWfv4Bq4aWkLaRp5Xiw2a,SUCCESS
Garden Tiller httpsgeni.usVh2T92.mp4,1JkvzlpwE-Gu5s5y1lgr0qbJBu35hbiTZ,https://geni.us/Vh2T92,1FHz3rKgRXmHP9wp_vuOIsoGa2SDjUgyI,SUCCESS
Weather Station httpsgeni.usfS5D.mp4,1csfWzL-5hvb97bJWkCESw7A3lzQA17p9,https://geni.us/fS5D,1EDwacr1t8-kucRns6t8K2Cc5WW_e7Pic,SUCCESS
Weed Puller httpsgeni.uspNxG6WG.mp4,1U4B4VC4PNvZ9KkCeBr44wpvsuMkKZKvv,https://geni.us/pNxG6WG,1k-tTuz7i8jfSpKEb8V70EA-OoRp9aKCN,SUCCESS
Cylinder Projector httpsgeni.usWN1T.mp4,1tBPGxM3Xm_qSCnTEY8pvca3t3EUwv878,https://geni.us/WN1T,1aldwQza0DbTuqFIV0vdDvJRujReIaNR6,SUCCESS
Cool Bar O httpsgeni.usatAETp.mp4,12TYtkJgyuSLxO4kK7z0wHQLPLgzVIT3F,https://geni.us/atAETp,1_uKjxZhlINp19UDxoQZRJOGQ1r9q3M1y,SUCCESS
Kick Darts httpsgeni.usXZjnRWY.mp4,1BKGHV9xQZVmE6bw6_BDHfOB5CgJev7qv,https://geni.us/XZjnRWY,1B1o5ueqS98_ndiql78Na9PHIY-x3Sewl,SUCCESS
Party Island httpsgeni.usPur1Sx.mp4,1bkK5ShVbV45mnPbmM43bT7nMwvkHydwd,https://geni.us/Pur1Sx,1jNoybxLdy_kJmCe0i86ffIjT6VobsADB,SUCCESS
Patio Heater httpsgeni.us7Zk36.mp4,1dXCRjTQAGbEq6ZQrCvEYSrksHKmOART-,https://geni.us/7Zk36,1bi_ES4A1otboC3Ss_2SsjsrQkg4KDe1T,SUCCESS
Riding Lawn Mower httpsgeni.usBAB93G.mp4,1TRP2_QHCqDzLBRZ63QXYPekKhTAvIioi,https://geni.us/BAB93G,1uEJSnj8CY5M0zZVczsmBomAt560Vn0OU,SUCCESS
Portable Hot Tub httpsgeni.ussYRsoo.mp4,1Uh5x1PHbQQqKS9O4glwgLfarlN_Ne_72,https://geni.us/sYRsoo,1c4MkP0JZ_exOZ827RqRnDsBQ-L1Xnqfd,SUCCESS
Vanity Mirror httpsgeni.usehMwxq.mp4,1YIU2gpCP0lqrh7ewZHbJv1gRxnsCu2T0,https://geni.us/ehMwxq,1fzGa5-nhFD3xbJFzo34ZPHaaO71a1Xfk,SUCCESS
Cosnoo Table httpsgeni.usRflqo.mp4,1tzKTfpdNBR6SSWzsSAa2VGoRqBjG0nyS,https://geni.us/Rflqo,1vfiChz3p0bvz_RvJIwZOpIzsRYuiGhh4,SUCCESS
Bag Sealer httpsgeni.usVal7xv.mp4,1UasCxa1P54QHsitY3JO5LY-jEPdcafHQ,https://geni.us/Val7xv,15in1-lIejuaz3NJ_kvLeadyZk9VlL8TL,SUCCESS
Hoodie Loungers httpsgeni.usSW87bC.mp4,1AHdSQoZ28PkqDzGaIK_akhgD8t-tOnDz,https://geni.us/SW87bC,187f1tFM8wS7aZD-dgkXRPXZYqpt-Co-2,SUCCESS
Portable Charger httpsgeni.usbn1FYy.mp4,15Nd_o0FAL-iEFctuaiRIpBC6GI6KmRIk,https://geni.us/bn1FYy,1kEnUFnrWtg1mst9Nu4xwf6tXGzXCNuWU,SUCCESS
Carpet Cleaner httpsgeni.usqvRu.mp4,1IK_3Aj5lqxZ2cvGuF96CtKNm_ZE4gnP9,https://geni.us/qvRu,1Yk_EuhE_3auNmsauxytjbqrVbvuBlry3,SUCCESS
Mini Washer httpsgeni.us8uAPU8.mp4,1Ggpln6zPUtzqiOQNkhp0SPXlfISmfnLE,https://geni.us/8uAPU8,1BY7eII_XFycuMYNJa45HfWhxEbnXcVjs,SUCCESS
Vertical Mouse httpsgeni.usvc9fwwW.mp4,1Xms2p-0Rt5ygebFFBcVUe7YZ_njMIghz,https://geni.us/vc9fwwW,1ROL9DkJ9Wqwhny2Ur7smKAA-l6VZQLip,SUCCESS
Titanic Humidifier httpsgeni.usezPYB.mp4,1IPTo1FUKGDXc8vp2QNTuJdgANUgs9KiN,https://geni.us/ezPYB,1Pknft5ipr9AoYnJjhVs6bPOAFNot6-qn,SUCCESS
Smart Lock httpsgeni.us6MCZgt.mp4,1x1Y5p78z2gCDoz-wkJjFwXLH56CiZzlC,https://geni.us/6MCZgt,1trjAQsvReuK5m_i5-MtLk_NqWPQ1exH3,SUCCESS
LED Nightstand httpsgeni.usl3P7.mp4,1DxIuwkhwkvuZE06mqD32Q_fhoWwlvb5Q,https://geni.us/l3P7,1X6PnBYc4_UmJ-TWiEO50KGWdySefYR0E,SUCCESS
Charging Station httpsgeni.usLf9XlVr.mp4,1xX-2Ps7ra0g4OaZBFYjSAffOzAvrWU_K,https://geni.us/Lf9XlVr,1EGktY7IxYVWE-yDPdaVXr4HjL66RIom6,SUCCESS
Straightener Brush httpsgeni.usmAocv3c.mp4,1vLhR5WbZJP84g2m4opBgle_WheMtRumd,https://geni.us/mAocv3c,1IzDgKOhEVYAOMHnLQEx8STGvPsETvbVm,SUCCESS
Corner Shelf httpsgeni.usB3HKkh.mp4,1oGgj4h3e7rL1x4IqrFRVKfs7QoV-h42D,https://geni.us/B3HKkh,1DIgwd__xD64XVNNO9CrsBA_jWhzHdXsO,SUCCESS
Lazy Susan httpsgeni.uslEJt7.mp4,1yjDVu03Ir46FqNa1mr8fpaWgnf3SqJn7,https://geni.us/lEJt7,1opX__4hN5uzMhJt-p_XQORjf6OB85cXr,SUCCESS
Robot Vacuum httpsgeni.usIO6TAsi.mp4,1GMdQEDjS6rxEu190Kk8jM1oDyIc8t2nz,https://geni.us/IO6TAsi,15oUrxwsTYFp9E8O4keyTlhxOjyY7Gu7F,SUCCESS
Fingerprint Padlock httpsgeni.usMQzC.mp4,1KT3Z7BnIcs5yaE89DwNMh83dl0xF7v1c,https://geni.us/MQzC,1ybOvZ2clJISXwQ-rAzT3rTjVuAyeYDk4,SUCCESS
Utility Cart httpsgeni.usOEutEV.mp4,1QyD0MernIBaJxsn-fFD5pc7Y-EUdNAYx,https://geni.us/OEutEV,1TbNSktywi_x2slRJDso9pidybIXAeEqJ,SUCCESS
Portable Printer httpsgeni.us59axzk.mp4,1KJWLoO03jsQ3jIUOLJVzFF1Kst-iU0aQ,https://geni.us/59axzk,1X7PT_HbTyzQiGpTdaGBLIdpDNeP6rz04,SUCCESS
Mini Projector httpsgeni.ussUDfI.mp4,1B33DmrmNdTCTH-tkZISxcvWaua7qrqR1,https://geni.us/sUDfI,1RrprhWcTDJPu0qfuwdLyFcqITwe2NHOl,SUCCESS
Ring Light httpsgeni.usSWB50t.mp4,1lMnskEfpM4Mq258D1A6QutvsU1UfrF_q,https://geni.us/SWB50t,1yur96j_ezt4Rd72q3yrHcDgkfB79z7vR,SUCCESS
Rain Cover httpsgeni.usoyAQ6.mp4,1lehhOGcIbyGDf4O_f8hZzG_1WxfSzn78,https://geni.us/oyAQ6,1T1_gEYEGQvPpnb0hTLDotSR-44DXQn3m,SUCCESS
Dog Camera httpsgeni.usV5V2qj.mp4,1ncL5TrbW0TnV63-OeNqfufEcDpT1ktm4,https://geni.us/V5V2qj,1OQJtxcVxXyYty6ECwFZsEpa2aw4ROzzf,SUCCESS
Cooler Backpack httpsgeni.usaQYOqH.mp4,1Oq8kFnUV96teGipw_RazJCXd4BIUQOQg,https://geni.us/aQYOqH,1vihruzWsc5v6UqP_ROTVT2QmeVxsVjZF,SUCCESS
Litter Box httpsgeni.use5NZK.mp4,1mnu2lW6PCX1AW4SG86BDCOSVO8kIE2Qt,https://geni.us/e5NZK,11Dbo-MPbjLjOzzOr-Gm4cedYJQSX2nJD,SUCCESS
Smart Toaster httpsgeni.usZ9s7dr.mp4,1O6NrRKjuq72v99xIPI8B_x7gVwUfJ2I8,https://geni.us/Z9s7dr,1tS799MdSvi5EW63XMNlapn1dArckHHFI,SUCCESS
Cabinet Light httpsgeni.usqupO.mp4,1s6R6MuqUijbRpCa3WNobewWfigm7MAac,https://geni.us/qupO,1bUA9Apc-uw39mHxvTuTeGcph3eauUUdI,SUCCESS
Espresso Machine httpsgeni.usNFcBoxn.mp4,1yzafn-v8foSQxDacUl4QXFFoXc3Mfm5M,https://geni.us/NFcBoxn,1OzAoIofmfH5j_ggIfub2yH0y7xZQYOlR,SUCCESS
Slush Machine httpsgeni.usfpNbK.mp4,1n6tBSgnL56ezHWCgf0H_ziKi2avI5_e4,https://geni.us/fpNbK,1heBe3psf66AsVRrCY-ZTVomOalHkhgxa,SUCCESS
Salt Grinder httpsgeni.uspvuZPo.mp4,1TOTLGRd4CyzrL5X74dfs2ERI6UQNu1Mo,https://geni.us/pvuZPo,1OnoDUJReS90x0gV2Pq2wZQts5MmSgtNn,SUCCESS
Sous Vide Cooker httpsgeni.usI6tJTt.mp4,1eJQ33-MEucwrh5G1CUGLmctrzMnFC6e_,https://geni.us/I6tJTt,1DJvQuB_oQWMGtmtYeFsIPoSJE-FJWsul,SUCCESS
Portable TV httpsgeni.usfgWgS.mp4,1IDi2ofmrwM_I3XSKzeoMlSpC70_hx5zY,https://geni.us/fgWgS,17SL8xN0D7xMK0mOtQIOrX1eS5_BPBwfN,SUCCESS
RGB Soundbar httpsgeni.usHivE.mp4,1fj0luUDmHKmByXC5e1wNCClivojz71SV,https://geni.us/HivE,1t47srOX0y0anzIQGkTmlcSS7qsf3BjEs,SUCCESS
Clock Humidifier httpsgeni.usQfDR.mp4,1STt1t7XfHU7Bk4kZYKX91atPnKCaRKEM,https://geni.us/QfDR,1YBnnU22rHNL-zsQnD6KfOW4mNu3F734v,SUCCESS
Tablet Holder httpsgeni.usQuXjA3.mp4,19zGgM8lKdkyU8cjdo0feUW1HhyMjop5Z,https://geni.us/QuXjA3,1pkWLIzqEHuW2r2KC7D4aDL1WJXDkEkSE,SUCCESS
Kitchen Scale httpsgeni.usA40plCi.mp4,12IC1dX24VTrmzEkttYp_RTogXp7QxtPL,https://geni.us/A40plCi,1WtdDXN7o3dDgwmxN6-YAWddPhC1RhZhP,SUCCESS
Digital Calendar httpsgeni.usOgQ3.mp4,1yVU5XwSNtKFYiN5DedOWkYQsakDbZOIK,https://geni.us/OgQ3,1mY3DYFgnpoSKXq4bSWszjYnEkJbwDVsK,SUCCESS
Smart Coffee Table httpsgeni.usxqDClge.mp4,10lrFaRw0ftbLzS-6w4KMkhR-pGAhizn7,https://geni.us/xqDClge,1rYa-Yo2_nufstLhqBSzrHR4MIqKHvhoZ,SUCCESS
Moon Lamp httpsgeni.usACMBKf.mp4,18YEtS8p750caCmyMK13B7zR00nOKhuHv,https://geni.us/ACMBKf,1-Vx_VwNn27t-fMX5YwkqqV9uedUDUg2a,SUCCESS
Steam Iron httpsgeni.usRusiFr.mp4,1d3PwsVENNk8a04Vbe24KbguBNtMGzxvs,https://geni.us/RusiFr,1EJRyYBn_ukyF9OkMBySYucSYF05F9lcG,SUCCESS
Wall Charger httpsgeni.usWV77G5.mp4,1ds6sWNeoLnATUjh3TeqWqCOC927UbWrF,https://geni.us/WV77G5,1tDTBaUg749RDuVGwX0kaJW7R9PU9ERM7,SUCCESS
Touchless Vacuum httpsgeni.usI98k1Ne.mp4,1FiayTRobl5YmpRkAijDlrphVYBEYYHs8,https://geni.us/I98k1Ne,1f-ovyupgUNGRTuA691a2NyIH8zqzfUBF,SUCCESS
Massage Chair httpsgeni.us5x0K.mp4,1Qcjnhg7lhAiJ4TSVi-3aM1FaTcq2L2Pf,https://geni.us/5x0K,1O1iK9SPVKwDiRd3nzOy_Fp_3VTs8t56Y,SUCCESS
Back Scrubber httpsgeni.usOZcw3.mp4,1Kq3a2HUMhDpCucMtR__yzpJr0ozZjazm,https://geni.us/OZcw3,1ZnfmlAOVusSDOmT2ibktxvKNxTG-VKGr,SUCCESS
Ice Ball Maker httpsgeni.usFmXbU.mp4,1L6zpkgeq3ziEr3m1FbTNpTS52BqLrjen,https://geni.us/FmXbU,1y87D4tWLZxDQebv52Z-k-CxxKI-GCJQ4,SUCCESS
Shoe Dryer httpsgeni.usGvA22.mp4,15BRxIzCMDv1C9k6gUoWowMTwfeS4X7R7,https://geni.us/GvA22,1UI1Q3saKmoLkU7tfOT7UqqmL0nej3b2E,SUCCESS
Smart Sink httpsgeni.usRVtr0We.mp4,1Y4N_R_gTYrsoanfgyy3fZs5eb46sn--5,https://geni.us/RVtr0We,1jjVClkX9QNueB9AttIy73In48TXKTluF,SUCCESS
Ice Cream Ball httpsgeni.usgYJHE.mp4,1NvCLxq3sD58xa7WNdDLEvtpdflhc8UPb,https://geni.us/gYJHE,16KBwlF-N6MTf6Bf0CCVF0otAvVJH_I59,SUCCESS
Whirlpool Bathtub httpsgeni.usJpnI7R.mp4,1cajzu8cPhYz-JzSUAbrC5OLzIuy_uuH7,https://geni.us/JpnI7R,1LEAMbImSOakF8NtYe2nfX8pvihIzc9FT,SUCCESS
Toaster Oven httpsgeni.uskukGqxk.mp4,1BFUG6KQS4u5gYhAUQtIRm6Qnm6rRjIYp,https://geni.us/kukGqxk,1KwbAYUhfKSVydGSB4Tmud71Ni_L_kmYG,SUCCESS
Pocket Projector httpsgeni.ustv5Ts.mp4,1AqhBCu-4ptyl0EdJT8Nc6pl5eCS3xj2k,https://geni.us/tv5Ts,1buwOr-i4dIwPp2BKg8e7ZsS-_6mmeg-p,SUCCESS
Smart Coffee Scale httpsgeni.ush6Qt.mp4,1gjVQexvSPqX95O9VPDQQ3WjPRBhabXGd,https://geni.us/h6Qt,11322lU-C1n5-Yo0qUG8V59h9Pa7upv6x,SUCCESS
Smart Toilet httpsgeni.usSvOn.mp4,1hr6iH5Gpmj1qIb_rYj4cjL8-JHt-hsoU,https://geni.us/SvOn,1HDFM-7Og5h_F4a0saqCirLYR2904d0yG,SUCCESS
Foldable Overbed httpsgeni.usDgMg3pU.mp4,1Ku6vCyAy5yYKhVed4LzTwpNVZlQrnqC1,https://geni.us/DgMg3pU,1zWgMlbnDc7TTCuQbr9SaqE-tO1nLIE-g,SUCCESS
Animal Loungers httpsgeni.usdfSLO.mp4,150nCvKGmiLgThqZJJ3Q-92Ttn70Nl-lC,https://geni.us/dfSLO,1PV14oG7QCU6uu5c9J91uQxe1BIcCvI_4,SUCCESS
Wall Lights httpsgeni.usaOJRhP.mp4,1DlQL-Xt0xpf2iUfZ5Oy_FU9MwPBO22w5,https://geni.us/aOJRhP,16ynCvYBdX7dcxmYwN3__ag4RMEW8X5GW,SUCCESS
Rotating Outlet httpsgeni.usBbo07zi.mp4,1Riy97rGmUJ9O0fojASHF6yesdQ5Y4CUD,https://geni.us/Bbo07zi,1ZI_VYEky-nacIat_ST31DeRxh2Uw_2EX,SUCCESS
Motion Sensor httpsgeni.uszE54Fx.mp4,1Lb8Frv2vo7hrsB9z4Ft5oqd1cf1JpCwT,https://geni.us/zE54Fx,1lmz-HpfY9m76HSomkBWlwtFDHwIoDnjU,SUCCESS
Extendable Turntable httpsgeni.usNWnpHz2.mp4,1VPGoNMY1XTJeNSGuDRpwukXsX4RswFN8,https://geni.us/NWnpHz2,1V8Ji0kSz-M_mmbD-WOh8EzBoyMfWa5iK,SUCCESS
Tabletop Ironing httpsgeni.usNR61tt.mp4,1EyrtiJ4AYUeAU9MC2uVhbrphscVmls7Z,https://geni.us/NR61tt,1ibcpt1LQ8YgnxGouoGooNDoXBm-rxPC4,SUCCESS
Storage Tube httpsgeni.uswNy3Qyu.mp4,1fjq56UXb-Q5y2wUUk2jZsppYXv7RdqkR,https://geni.us/wNy3Qyu,1UNzP8wLys8bs19LBLE5DafymBMEBw7UK,SUCCESS
Air Mattress httpsgeni.us15cCbIh.mp4,1_xXnyhuL1_YoGaxR0mMLm2hhun_RYAs7,https://geni.us/15cCbIh,1-MmSvYHZ7_zXep4Ij-mckw0kSdEbP4o3,SUCCESS
Water Dispenser httpsgeni.usAAT5ki.mp4,1wQWbjzai_hFVRG2MX2TUcQidO7gZPb1e,https://geni.us/AAT5ki,125MEgvCCl2_sw1jFmcLRlsZ_KhohoR9g,SUCCESS
Rain Cloud Humidifier httpsgeni.usV7DdV.mp4,1K3x6rLWTBMR6qwg06thiSkdKyK2yCNgo,https://geni.us/V7DdV,1AH2UgrxUjv2GgAuCTz76S3gaq0PhP13X,SUCCESS
Magnetic Door Bell httpsgeni.usFxukl.mp4,1C1AGqhoeDBO-P34Dw_AWDGJ53B23PXEV,https://geni.us/Fxukl,1u0X_b5kgpNrLWsiZIlexfFfR9WxjEJWV,SUCCESS
Smart Planter httpsgeni.usGhe3N3c.mp4,1VJZH326jduYSs-JUre88YOiFOEHA_bUx,https://geni.us/Ghe3N3c,1yCvaU1cR3Z_W1RGEuLIzKqJk9OP-iQbt,SUCCESS
Alarm Clock httpsgeni.usCGdCC.mp4,15rZ4DeCBiidKUzv4RW3SVXwLu4zSKx1a,https://geni.us/CGdCC,1mhISGKwjvkpYi9ZeswyG-lIBcEK2yx2e,SUCCESS
Lint Remover httpsgeni.usdHR4v.mp4,1_pftnTH0dtGDYA7Y7TtcTzM6_JUxSVL2,https://geni.us/dHR4v,1zUG8WzmKQeM5VmAptf85HWm3fe79pASF,SUCCESS
Digital Picture Frame httpsgeni.usK0nGpg.mp4,1kROAEaMo98bLGLlxSfEED08qeiOfBV67,https://geni.us/K0nGpg,1OHZnmmjy-Pw5GpSnuh03lB8RAOzzdZrj,SUCCESS
Smart Bird Feeder httpsgeni.usYB7aq.mp4,12_A48_55_lFlw4Eqe_lcVvgx8IcsG9jT,https://geni.us/YB7aq,19bebea4ooGs1Rp9vX5cIfrTiiegvE4tF,SUCCESS
Charging Catchall httpsgeni.us3D8AyR.mp4,1VG3PP2pkLBsRDw-vAu0951hW--leWbb5,https://geni.us/3D8AyR,1pww-SlaG_IYCGGWS7PXccQIey7d9Xmr9,SUCCESS
Book Lamp httpsgeni.us8ldY1E.mp4,1KN8zXVn5B17mJATrc_HXLOzycqnUMdbV,https://geni.us/8ldY1E,1Ufu-cwn8zRGhj7d9ms1nhyPl9PaCEknJ,SUCCESS
SmartTable Lamp httpsgeni.usSFND.mp4,1HQlq-KOFr51gueQgSU5Xf44rVSUjfluh,https://geni.us/SFND,1Q-izQOJE3FOizxkFjwCCAAnuchNKRmtb,SUCCESS
Monitor Arm httpsgeni.usS1MFuu.mp4,19LqsUaIakmLMuGRrfQAtpViL6SgRJkAh,https://geni.us/S1MFuu,1Ljd807Wmkrl55MdcX8a0Q3bKU2s2Ej1C,SUCCESS
Portable Washer httpsgeni.usyUbOHVk.mp4,1Rhglyn9L-iC8YmeFb3dHvLq9ll9uNNM2,https://geni.us/yUbOHVk,1286WQcHrVAXqYvEMqzrEv5odQLhXwFlJ,SUCCESS
CollapsibleKeyboard httpsgeni.usl5iUj4.mp4,1L3ght4Sp4gben3zDU6CWIGeYyv0N1sDT,https://geni.us/l5iUj4,1Bx_ZilUn0mBlu0Q3Pm6r_qvDw8HBNRMl,SUCCESS
Portable Scanner httpsgeni.usS2ZT6.mp4,1yfBob7dWYmuTtOojeT8jUqgF4G21CXG0,https://geni.us/S2ZT6,1v2aJ_855tReypxYnilrwzomYLcDnvWSG,SUCCESS
Platform Bed httpsgeni.usA8SHqC.mp4,1ktrm53pKWkySoVyWHHJg0iFzLGM_bS8K,https://geni.us/A8SHqC,1NQrCc98q7U7IX_y96gAfQwLT_9ueqKWx,SUCCESS
Cabinet Organizer httpsgeni.us1E2kTw.mp4,1WoW_6Wn-oONMkx-3hh1SUAx2lnTpZRzX,https://geni.us/1E2kTw,1NAAEpMH18WCv_cbCwo39DxJHDbb1CvLB,SUCCESS
Hanging Cabinet httpsgeni.us0Eg6R.mp4,1mpycawHTCpGtIDyU5nWKovqCk1sIBpyy,https://geni.us/0Eg6R,1yvhKrm6JY7m6ZoyHRyNBkg55b-_N2Qan,SUCCESS
Spin Scrubber httpsgeni.us0y9uI4.mp4,1HujY828wj1WhR74dL-Mb8IwkmBJfsNTg,https://geni.us/0y9uI4,1UjVbjlkZGh-Udl-ILsJtePs9M3f0SywF,SUCCESS
Bed Frame httpsgeni.usJtGdR7x.mp4,1-Bq-JrcrdOCB_G27x4Ho9O-0eJJQ12S0,https://geni.us/JtGdR7x,1i0zjyUuXNzgUjLHlhXJFBBje1vX2OiQR,SUCCESS
Sleeper Chair httpsgeni.usQ9zucaY.mp4,1dmgOaQ3uUUUQ7bJ4KJPF9u8Z_mPgnFgm,https://geni.us/Q9zucaY,1oaJGqOkw_4frr9bYzX1q0jHeBpisDOoi,SUCCESS
Cube Chair httpsgeni.us3fOwA.mp4,1FkKxQ7wF1nEQU3Etv0_fV0r7aVunelbn,https://geni.us/3fOwA,15Ooo-tZpwcQE2zHQfzyql1BWgBtpczP5,SUCCESS
Couch Arm Tray httpsgeni.ustWr4x.mp4,1EHKoKaTY_L-gptdqp9L7dIGUT3m6YqPP,https://geni.us/tWr4x,12srpa_H3ZUdFa-JMCZzNO3fIP4FyJ33P,SUCCESS
Magic Pants Hangers httpsgeni.us7N7M3.mp4,1E4mCqSr13_W1qVo5SXhgv_djhtKBzLhB,https://geni.us/7N7M3,1vEcYmEPnRb2iEe-0gFA6KFKhrvA0al4B,SUCCESS
Tabletop Fire Pit httpsgeni.usYx58I5.mp4,1JwvlwGR96SI_PRlVTjjxKWe8rop02O_i,https://geni.us/Yx58I5,1fr1V4ZeYGqpTL7oaw_WBIrNTeWDk2Qqh,SUCCESS
Shower Speaker httpsgeni.us8V7X.mp4,1L-myVtNsMwHcNYvpb8qGPaC97LyP3B8n,https://geni.us/8V7X,17T0vHBDwbj8SqniloaAAGRf-icIF2Fn0,SUCCESS
Oil Diffuser httpsgeni.uswYqVkU.mp4,1uaDrAANoiopWNnRTmP4tI3735h60qzY5,https://geni.us/wYqVkU,1dTFQ1oELnHQV4j6e7UfLYk0Vjsgwr59M,SUCCESS
Slim Toaster httpsgeni.use6VDq.mp4,1Pjuv0u4lprPtyc480YqryVqG0SU4mKIa,https://geni.us/e6VDq,15ln6Y0IR5NWrmhI0mEv6TfCzpci73trs,SUCCESS
Lounge Chair httpsgeni.usUpQxuQ2.mp4,1WZFCMH5IHf0WJnvaTUm7ZHG5Xeyh_GtU,https://geni.us/UpQxuQ2,1upCf0HFxQ02WZeInOuFqhxMLNUAoCjkw,SUCCESS
Spice Tins httpsgeni.usKiuM.mp4,184743JL4b-sU1xhUCT5sYoHBjlv688Zr,https://geni.us/KiuM,1BR3v-qzy3_ZVMvQD1lsq7A2apcLdpUy9,SUCCESS
Storage Drawers httpsgeni.ustB2Bluf.mp4,1FfywaqE_NIMjjucem3F5msUZr0LBHs_Q,https://geni.us/tB2Bluf,1nCpbcG9NCB-NjWAGcKb3tTWUZRUj9Poz,SUCCESS
Shoe Organizer httpsgeni.us7XkuY9.mp4,1c8h39Zh2WJt7GfolpB_MU1dkP4Yi7aw3,https://geni.us/7XkuY9,18dEkmPQ4-R72TXglXPMqdb6jyU3wIZ1X,SUCCESS
Collapsible Bathtub httpsgeni.usWGyvJmi.mp4,1lFATwe_4Aye-0gLzAhHOGMjME1bb7ZWs,https://geni.us/WGyvJmi,1pRzj8320WCgJ8N3DtIjMtPYOYHvShile,SUCCESS
Hair Dryer Bracket httpsgeni.mp4,1WJItYFkbF94l5J2Bn94UF0R8kJK7ZepC,NOT_FOUND,,SKIPPED
Cleaner Bowl httpsgeni.ussYcPH.mp4,1K6ke1gToMIy5xzsHax-D5NT3SWGqHPY2,https://geni.us/sYcPH,1quWSZZ9rknMv0tG1awDKlzs0h74rnt2b,SUCCESS
Food Steamer httpsgeni.usxIMTr8.mp4,1lsWs8GWwTd7utFFkWEfy2fQX6N6PxjRs,https://geni.us/xIMTr8,1AxjuSQQkZeu8TvOGSjFUhdkBi5HcB9-_,SUCCESS
Suction Tool httpsgeni.uss3ZAB.mp4,1robpXwGz6o8Fq3OBq5g8kJsPXEa3muPW,https://geni.us/s3ZAB,1udsS_RUaxsipYhv-WAX57P5toCvpZq-N,SUCCESS
Foldable Bathtub httpsgeni.usQEVAt.mp4,18anZ7iWowEiVFIpLPGKct3r5zKkWezRH,https://geni.us/QEVAt,1CN1cIIPkkupXoHU0lokYuzLqG7LUtR2Q,SUCCESS
Sickness Glasses httpsgeni.us22FVB.mp4,1ZGDL1NwMAjeGeSczeG3Xu5W6nIpeexb6,https://geni.us/22FVB,1JHzDYXMjZ6eXQI1vYoUsQWD94wMm8Oll,SUCCESS
Cloth Steamer httpsgeni.ussFIO.mp4,1HhK3P9ag4O8SDF_2f6FUDuPAqsJcWA3q,https://geni.us/sFIO,1TnmSyjKpRdFSx5s9jFEBHNVCLLogc8s1,SUCCESS
Shoulder Massager httpsgeni.usFHNRSA.mp4,1tZpu8Sos-V4NQd1Ix_jxKE-Xv14D5m1W,https://geni.us/FHNRSA,19gB6as4OwRVGy389H5HFHtXGA-PGSrkw,SUCCESS
Electric Toilet Brush httpsgeni.usWf4vb.mp4,1qwx3F3qGWZfftTV7PwHoZbnN3QnTU-m4,https://geni.us/Wf4vb,1ys3YrHnTVP9KrSazu3cDvt74Yi91AdgX,SUCCESS
LED Faucet Light httpsgeni.usYtTh.mp4,1mUD_hNuPustFzjQgIjhz7nha4IbwIkzO,https://geni.us/YtTh,1EIW4EAyXV7BaTSOz1kvQnU0gH_vQpzmq,SUCCESS
Fridge Organizer httpsgeni.usRMTrK.mp4,17sm2r7gxxg2Lthd-YNmjF1Tqy2KKURTX,https://geni.us/RMTrK,1YJKAJ9OJSJ6VCpMotwNulpt9NykExzgf,SUCCESS
Key Finder httpsgeni.usRVlX.mp4,1DahZ9uj_99hMsKVivX_tDhIZLU4GRMsv,https://geni.us/RVlX,1YSv2FXdIzev0arVPB6BSxy4RRr3zAW1Q,SUCCESS
Bluetooth Speaker httpsgeni.us53GqT.mp4,1D1se7MhiDY8vove8H5NQiDAi6X7ssiEM,https://geni.us/53GqT,1jVQ5xCu_W2FoDq9CuRB_sW0Ju0vmEj6K,SUCCESS
Cable Clips httpsgeni.usIHP5.mp4,1itGmLSCdRJR5kAFx-T6MkKXrgTJvkUcY,https://geni.us/IHP5,1BHTNXk1wBZdh4g18a_-t90qs3ZzM001_,SUCCESS
Composition Scale httpsgeni.usYjeD0i.mp4,1RDx8Zpv2aVUW2f3J2eAqctbSbjZOc-T1,https://geni.us/YjeD0i,1nhVy_7arN-0eenjKUT-BDl5S4HlAmkYI,SUCCESS
Smart Water Bottle httpsgeni.usg9fm2.mp4,16VAATc837ToyFJJzY3x09ygFHlxiMqQ5,https://geni.us/g9fm2,13QOFZkrOj1jeI3Nrb6LjRiEJ8yHJaUTL,SUCCESS
Roller Skate httpsgeni.useHQ9Xg.mp4,151llBsFectM7PRqa_i3kt-Tsm-qoT4b7,https://geni.us/eHQ9Xg,1VTeuYmnqLMPtFHKBcC_hJ8UXIdKp2P21,SUCCESS
Selfie Stick httpsgeni.ushuB2JK.mp4,1VjA0QiN9nuxJkhqU1O5KedqpkIr0gY_2,https://geni.us/huB2JK,1cEZBkyyS4GQGJfT8V9qWFyJ8VkFFKggp,SUCCESS
Table Lamp httpsgeni.usbAlMk.mp4,1PpxeVHarKObbZ3JEC899zdk2gn7TkOw1,https://geni.us/bAlMk,1WVhKr3TKP-y8Q19RGpiI5JM1TU-VqAec,SUCCESS
LED Floor Plant httpsgeni.us5YSxqvV.mp4,1bPYw1ibvR3c8uuam2-fZqQicp-K5lIPL,https://geni.us/5YSxqvV,1kLTI4Fn6iRA2WliZDA2PRrwMRvYNoUMv,SUCCESS
Grooming Vacuum httpsgeni.usB8J9.mp4,1AJE2HLuZYE9KkT-DISyYMjZw2uCWFSEH,https://geni.us/B8J9,1YBDKHrHL1mZH9boDgwRWT6auwoAmdcgu,SUCCESS
Hammock Chair httpsgeni.usgpYCacQ.mp4,1N04Y6cVFeq9Pls0Oko1hZ9CeAnGsEw2F,https://geni.us/gpYCacQ,16fa0xaBTY-n_8ilCrR1tEB26iOxzcB_4,SUCCESS
Hologram Fan httpsgeni.usOYCAdUw.mp4,1g3Y4OGVgj3ol8TMurhifeQZDpqPV60ma,https://geni.us/OYCAdUw,12RuRQtVexQi3yKZOazbjh16zmFvnQ0YV,SUCCESS
Smart Art Frame httpsgeni.usHPo63l.mp4,1YPsIf-FNfSiChM0Tgf6JPyPoOWRvp9O2,https://geni.us/HPo63l,1H65adldZVN1-Yn5BSIYA3oILLEmjU_Hl,SUCCESS
Desk Lamp httpsgeni.usGBxfQ.mp4,1DGv0Ydz2in4fzksvs6b13jz2ChfHc-rt,https://geni.us/GBxfQ,1Se7KamV6AaB866rCW3hjzlTKcfhWZeJf,SUCCESS
Curtain Lights httpsgeni.usNsqS.mp4,1beGybDwl6RSLfwdiMpbC7b-sLaBWF1xp,https://geni.us/NsqS,1cWiwNbpEY_hxTyU9FuZ13IsWseew0KN4,SUCCESS
Rice Cooker httpsgeni.usVz1WuH.mp4,1Ot0DxUMdm2umgfdo1M1z4YHqluq4owTX,https://geni.us/Vz1WuH,1GZ0EM5yJMq5-cBhlkGgmkgtFJhMjWPbC,SUCCESS
Faucet Mat httpsgeni.uskB7vq.mp4,1TV_L_aD7GNBtg7177X8-EaZUrVDB-eE0,https://geni.us/kB7vq,1wX2ZtdjTkx1NimTqq6LZcWV5DYgRFxws,SUCCESS
Veggie Peeler httpsgeni.us8lXee8.mp4,1QvPEbkP6Y_DsWtwwp4KFoBKajGhNKoER,https://geni.us/8lXee8,1EMoBJMqZ_HK7eA5h29imUL7tM1jm7iBV,SUCCESS
Rack Holder httpsgeni.usqIIURh.mp4,1kn1h05IgZLiSHM3QTRqdRLjQl_3wkfih,https://geni.us/qIIURh,1u3G0fc6pH6gdJ_P0biPW_EGPiUq24F7d,SUCCESS
Waste Bin httpsgeni.us92HojL.mp4,1tCzNO84UlyS3Q9iIjQtV-W_3xcA2uvwO,https://geni.us/92HojL,1NpsJwTqfCC-NXboHx0DvcYpvCh88V2fn,SUCCESS
Grease Container httpsgeni.us5Gefz.mp4,1wKYcSnyXp1Ol5Px2gh4KZJKgGr7DiAD2,https://geni.us/5Gefz,1cpAynSnDiD80YbZs6-y2x7qqBWL6oKNS,SUCCESS
Utensil Clip httpsgeni.usgFRUON.mp4,1DMfUJ5jsx71y2Dt8tp4dsfuM6ptVB983,https://geni.us/gFRUON,123pGMjzJa59DMrF605URprkSReafQ6Il,SUCCESS
Coffee Maker httpsgeni.use1IAk.mp4,1Vqzsnsxt6onLLq7Vp_sGaq_3GyyGA8hZ,https://geni.us/e1IAk,17a1xVsmOuoNWLyYnxsko6MU5_ImrJMn1,SUCCESS
Lid Cleaner httpsgeni.us8DApEO.mp4,1gn9pElt7fkiMLxiDvD7tSn_R5oxm8y8d,https://geni.us/8DApEO,1C5RPuwh0VjsEMgaVjb195zvnqBB_Sa6K,SUCCESS
Wine Pump httpsgeni.uszUwV.mp4,12LSjg4UniY3ucnSREZD_G7X8LBaWcAVw,https://geni.us/zUwV,10KXaiVg8WoQm5Lu3SxgXqXhMyhWlntLn,SUCCESS
Collapsible Colanders httpsgeni.usG7JP.mp4,19EC07A9DuWGK9waO4hyMak46F82TClon,https://geni.us/G7JP,1jzWiR50qelXrkhB8lTS0sg7FEw_Sy_9D,SUCCESS
Ice Bottle httpsgeni.usvR0Ue8.mp4,1z5_hZy4JVHExkjgH9eef13jSN5Qwgj1X,https://geni.us/vR0Ue8,1Vju98FmL0u5ghAQmvRmaQkmKtRXBnUhd,SUCCESS
Fruit Slicer Cup httpsgeni.usVbZWN.mp4,11WX5yWkHXTsYdIrRhHM8tNP4CHcgV2p2,https://geni.us/VbZWN,1b0HdghodmdJE5QJgTBjuFPQX4eqwTESu,SUCCESS
Ice Cream Maker httpsgeni.usnnwZowJ.mp4,16E-HDnr3Pxha0lZMO194YrRUoUU0kULu,https://geni.us/nnwZowJ,1yt55k8Emh8XoFKyiqpFLIs_CHieUlMKH,SUCCESS
SmokeLess Grill httpsgeni.usVTlbby1.mp4,1J4-jb1Js0UMaiJ8BcEhRs_TYviwEmOJt,https://geni.us/VTlbby1,1CUcZPAwTBSjUfbCoASx-fi3HlHdUZ0uf,SUCCESS
Measuring Spoon httpsgeni.usTqAm.mp4,1JwA5ZrcJhL38GBYk_wuQE5fCJYFQzbfS,https://geni.us/TqAm,159oceFiM6LrOECYzmiTew6ztHtB0NrTR,SUCCESS
Knife Sharpener httpsgeni.usbCmg5.mp4,1I6OchgrT7YiuIlck2FqPKaGiNFnDod3M,https://geni.us/bCmg5,1MqzDO-VvynygjtwPpGTGYLsjtdfyCUd9,SUCCESS
Plate Gripper httpsgeni.usPIQiSI.mp4,1IKls8h9e7K8WcnBDOJ7nbtEFgGeytQ-e,https://geni.us/PIQiSI,1Q2or8dJBz0HkVPV5zS-iebY66_NcqGFf,SUCCESS
Hot Dog Roller httpsgeni.us4vE2RxB.mp4,1aF-Cdx8a8a1_x9woyAAnLAGnkMq_iVH-,https://geni.us/4vE2RxB,1Tx5MarcfQxhOGc_v7BjTIdMODgNgzpd-,SUCCESS
Vegetable Peeler httpsgeni.usljg5.mp4,1u5OTYwHFvAOgpYxvzfrCwTyh88ga1Yw0,https://geni.us/ljg5,1u-Dxay4lrfX02onBK3u6D67u5iI8cLB0,SUCCESS
Meatball Maker httpsgeni.usYR9zf.mp4,1B-v-N-dzN6AA2qmKeeOzVrNEPAi2gZEw,https://geni.us/YR9zf,1pAn7bSDWmyO8U0oevn5HRjVYI8puZbcI,SUCCESS
Grape httpsgeni.us9byYHQj.mp4,1Q4Cd3jBc5OFaIlXf0OZcjDTOdiF_NYm6,https://geni.us/9byYHQj,10s8KVFvHEci7XGWaFzj9OUiK_ZtBG_nu,SUCCESS
Pasta Attachment httpsgeni.usoTZR.mp4,1LRdFdbbxH0u6mPKqsOPjkFOAvfzB9Ant,https://geni.us/oTZR,1pS03YAam_gBAzXpisZ425mIxuK65KTEy,SUCCESS
Avocado Slicer httpsgeni.usB13eCW.mp4,17kIV6OBopOm8D663JiJGug5nxQM-gUyy,https://geni.us/B13eCW,1rU8AtC6eLCYkmPhkNylg4d8u_Q1yiaMh,SUCCESS
Sauce Holders httpsgeni.usFS9S2G.mp4,1XS8khYC3Pz8-F1c2kdOqdDs_PL7Lo1Zs,https://geni.us/FS9S2G,1WrzI_sm7OWX0KcwGcfGsLHZZ000wogBS,SUCCESS
Cone Maker httpsgeni.usR6fE1Wv.mp4,180Z5nlzGhdUlj856Qr7NMbKODqz_EsiC,https://geni.us/R6fE1Wv,1jB6Pygi8To_7W6pVrMt2uMlLiijS0Ctt,SUCCESS
Soda Maker httpsgeni.us5RqyH46.mp4,1aBAdQYJ5zcm3CPWjOKwKwo6rYnlAvATW,https://geni.us/5RqyH46,1NTDlvUT9Mp__Wyox_tK-Zbbmw9SAg8i6,SUCCESS
Electric Donut Maker httpsgeni.usHkTDW7B.mp4,1dO37h7UcTArnwAxsI3iBCbDMIFCrM7hO,https://geni.us/HkTDW7B,1RMNyhsgFP7QX6hxHVfpuoGBacKaFCIXq,SUCCESS
Frywall httpsgeni.usQqPnfc.mp4,149i6RLLUp5vF1qfER3QtsS-Vk8VgjcXW,https://geni.us/QqPnfc,1RvDXVnqDa9xan5ZErY2PtPBxuG-tt_bu,SUCCESS
Ice Cream Roll Maker httpsgeni.us6XTwc.mp4,1sN3-KBKYnYEfanC_C6AtR4h5jrPhkDI0,https://geni.us/6XTwc,14ZJ1osHfUmx16wIfm8GvXWqDiaxlafP8,SUCCESS
Electric Butter Sprayer httpsgeni.ussg1qJs.mp4,11YVOUM3SypMcRPYK0Rruwp4kPwkUpA4p,https://geni.us/sg1qJs,1HyHgL9l_9D5VN6V_DOPYBzlu1YBO562g,SUCCESS
Melon Baller Scoop Set httpsgeni.usexC8t.mp4,1bLgTrXXho8ZlGY9FSAW5mNjAqhr-2Xp2,https://geni.us/exC8t,1Dnjvj6oaRtyjnXx4XQOqKsRw4HqGKurP,SUCCESS
Electric Dumpling Maker httpsgeni.usMOxGB.mp4,1-vfKwstCwjO4pl5Xb5wvBkOKycjNOXwj,https://geni.us/MOxGB,1HsVQk89NvrtPKSJeiHXQcto89UU2Bmrb,SUCCESS
Meat Slicer httpsgeni.usd3mj0B.mp4,13iKTXcb9hfGv1C_B3GqHFv6cdefft75q,https://geni.us/d3mj0B,1MyxeLRwIf98nIS9SS4dvneUeE-Gg7HcL,SUCCESS
Meat Claws httpsgeni.usHcSVO.mp4,1ofP1YgSO1f5dkxzm4MyQDqUnlnqhupnJ,https://geni.us/HcSVO,1cLkV0xWALIMbdqdpgaQJlYFuT7aZUM75,SUCCESS
Egg Shell Opener httpsgeni.usUf3n9C.mp4,1rtnOS9j5jwpsFRrTUrivEcojSQHiYr6T,https://geni.us/Uf3n9C,1uVutNpyEvnfDY0vyFlGQW0pJpViq_lr9,SUCCESS
Fries Clips httpsgeni.usooA3u.mp4,1AjhvQZfnAGsBz3qijyrg1DjBVce0p_xC,https://geni.us/ooA3u,19ETUs5XWZV-S3RaLSvKAq9BaxIUDlhcb,SUCCESS
Gracula Garlic Crusher httpsgeni.usi4aHZ.mp4,1MNKT-5F3PRWHe-TLQULsh5wvFHIrZn4s,https://geni.us/i4aHZ,1zAE9SID857FwixCLdV8ZWiv0obx2ZQeW,SUCCESS
Timer for Boiling Eggs httpsgeni.usxYIVq.mp4,1kvVSMu73zJEA_-Ky60BG4dZtdO3ccpGk,https://geni.us/xYIVq,1l4xAmVMdXnFEkbTVNIfZktXyTV5yk7i4,SUCCESS
Pizza Storage Container httpsgeni.usRF1NDRm.mp4,1LAlfsXOlPuBs6dWHwSgj9w7SichcWnDn,https://geni.us/RF1NDRm,14Y7LisufOApNPrHUX6B33q4IumIRgfQN,SUCCESS
Vegetable Chopper-Slicer httpsgeni.usFKArE.mp4,1ezqMgnHujkzrbP312bUD_aBwW5beVU_J,https://geni.us/FKArE,18HQ-OxY0k8zfIW7-iNWlOMu0wDm-hYYJ,SUCCESS
Ice Maker httpsgeni.us6jAtx2.mp4,1yzc84pQXBtK1zGWbLmoCkzeXtHRgGKTh,https://geni.us/6jAtx2,1Y75U3l2UDwsY7qLXKnE_DqKAcwZUVh8E,SUCCESS
Adjustable Rolling Pin httpsgeni.ushssRiv.mp4,1YirA9NBkyMmqeQIDk0mQ0KTJjB1hGdgd,https://geni.us/hssRiv,1vc1FomGyj04PmL-wnhOeyed6rUU1ak_O,SUCCESS
BladeBrush Knife httpsgeni.usVHP5GT.mp4,1EBhp80Me1du7HgcHykEYrw4NsuRdOddV,https://geni.us/VHP5GT,1EMMWJJDsdMpA3cIfQZv8uSPcYV3irfEo,SUCCESS
Sourdough Bread Slicer httpsgeni.uso1nef3c.mp4,1hKErHsgR38KBc5iVoUSmiB7iToYKywCB,https://geni.us/o1nef3c,1yApZ1J6ugZ2pfk-WljnPzvG5dXvpDLN2,SUCCESS
Smart Fridge httpsgeni.us4qerqv.mp4,11z-CEkZBD7C5-hTlyL_sPgZSK_z3KNNK,https://geni.us/4qerqv,1Ar0kS9Xpo8eFYE1bVzYPGuBaKALdmrTo,SUCCESS
Large Tortilla Sealer httpsgeni.uszceuTt.mp4,1ee9BG1nEynfobPmDl1vsQuiby7noiMDd,https://geni.us/zceuTt,1yFqcJjQn7eSa471kCH6njJKEnzs0Z6yi,SUCCESS
Porsche Espresso Machine httpsgeni.us8O4l0L.mp4,1Mkb2Ker8_9AiJTk52sP6gLi2ZZwIx3Xu,https://geni.us/8O4l0L,1tDZI8BT4vADO9cTof06lzXbfp2POoDtp,SUCCESS
Adjustable Measuring Cup httpsgeni.usBIuoCQ8.mp4,1LGjaowYSvuwy8E7BWxzjI9VBu73EmNKG,https://geni.us/BIuoCQ8,1_c1aduC0wv-UyIm0SDDSvferZ8Y0nqbW,SUCCESS
Couch Tray httpsgeni.uskdjg1.mp4,1TZGGGUiOqqis05IL59MHFYwy9u7d6-LB,https://geni.us/kdjg1,15oT7mHOMrDt6j8g2KmJ9HGCbgza5m4y3,SUCCESS
Mini Chainsaw httpsgeni.ushzZSM.mp4,1ygeWTmZHe70-ji-_Ff6aFcTEqUzTedCe,https://geni.us/hzZSM,1zXBOXNuJs7-UeOpri6b1P0RRWjOwSbcI,SUCCESS
Drawing Tablet httpsgeni.us7gBNo.mp4,1PsHMdwMZvH_pHDpuPOqGfGCDK46-ev65,https://geni.us/7gBNo,1bZr76PJI6_25FMqbTd4aIrC9GU8GJLxa,SUCCESS
Water Filter httpsgeni.usCmfw9hE.mp4,1Kgdn1vX3B-NXbC1nkVllawe7CVWn9BRP,https://geni.us/Cmfw9hE,1pivL9nPrvUWESQV9Lj_LmdDY-dOTwZlt,SUCCESS
Jerry Can Bar httpsgeni.us7aqma.mp4,11Ndvy1GLu_IAaFYnXJA5wxCzr4buE14l,https://geni.us/7aqma,1HlLHCI3X1L_HWKXG2DGXJT1nWC3SielO,SUCCESS
Phone Dock httpsgeni.usnacAG.mp4,1GWLrhGbLT2HHFhAB5fs2xCoTRGBMQ9HX,https://geni.us/nacAG,1EbB1Ac0weYB1cWlO65m55_rTuWny4SY1,SUCCESS
Ferrofluid Speaker httpsgeni.usg3Pw7Y.mp4,178O9EfghlvEbRvbyLG-ZEO2kfX1N6cTu,https://geni.us/g3Pw7Y,1esFuNIKDIJ31z2x2IZh7dJMPUu91hvmS,SUCCESS
Hover Pen httpsgeni.usWDfeO4v.mp4,1tMHsl3i6rNchrJulGjnEjPhyLv6uiT1b,https://geni.us/WDfeO4v,1emjsVASs2lrMIQhp8Vexr9wJ8-DLA0Wk,SUCCESS
Beer Cooler httpsgeni.us8A2keAx.mp4,17SC6zghDOoWMIdYf87SNE3DVyrLoYgjr,https://geni.us/8A2keAx,1z1V7vfStl7AclMnCR94LjkmWIQqltBwW,SUCCESS
Fishing Camera httpsgeni.usyxFvKl.mp4,1mxoo_VuGQV388QU5GI19mmayYbgShMrl,https://geni.us/yxFvKl,1zv_mqRtEhW_o3NHBCHeOrkckum6qH-uJ,SUCCESS
Hoodie httpsgeni.usbrY9.mp4,1wcsKDaJR2BahsepLD3MXT6yTVdMtc5ol,https://geni.us/brY9,1xiOwqB0hIvt_wqlY040RqLLZy0P6L-pT,SUCCESS
Magnetic Wristband httpsgeni.usDd4PM.mp4,1iOQ1aon1MdOBG0McgUUGw70adhmuyxUL,https://geni.us/Dd4PM,1nOkwgalzYiOaB4UrTd6V8DDxFbhF-BWY,SUCCESS
Multitool Hammer httpsgeni.usAxao.mp4,1kcOa0QoiTHtnU6dGiUnJdx-QbTTACgCa,https://geni.us/Axao,1JmK8ueFj97525SB2SgTPttq32gu4S2vV,SUCCESS
EDC Flashlight httpsgeni.usfNbIqD.mp4,1QJa1uvE-5F5-i9BmotG2fwNX3HPzQsA3,https://geni.us/fNbIqD,18cFeF8ExnnrvIKiwypfV-LtvRcR6UgkN,SUCCESS
Window Robot httpsgeni.us30ab0.mp4,1zpaaT2htMJfpISi5Paljz_yAz5_Js22O,https://geni.us/30ab0,1-ZxVm2px4pfqFSiv7Mm5BxvZTEXwC9CS,SUCCESS
Engine Kit httpsgeni.us48zkf.mp4,1k4kaSv9igg_tTka1rp8OYrjetdiFjyQ6,https://geni.us/48zkf,1azHRUxHPLt0I1EYg6XcrxTdt5CfWsCJb,SUCCESS
Key Hook httpsgeni.usWuo7JM.mp4,1SC0vCQW_szYXWnLOjaQaE748Dhyx34-J,https://geni.us/Wuo7JM,1EZcLE3K3IKlvjGofVd0DvTtGHpuR7G3V,SUCCESS
Flashlight Gloves httpsgeni.usOrEvg.mp4,1hmcj04DKtLTJ_keYy3vBirNd6mpvQh-2,https://geni.us/OrEvg,148NBUaAo4s4nbbXemY34Raz5N3tPYvE7,SUCCESS
Socket Tool httpsgeni.usRsmX.mp4,1xm4ozX8LamXS3Iq_ssm6yX74iMCygsS3,https://geni.us/RsmX,1MY2kaqgDVLYOsQj8u5Ss3nzVgkkVeOq-,SUCCESS
Digital Ruler httpsgeni.usc1FWK.mp4,1dw7xGeH5Kw2x9P3pvPk7LBX6cInK4Bu3,https://geni.us/c1FWK,1ph7vkxAU6UQjaTQrUd1gIyi8_fh7gmgo,SUCCESS
Cigar Humidor httpsgeni.usmZCtCCJ.mp4,1yrc4nHYn53fMeFBiDdqLR5vtcFT9moRn,https://geni.us/mZCtCCJ,1147V6to5SBBOGdXkE4BliFY4F54A2SgY,SUCCESS
denture drill Bit httpsgeni.usDMIHE.mp4,1xHFZpMjePEf7Jk0iyq9SZECa0ru0LHZ-,https://geni.us/DMIHE,1Vl-1gXM0_goFbZgIIemWXqfoQWVOCYNs,SUCCESS
Dust Collector httpsgeni.usKOIzGrC.mp4,1d60m793E8B_IRMkxuiXBBkbf9P7alr5P,https://geni.us/KOIzGrC,1DRZHu65Ig6GTkuH9pX-8sVRFr0mev-3r,SUCCESS
Engine Fan httpsgeni.usvTsr.mp4,1IM9UD5SmipEhFW0mX13hFFULDlVh_IwL,https://geni.us/vTsr,181nIeiexDxJZ7Rl3ty3I3e6qpaUP5W7L,SUCCESS
Digital Protractor httpsgeni.usx7q3r.mp4,1ifIxFUb17bBW3CbjVp2uJVQNt5Vex_3N,https://geni.us/x7q3r,1zBAKz7SdpchQ-XogjiWGgiNv52TZFQ70,SUCCESS
Hot Dog Griller httpsgeni.usqOYV.mp4,1AzcFHChW-WTnlIgqD7Ji_IGXByPZk8PM,https://geni.us/qOYV,1wiDbm5EINkrNYHLiD59oUGoHpqgsuBRC,SUCCESS
Mini Mop httpsgeni.usk6yN4.mp4,1BYwcihh89JuD5RWvH9ydvBvwFdcIlRAr,https://geni.us/k6yN4,1qp_geulihn3s2DOxG1A9szf8k_foetEO,SUCCESS
Smart Planter httpsgeni.us6lUu.mp4,1Nf5ZavOYPtyGrv9hZPgzm90v6wIZ14um,https://geni.us/6lUu,13n691fPafMUiy5NVH4Fz5l7NKk363TDp,SUCCESS
Pull Down Shelf httpsgeni.us4eyUMW2.mp4,1eiJsN_5b7TlvbUzh4A0Zaf4_427CgIb2,https://geni.us/4eyUMW2,1OnuDfvpe6_u_OiV4F56LmxKJgOdZHuen,SUCCESS
Stair Light httpsgeni.usyfbt1zY.mp4,1FsX2b03oBs2tzM8K5kE1cgIR7oc_Do9r,https://geni.us/yfbt1zY,1qFzsu9lF8IqwRqioqg3RijPKprx3A_KB,SUCCESS
Clothing Organizer httpsgeni.usP2dS4.mp4,1dArCXmGyeQQrzbmY-RaPVqQ0FcFrzN5x,https://geni.us/P2dS4,1oGGjmFxtXYvnYQlblTS6RxjDiOu_v_zM,SUCCESS
Egg Separator httpsgeni.usRsvUa.mp4,1rfzEvHoKmPf_PCR-efiBjHyxnevEPtd8,https://geni.us/RsvUa,1GBLcMqiShYSGqtJ58Yw1Doc6nHdFp3GO,SUCCESS
Charging Station httpsgeni.usDYqEbIu.mp4,1vYZ9ZiSsWmxtSvbK5urpbkPzB4-sSv4j,https://geni.us/DYqEbIu,1b-ilMfLrjAmkANmcRILz0lfnjSFp-UXL,SUCCESS
Mini Dishwasher httpsgeni.usdAbr.mp4,1yWm-9_tet7M9QVUUdLqn4Able_7DHYg0,https://geni.us/dAbr,1mEBZyXjV9F5jfj3WwTHUq0un6CwFn3GF,SUCCESS
Levitating Globe httpsgeni.usifwlVY7.mp4,1cLc_WFMgSI2mW5bZVI5z-XrL-C3gTEef,https://geni.us/ifwlVY7,1qoSPCgoO7vohZFPN1lgoSvFzhhYtvOxG,SUCCESS
Garlic Crusher httpsgeni.usosIp2eK.mp4,1VBZmW63FqbSUFGIkFtUnF_Z2rWCaUuXv,https://geni.us/osIp2eK,1z6eSqT2pF7GzMmCFRP9m_ypO8INTqbCf,SUCCESS
Furniture Mover httpsgeni.usAbWSF5c.mp4,1uW9fPt_-GaQ4KZ1xCXIaupOh_PdvHFQp,https://geni.us/AbWSF5c,1WQh-u4vLCf7G4RKgYq8XOh3tlCUlbKNb,SUCCESS
Key Hook httpsgeni.usWXcsV1n.mp4,1ByTx9m2tUz-fLxlyZNFqUujV_ZJN8v1p,https://geni.us/WXcsV1n,19vtBhihz0JbC1-bKurSqBjeR7esY9T-z,SUCCESS
Countertop Oven httpsgeni.usTrzCGn.mp4,1S7gyQPQnVczWyi9-NWrY_2wvnREIhqqA,https://geni.us/TrzCGn,1WY4uwUcO_XgM4SImXPhQsCjV1PRu51i8,SUCCESS
Smart Faucet httpsgeni.usPNm4.mp4,1N3aIQD-0jBT7w1xQ0eLu_BOaHc9Pp6Uc,https://geni.us/PNm4,1DVhADvhTYWu6fJoRy_o7x7y_jYr_fsQw,SUCCESS
Dish Rack httpsgeni.usphaPP.mp4,1D007IgdDuo5ZJYVX_SKJJ8yGq3Tn7df5,https://geni.us/phaPP,1V4SW3JxI5JkZRPZmozluDTBu9r857Nye,SUCCESS
Curtain Opener httpsgeni.us7A72kBc.mp4,1sPLM5epRtfvnKjKuzOpzSEcbXFd73sHX,https://geni.us/7A72kBc,1Lt6TEpzJtJK7Q-nlSrpgsmDvNJJxxD8r,SUCCESS
Star Projector httpsgeni.usKcZganX.mp4,1gjMJ5-Wn2F7h6Qr-VekNUsRHoMtcO-Sc,https://geni.us/KcZganX,1beqEZ95vPQWU7OVAM-vCHa2IoK2Llls6,SUCCESS
Toothbrush Cleaner httpsgeni.usfn6bu.mp4,16ezeZDRUL2Oj7DlVtX5pGrmAh4k6DES-,https://geni.us/fn6bu,1FYrVVbEtPx115sRAxnopCaBXXnTJ9rka,SUCCESS
Ice Cream Maker httpsgeni.usmOmA3zd.mp4,1UnVBqtaxpnT0qrR3XvyymFWtkYF0rDsz,https://geni.us/mOmA3zd,1tiV2V75F17YY8DY8QEq7LEL0nJLWtpir,SUCCESS
Spoon Holder httpsgeni.usCg4EA2p.mp4,19dF2z9bqJTCECEny87UdXK_bgKRu8QL6,https://geni.us/Cg4EA2p,17lxPu25kCXQ6ImzfSmhlC_jpgkJ-4t4a,SUCCESS
Dumpling Maker httpsgeni.us47VSn.mp4,1ik8JsIkUNNDBiIkR9CQIbugDMsM9YUKp,https://geni.us/47VSn,1XJhlvBYi6YwFFbiPErplA464t1cwjxfm,SUCCESS
Jellyfish Diffuser httpsgeni.usS0DX.mp4,1yVU6XhLRyRt4WuvqFh0dlp7pi2L-dpER,https://geni.us/S0DX,1tf_XvQ_YDoZZariQBAe8dLc1U8xzDuKo,SUCCESS
Dough Bag httpsgeni.usRAgs9P.mp4,1zLlFq4dYWiPneCIhr5rbleTLc-TL4iud,https://geni.us/RAgs9P,1avOnmNDxLhsEYJ4tupbufHzcytDLl1V8,SUCCESS
Night Light httpsgeni.usfIxhID.mp4,1fvzAxGb5uyQJFaD3e6CagCX3PZpnXHEs,https://geni.us/fIxhID,1-oY20vRmYPW5OnDa_-cZOEYHl-v6OjvA,SUCCESS
Sensor Trashcan httpsgeni.usuq1HHNz.mp4,1Lg2webzEvTymlmpVRT-QABxTibW7yO2H,https://geni.us/uq1HHNz,1ytZxBSeTKytwsMYsTV-f5R10dgXnZQ6w,SUCCESS
Window Robot httpsgeni.usjYpw.mp4,1l_Ha-cB2QpTslah4LN1WwxQmjqHQocrQ,https://geni.us/jYpw,1XyE3FVUX_CebH6KkHEY0rUCzoBhAgu7Q,SUCCESS
Door Stopper httpsgeni.us9pAt3n.mp4,1tRTRTtpq3fw6zuSNgXXh4ht_eSorcXSP,https://geni.us/9pAt3n,1ajAqGHqMMLx5lHOoBHc_NPnrPQNpvfui,SUCCESS
Corn Stripper httpsgeni.us4sAC.mp4,1uBInx4vkY1SFmxL9PCeqa_SP66lwmwYd,https://geni.us/4sAC,1AZcYvaAKWjq6i3KkPed5FSBCnY5sGZyq,SUCCESS
Popcorn Popper httpsgeni.usGpUEm.mp4,1OuXiENvIeuecQ7lnjqGM1TlO9q6BU2tJ,https://geni.us/GpUEm,1t9My2-bfxxuvxfOwaHEiDE_oS-QTyKsX,SUCCESS
Dish Rack httpsgeni.usgn1a7.mp4,1tAZZOHmNcgJZnCRmgTsbwSwVBWHV3fkO,https://geni.us/gn1a7,15jRjmdjNQIA3BXsXnjtPqRxEYagzQpNq,SUCCESS
Corn Peeler httpsgeni.usDqTpsf1.mp4,1VZN4cCyoP27x8Hjaww56sdOdMK0YYXTe,https://geni.us/DqTpsf1,1AQqF51bvhIsOxySa0tTPSpYrebXLiSls,SUCCESS
Flour Sifter httpsgeni.usTXre.mp4,1384fkxfAb0G6B_hNjoTwAPslu5M6QDnK,https://geni.us/TXre,1zXiieO62NaIG67lr1qcLu1DkkzK0o6Es,SUCCESS
Cookie Press httpsgeni.usiNHMD.mp4,1M4e-f_I0vaFifNtkuOgng2f387pJ58dq,https://geni.us/iNHMD,1ivC_k8qDL0owozBGu2KZqFl5AeT3kJSg,SUCCESS
Veg Chopper httpsgeni.usLcIL.mp4,1_57uiJhCYGuIV8yKKy57AmR2uj9Hnhn0,https://geni.us/LcIL,11BetukldPuQuOI62ZmnAfvfuk_ykYPS7,SUCCESS
Oil Dispenser httpsgeni.usIjc3XM.mp4,1oRpbAkKgY8vNf01H24TrlqU0shVudljj,https://geni.us/Ijc3XM,1MlnMrkse6o7CeVFoR9yPuphTDLUm7zyd,SUCCESS
Salad Bowl httpsgeni.uscu47N.mp4,1suTHEO8HOB308gROU7Ltg2JoT8frgcHu,https://geni.us/cu47N,1Qv8gHLOvy4sQya8VlOfYT7kVsKvXVhLW,SUCCESS
Soap Dispenser httpsgeni.usIY3ZQl.mp4,1m-xksv9RNE2u2CgUskkULes7s1V96G7A,https://geni.us/IY3ZQl,1x6tepXGZpOICQwFwzvjyfiKiV8eUhk11,SUCCESS
Multi-Cooker httpsgeni.usIxajE8.mp4,1T8bsnC443EdgITcxbQIf5fD9DHLGNqOO,https://geni.us/IxajE8,1dRxNL7L1P73kITqbA1xOqYYppbi_AJtm,SUCCESS
Measuring Spoon httpsgeni.us5D3rh.mp4,1zkHuo5oGhN60bPPJ9Axvnef17SMSfMWo,https://geni.us/5D3rh,1Hgx7r3pESTzp2xtTZvx1WaPrJwq298SD,SUCCESS
Pepper Grinder httpsgeni.uscQAWl.mp4,1T4IUTQBXBLha8_tLT4-fbod2ZxaKYkGO,https://geni.us/cQAWl,1JCCfeVssWUFdTMdcdoHVVUXBC0CJcgDL,SUCCESS
Espresso Machine httpsgeni.us6hijk.mp4,192GUR3vVC2mDD5aPafSQ0WAH6ukiZbAj,https://geni.us/6hijk,1sFBNW5LHdkd7iFXYY1deHXbFypG6EU-4,SUCCESS
Kitchen Scale httpsgeni.usWqoY9F.mp4,1tSMUY81bjLsNR3H5pB8Izle1vZCEP-PS,https://geni.us/WqoY9F,1u4YV5awrFTLNFnmCQ6Jm3wdjk557is6Y,SUCCESS
Pizza Oven httpsgeni.usIyBUIz.mp4,147AyWaZKQ9i0QGdjraBD0R4nCFtnf9eB,https://geni.us/IyBUIz,16gfqYvXWSFPxs4glWnO8t0qmXwfprghG,SUCCESS
Egg Holder httpsgeni.usSuAtH.mp4,10npvZCfBDyoO0cEK93zx4usGrbecmvFC,https://geni.us/SuAtH,1Y_8ueVTFdiY7VMH30m0qScijFnzvby16,SUCCESS
Batter Dispenser httpsgeni.usq8xBo.mp4,1t2oVtw_qzyBB31fuIIJAzklKZA3q2CgY,https://geni.us/q8xBo,1-UIsNVs9a_H6pMi53cqQkAVN1fvIOpO4,SUCCESS
Cocktail Maker httpsgeni.usjZYe5Zj.mp4,1VZM0q_8xBaXpySXyM0NX_uOkcnJlw6B3,https://geni.us/jZYe5Zj,1v0_H11U49S3b2D5bcroL3lFxBieFh0xq,SUCCESS
Stirring Mug httpsgeni.usj2UgyB.mp4,1LcVXwDfl3o3cstmju7j58lXVlAyLoaJV,https://geni.us/j2UgyB,1PxUb8qNZ-Chh1a3mdUfyG27WfgB33Bhp,SUCCESS
Quick Defroster httpsgeni.usnXWBUWV.mp4,1YmhQqokfK3zmsYo_BS3kEDlApJ9BEh_7,https://geni.us/nXWBUWV,1wiRAyNL9Za82DUHMqzQxdI8UZ_ROemA2,SUCCESS
Compost Bin httpsgeni.usgvGvQ.mp4,135Lf9e-T8EiKhvD6B2UrulqBJxmEGKGU,https://geni.us/gvGvQ,11iA0vgUub9u_rKi4WMUQ2x7hTilbjLz0,SUCCESS
Knife Sharpener httpsgeni.usjbKKNif.mp4,1_2MjPLLaAPWPlNq4uDS7VP1tWMZKxK95,https://geni.us/jbKKNif,1t1pNDxjPYBOk0n5wBqHhOazJD_smMCUv,SUCCESS
Kitchen Scale httpsgeni.usyHYLBP.mp4,1b2E7BPo07WVmIeh0DLRnWtrYdRMGHIle,https://geni.us/yHYLBP,10zYKuhuKTH2s4cxrzm-Yg_8HZ5n1d2au,SUCCESS
Tofu Press httpsgeni.us5JRLxy.mp4,1RVOhRHEG9_ZqHTXOMh-ULFqt33ksqDMR,https://geni.us/5JRLxy,1RgIBAaTW5kwGgb4x7UkbJ_JNeAh16ykT,SUCCESS
Mandoline Slicer httpsgeni.usEXt103s.mp4,1KgsztCnpXMTN2_vyvCDHbAR5r1uG9Urx,https://geni.us/EXt103s,11P7gBxr2fzHPEQ-nmlfxSqeBNAWOiWI4,SUCCESS
Food Dehydrator httpsgeni.us6mW18.mp4,1LgxDptzZii04yEjYimWX4hucqifIQ28J,https://geni.us/6mW18,1qqQE9aqYu26plLFkNuXhIxeMf3cYq-rm,SUCCESS
NutMilk Maker httpsgeni.usyTkOV.mp4,1DXHpU0q4s2chJImEBMTZqSnDTOZKB6Jp,https://geni.us/yTkOV,11-9Ckm1Hk94aodFzA4-h8APfJnU9dHLD,SUCCESS
Bread Sling httpsgeni.usOp8ctjQ.mp4,1NcNZ1f0_L4x8JcalSJOmiXZti1ZF27ie,https://geni.us/Op8ctjQ,1W5TKj9dPn2_4LYCziYrB5TLqeiFzLq4v,SUCCESS
Meatball Maker httpsgeni.usmMR7J.mp4,1-D3se4CqOHfVimwaBJ8j2nPV4KZFQL2m,https://geni.us/mMR7J,19fE1fgyRM4JXLprSQ2OE3wFD_miM8byG,SUCCESS
Parsley Chopper httpsgeni.us5VQ6vk.mp4,15cDdLDBjCA-90H6GSw0zQuxGId7Cdt-g,https://geni.us/5VQ6vk,15moGOJvfeyROkix2GSNO-6oMD-u_HnQn,SUCCESS
Water Squeezer httpsgeni.usA3B7Ay.mp4,1RNCcfLzC_-hRmXeS6NKE0jSdwZp7ee_R,https://geni.us/A3B7Ay,1H03ej15g9wdsadeg0GyLdffYProRZIFV,SUCCESS
Ice Molds httpsgeni.uscdkRqa.mp4,19qsI1tmkgzRye_Ivk3GM-d8rlAQNSLRs,https://geni.us/cdkRqa,1vxrVJGCN6hJuoWzDck_c-1x1zMiYJQbw,SUCCESS
Avocado Huggers httpsgeni.usxFVs9.mp4,18g4elDy4jYqCJNEN32bqRZHBFVONS5Yb,https://geni.us/xFVs9,1PQv7dfBa3uaWNY0APoBA27PwvclbUR6X,SUCCESS
Vacuum Sealer httpsgeni.us0ZGV.mp4,1Jb_EUECqoNObppHL1UVfDOo3N3hjqZ--,https://geni.us/0ZGV,1XnkZm8XcR0_-cGouQp_hANpFv5PYpUj4,SUCCESS
Jar Fork httpsgeni.usOClNo9f.mp4,1JZrmhAqkwxPu3VKI-SK4Th3lULQESYJZ,https://geni.us/OClNo9f,19sL_kWYRtaTtTIGHBK2E-ETvVtxHLHnm,SUCCESS
Bag Sealer httpsgeni.usEpqT.mp4,1X46vFnpcor3rctIuaAv8IPn7irYzanbs,https://geni.us/EpqT,1RRXW6hyLo7WE8db1FmRMsbSKpjsiXm3M,SUCCESS
Oil Bottle httpsgeni.usMRQl.mp4,10tz91udiV_-snedKAB01ee-NkqOs-LET,https://geni.us/MRQl,1kSJpTD_qJTRXp_QuGhSHPvDrwcSTZwsq,SUCCESS
Heated Scoop httpsgeni.ustltFj.mp4,1qk6bBHnZrYj7Cm50ad6pzTGSRHe-28JJ,https://geni.us/tltFj,1SUvursGRQYh5BERLmsZNfkQurAHmWkHq,SUCCESS
Can Opener httpsgeni.usDj70vUe.mp4,1MaJ19-rAShr1XP-iSkUPcq_lg9UBnTmt,https://geni.us/Dj70vUe,1GUIR3dQ-zTw16EyHuzZZ6RLRkkcx1696,SUCCESS
Knife Sharpener httpsgeni.us1XIW7.mp4,1NzduT9_7MsMDWBlzwzE4sJD36D0ORx-2,https://geni.us/1XIW7,1TA8hmOWVzyrljuxTXetRHlKXfQiqlnei,SUCCESS
Garlic Twister httpsgeni.usOrNAT.mp4,1rrE1ll1rbleKwHNkSGBEEIwdA7suOd-w,https://geni.us/OrNAT,1thdkv_6KZ6LfCA1ltBsKFn0p06Ln1Sl6,SUCCESS
Pill Organizer httpsgeni.usDtkOT.mp4,1s5Nxs4cdhe7ngnH7EZ58RX2Firrwcq_W,https://geni.us/DtkOT,1ucntELHki9QBOt_5dstL2hLfOlT5Wcf4,SUCCESS
Bagel Guillotine httpsgeni.usHOApkV.mp4,1YzBBchq7Ka9NlSdVBLD-cpMbArDuJzrc,https://geni.us/HOApkV,1uSH7Na4YNJE1NtDpW8eofp7Esudbk59D,SUCCESS
Cherry Pitter httpsgeni.use0WY7Bs.mp4,1vQEsnTFz9UeyjjG6qewIj4QDzg5Lf9hL,https://geni.us/e0WY7Bs,1gInXGCOQ-yGRZlJcFg-O2OZ1tbAzyFI5,SUCCESS
Veg Cutter httpsgeni.usgklA3PJ.mp4,1WD660DlfJ5k_5FWGEYaSXthdd8k5HJwQ,https://geni.us/gklA3PJ,1jNZKgkXZ5gxNHKmB4IdFLkiwYH4WXfKN,SUCCESS
Smoker Gun httpsgeni.usY4kkA.mp4,10N1XoUEaWILUzUR7Z8pWY1fE7CMoyzpK,https://geni.us/Y4kkA,1ci1CLyi_bkKHE_F2CI7o0x8KQvkhfc5S,SUCCESS
Peanut Sheller httpsgeni.us7NuIc8F.mp4,1-lVpeR1gq6tKbU5MyeqB-PePnJTWMeWa,https://geni.us/7NuIc8F,1h-eZq4rmXpizXNZOywo37HUgiroyIU_k,SUCCESS
Gravy Separator httpsgeni.usDBm5B.mp4,1ITMpplkRgF4QY-1K9WdyllsAYqis5X22,https://geni.us/DBm5B,1DxTqrgl4qrvUdxDwwXeygGdbyAdDGlTE,SUCCESS
Portable Projector httpsgeni.usH9JtCb.mp4,1zTu3z3RoHBuPXj7c0rcXC8Lxm8dvU346,https://geni.us/H9JtCb,1MY6Cv2-FimssiGma16fUUnhL15emVsGi,SUCCESS
Large Sofa Pool httpsgeni.us6BXKD.mp4,1-yNM2d2dqmeAQl8vAHnaHVPs6szBpcab,https://geni.us/6BXKD,1Yat2rg5aFAt6uqFNOENxoQ14ZXEZqq5J,SUCCESS
Space Heater httpsgeni.usUeucAvY.mp4,1d8hM76R6ryescE_-5Keg3Z5jHKKsllSa,https://geni.us/UeucAvY,1uAUsLEQshuwVuEJjKMjJS-8WiQgmltNl,SUCCESS
Smart Coffeemaker httpsgeni.ust6oU.mp4,1LsDA5wgZowzLJtEoq1ZspyGXDnevBdwz,https://geni.us/t6oU,10-X7OI0JEtJ3oRcBUAu2yKybFT-oJ4eN,SUCCESS
Video Doorbell httpsgeni.ustF3XG3.mp4,1Z8vu9PtcDYIKA7FL-K9eh7y2eGN0pnSP,https://geni.us/tF3XG3,1x8rVNX_5EkZnrgJ3d0oAY8tInO4Tcb0w,SUCCESS
Video Doorbell httpsgeni.usmkZBEj4.mp4,1iOam76mGo2KOCEx915lb0YUZSUVl5-99,https://geni.us/mkZBEj4,1PZ0kNTor0790NNCPOLGltnS4YAegKD-m,SUCCESS
Smart Lamp httpsgeni.usaBi4d2.mp4,1ygdKXnS8CCnY-cqmgqzi4OJegeOnOFkW,https://geni.us/aBi4d2,1bbtlf265CDAjHtoOi-qirBvSf1y44XEv,SUCCESS
Charging Station httpsgeni.usAySrNG.mp4,1kgISD69quVGnYoA2vG4xcEnQBTaVDZux,https://geni.us/AySrNG,1CL-DC_LTyAb8TYzv3qd9KepTF6AhNvw9,SUCCESS
Party Light httpsgeni.uslfqeKX.mp4,1HbkKT3TV3Sbu0NdQ6s5s_aZ0jtnIvDE_,https://geni.us/lfqeKX,12eQREGc3pUyR6kmZJ5FdYvHB6XXz9zM4,SUCCESS
Washing Machine httpsgeni.us4x6kE.mp4,1WKqRX2woVzYIVNrTQdKmug_TQhKcB4cW,https://geni.us/4x6kE,1lA4UiAdxHbW19tEH8I6DxhTfdSYS4UTB,SUCCESS
Motorized Blinds httpsgeni.uspLQyTD.mp4,1pyQL6rNmmoeIz30fJ0pxvsxyY0R6YSi6,https://geni.us/pLQyTD,14d01ffCYEFvcvL9NuP7ZmeFQnzCqs4QD,SUCCESS
Hand Mixer httpsgeni.usitWEk.mp4,1OOr2JsVCQWYbqS8ixPChNXNwwcLvCHr-,https://geni.us/itWEk,16gzjRKCpJcFDAbX7YYJln_5WURty_Mkh,SUCCESS
Touch Toaster httpsgeni.usxBOn6b.mp4,1MXE8ZfFM826Pjj8E9pbgUg2Ak8LsoFQN,https://geni.us/xBOn6b,1V1u17Fb0hrdqp9qMzV2HLmEK4Rv3HLfv,SUCCESS
Family Robot httpsgeni.usb1dzDeQ.mp4,1h4HuuryLWG62IoXIeDqVvos8dQK96EZ4,https://geni.us/b1dzDeQ,1YfknEq0_jd8TPZcZCAn1BxKLQQIttc5y,SUCCESS
Security System httpsgeni.uscoUq.mp4,1X5WKYgFP-bIeue1zClXoWbtbK85W18B7,https://geni.us/coUq,1T9ij-Tt21hbkS-rHzq7ujx4Fce2amPrk,SUCCESS
Air Purifier httpsgeni.usPtTe.mp4,15L-7JqzilcuO2DWKxUpitvFNsDpNjWf8,https://geni.us/PtTe,1vgYTxtbPR2qQW9sZoZ6krIEtHxSEYC-u,SUCCESS
Conference Camera httpsgeni.usy0Z8B.mp4,1wzOw2T7UqMEabfF6sXCknKCdJ2YHiCXy,https://geni.us/y0Z8B,16AKs6ud9zRkYypQ2u5Z7ObiX0jTSm5pr,SUCCESS
Floor Lamp httpsgeni.us6ob9emq.mp4,1bMar_ZhKlOlExnJnhVgKdN3JU3SkYP-V,https://geni.us/6ob9emq,1oY9I50BWOzS28nZj6vp9SlvMu1n0VRB2,SUCCESS
Mini Projector httpsgeni.usmIQGpk1.mp4,1C4XZW23LztyuCTYW2lH8Yo-EfcfB7MYL,https://geni.us/mIQGpk1,1FEzOGYMHYll9OKQU4xSKlu_tDlkYx9S6,SUCCESS
Clothes Folder httpsgeni.usgNGACL.mp4,12R3oYne1gqFNmF4zv6brP9K6J6qaz8-6,https://geni.us/gNGACL,1xELi_08zzJDeYoDSYTuSolH4XT3nWfbX,SUCCESS
Ceiling Fan httpsgeni.usy9KEd4U.mp4,17tX6fJjKVE1Agmf8fcR8P8GxoODBo_Mb,https://geni.us/y9KEd4U,1QwbJYx0qKGq1weKC4ttTfFnUwxwOFT82,SUCCESS
Laser Measurer httpsgeni.usuXIZxs.mp4,1fca24OY0cdUvrmWCoM8KkCfpOE9BS4_5,https://geni.us/uXIZxs,1v8zLRmLMw4e2nkVdLt7KZbcstwmrHJF9,SUCCESS
Smart Lock httpsgeni.usAVBFi3s.mp4,113vzdNhdEuKUxSc0e9DZ1iAWhrH_43Ow,https://geni.us/AVBFi3s,1my63q_EYhZ4GerpvxxhspxeAGWyCmvzP,SUCCESS
Scrubber Kit httpsgeni.usTBbU.mp4,1I20zQ-tg__zV8iRTUmPgYkLfHhTanb-D,https://geni.us/TBbU,1ybW8Vg_Qfn4h_Bed9rdYWBt_KI_RGEgl,SUCCESS
Scent Diffuser httpsgeni.usvpABi.mp4,1iTaX52sjxwrmoqPamL0GxTNMPdEfSc2b,https://geni.us/vpABi,111Uy3QLpbrGNCYC77ZGzPvRBfbKgc6gN,SUCCESS
Trash Can httpsgeni.usvhlOZ.mp4,1eVk47xTy83bsqJ4BEoTAYxNsnZ8S9fmU,https://geni.us/vhlOZ,1-7T6LfwGgEisYBRE001hE0w98AV-gXDZ,SUCCESS
Knife Sharpener httpsgeni.usjEirn.mp4,1GiWzz2ZaDi7M1TcsKhjFUO_opq8y8kwC,https://geni.us/jEirn,1jDrtkgpYk5oWqbNi0rhvyy2gJpxTcqG2,SUCCESS
Coffee Table httpsgeni.us2nK0rA.mp4,1HNBqGhJu3I3_Nr4tlwfrLDO4wfKnAOZw,https://geni.us/2nK0rA,1HJwwqtmoVBV0CqyQaFUA1m2mp0aS1jox,SUCCESS
Lid Organizer httpsgeni.us6k78Mw.mp4,1aftku7-4RdUXu6VtZNT0ecoRj4uVCnDI,https://geni.us/6k78Mw,1Lnem1fLFyiS_KTqnZ9a6h3R5wil7eVxl,SUCCESS
Jewelry Cleaner httpsgeni.us5a3rbe.mp4,1AJ6X-iXRFhoGZw4eXp1dppSZXcmRh0oP,https://geni.us/5a3rbe,1EW3k_iYbmEGXzaLCkaftL0hDTqdfdnKn,SUCCESS
Pet Vacuum httpsgeni.us3zib6ju.mp4,18V7ig9NpjNdzCnZy130pbcwoFu-fAVBB,https://geni.us/3zib6ju,1AS0iLc5frTHINB_bjRX3XJ7KLfE_VoXB,SUCCESS
Vacuum Steamer httpsgeni.usRNTiy.mp4,1XRkL28MqIeC6cWtdzu_PGElHD-4GpmBa,https://geni.us/RNTiy,1-aJT0MAx4bp_MVfCYzveXHfmLrLrOy8N,SUCCESS
Fly Deterrent httpsgeni.usjHn0X.mp4,19B88HopFIHQlLSxAcZadcMf6EjMfVsbq,https://geni.us/jHn0X,1IVCx_jvqxt6csIbXzui9FR3heTnlDq4k,SUCCESS
Wine Aerator httpsgeni.ustHpb2i.mp4,1k1a6y1yE57hCEnecnAFsgniSl3k8-6M8,https://geni.us/tHpb2i,14s0W4GxiW4kugT-dJWyRtMazkHEo6t73,SUCCESS
Magnetic Stove httpsgeni.us5rbKi8.mp4,1CH2Bf_RlVJ1sbjIYX4c9AYaMx5zi7JHY,https://geni.us/5rbKi8,1R8eKl3yTlOeW_IiN28dzlKtTw9azVb0Q,SUCCESS
Touchscreen Faucet httpsgeni.usOQ9H.mp4,1Ixiq5iAtfOVahtbla63TIHgB9-0rROod,https://geni.us/OQ9H,1Lwypp-NL3pQ7_r2JhJUG0QxvlmjZyizn,SUCCESS
Oil Sprayer httpsgeni.us9I4BT.mp4,16hlj2bHbyYyG_yl1TczcMAOLCcBwRdSA,https://geni.us/9I4BT,1wzKdgbT4p5RIKvjrQnQjj3SiJdAW2rAZ,SUCCESS
Air Purifier httpsgeni.us8RT8e.mp4,1yAAiBX2hMwxdB6N2baTF7Nr6muQCe1O0,https://geni.us/8RT8e,1GGeaoKfn3UEEDPUbRn70nve5qO9_3UsR,SUCCESS
Shower Faucet httpsgeni.us5WlMTk.mp4,1r_7oUROmayi9KaM1oq-X31z4AaiSF8sN,https://geni.us/5WlMTk,1pHAhHcjaYyJfKJqmB_qhSawL72LuQQ16,SUCCESS
Bidet Attachment httpsgeni.usUIUy8h.mp4,1G4zFAPz17sWeLSLcrCJpTXnEk5eovlVp,https://geni.us/UIUy8h,1kFHtouIG9AIDmSMS36-mnZrZUMjf9eKq,SUCCESS
Water Filter httpsgeni.usyARLhE.mp4,1l52OZPLdMfK0BlKZSZMbKjTfFneuvZSf,https://geni.us/yARLhE,14MgotqnEysXG5Nn_Qc0vTQeAtvK0Iw2s,SUCCESS
Knitting Light httpsgeni.usfGl9Sx.mp4,1P-xIUdhB9RBtfKVIRp9fYScnxF7oDe4v,https://geni.us/fGl9Sx,1aiCgyJK0Ef4XKZDU1xstM8JWP25hCJOh,SUCCESS
Security Camera httpsgeni.usXyETkY.mp4,1HAJQlI4w7OD6EQ_bWG1SB6Fbn0HABF6Y,https://geni.us/XyETkY,1XHeVIypV79ih8i53g1htlBCxJ-igcEck,SUCCESS
Folding Machine httpsgeni.usVAq1qg.mp4,1dH8FpShs7BXBRO5uZbmKMRd4Uh1eBIJv,https://geni.us/VAq1qg,1rKeI4mtJ1Xquf49ByHuxtbm_Jshk2r6V,SUCCESS
Rabbit Air httpsgeni.usKDGvY.mp4,1r6liqGimrBci3-e5__dV52ZfBdwxX4WN,https://geni.us/KDGvY,1i9Yj5vllzgg0dN_vSJdhNhImJ2JRvs1e,SUCCESS
Neck Massager httpsgeni.us96RpBqW.mp4,1EQCCrfSu-L4jAP1vy5KRB3ohcPtCGXrD,https://geni.us/96RpBqW,155qWbdaHbGv6yAvk6E00KY0_CjMmTtjT,SUCCESS
Pet Brush httpsgeni.uswUEQus0.mp4,18xVFN169FXr3EVj9u59OVVBygtEKhiGf,https://geni.us/wUEQus0,1DdYydM9GK0GQuRxFEsbhWJNNTi8yOY0F,SUCCESS
Potato Ricer httpsgeni.usD8sUNK.mp4,17NXvU2DYuwdVCvsDdMYnPB2FIuHYIIZZ,https://geni.us/D8sUNK,1j_40e0B5u1HIK3CA0RRND3ODgJUUVfc9,SUCCESS
Electric Kettle httpsgeni.usuCAXa.mp4,1R06TBY_4-NJFjiHx53VGwWa7-U4r1ZzB,https://geni.us/uCAXa,1FxLVCziNt1OYv1YbjmdRCFGF9wO9Bo11,SUCCESS
Hydrogen Pitcher httpsgeni.uswNdGFi.mp4,13FBdGWCQHfenjZTxNMhH9kSGwZKwwaMZ,https://geni.us/wNdGFi,1MffjlF2hKhw_llAVcVmZ_6bvkU_NHM28,SUCCESS
Smoke Hood httpsgeni.usnPlHAM.mp4,1Gef7Z_P_NY1Csh2QkesdxffjuidX4LlQ,https://geni.us/nPlHAM,1dFapES0BVL-xkHU2x4yLNTLD9a7Kz3NN,SUCCESS
Water Filter httpsgeni.us3JBG8.mp4,1KZmW2OWUE1tWmPRnKI-MhpRRlCXsDmNf,https://geni.us/3JBG8,1Dg88bC5YeQgjPhtBxojBjcvpjYXWjLfn,SUCCESS
Vacuum Cleaner httpsgeni.usKsi58.mp4,1VP8P1WQy1HFJKkbGuYcaK79V6NOiYYfw,https://geni.us/Ksi58,1W3RFQ3_c6_-SpmhPvSIhEkhgZqKXtI6-,SUCCESS
Professional Blender httpsgeni.us4H6Zvw.mp4,1oQ8iL6qva-rjnPRg2x8AEmK6WZgGBNUu,https://geni.us/4H6Zvw,1T5lsiN3aj23Jc7XdxK3KDEipAfRxsT0A,SUCCESS
Pasta Maker httpsgeni.usPA3XEA.mp4,187vrSpEHlxKJSFc6TpbCsFULu2ux7TCL,https://geni.us/PA3XEA,1Iemo-lA6th63hQY3vN-yfpe5KsWwZuDo,SUCCESS
Knife Sharpener httpsgeni.usz8fGwK.mp4,1Ux_VOmknQ5uG67XCPjosnbKfhxvr0uRX,https://geni.us/z8fGwK,16IztmVTAPgoL5lhduQI9brPwYqqxYyR0,SUCCESS
Smart Kitchen Scale httpsgeni.us86Lx.mp4,1Nd0WMynEVg4c7TiP0b9aSERY-I9KhmBn,https://geni.us/86Lx,12Z2MzbAEUIPruKdFfrthN2vVB7Hr7b51,SUCCESS
Electric Composter httpsgeni.usGimk.mp4,1a-2oQGFKpR4XNaMbWnw4v80pTS_mSjj_,https://geni.us/Gimk,1FHBGRglqxP4hkPGpiTTEgrS5q5hE1F1d,SUCCESS
Milk Frother httpsgeni.usAmBuCUs.mp4,1BYZrKb2aElL5LnPvvQeumWBw-UyMGy1E,https://geni.us/AmBuCUs,1wmfLTbEhSCPhd5YJqGg6tFnTCeDlMJrk,SUCCESS
Electric Grill httpsgeni.usn0ex.mp4,1QdUflpC0Jog8Yz9JlPG6xD8a7AQnI3oB,https://geni.us/n0ex,1A28nRmeRbmmtAdeqYxWGWja6ML_ZBLD1,SUCCESS
Meat Thermometer httpsgeni.us02FGD96.mp4,1HM3zPX1IseCMXaqk-U_SgBBBlpjDJY3c,https://geni.us/02FGD96,1mfiJJRLOjOX0pIUAA3x2s7WwI0fEM5J9,SUCCESS
Pizza Oven httpsgeni.usZwMtS.mp4,1Jb7mR48OtixivWrwfRd9O2DDq9ubZ6xM,https://geni.us/ZwMtS,1TauhYasQOnqlclrS8sQeLnCtr-xOi8NK,SUCCESS
Steam Airfryer httpsgeni.us5VmW.mp4,1m1v378bAdTOe4ubsmrkiQZpfOMGNjPqK,https://geni.us/5VmW,1F6koRPmMptHRThTkr2wRTTzdXFxwJt9e,SUCCESS
Rice Cooker httpsgeni.usbdRoh.mp4,1OOLrps0Lqw94AAgYSyG4kcHRJzc0IaBX,https://geni.us/bdRoh,141Buapdu36Ch7UxbwzU8Lfm6EV59kUon,SUCCESS
Bread Maker httpsgeni.usTghFrb.mp4,1HMs5dYNIogp_l9iyK0gMm-56HC_IzV1m,https://geni.us/TghFrb,1L0SlwyIYoCV8CELhnCIjiaXtbyDZIXbD,SUCCESS
Automatic Coffeemaker httpsgeni.usI1KU.mp4,1CmDBLuvuSNi74C_gEPOFD6HU0yHPElre,https://geni.us/I1KU,1TURWuZlMg2xjKIpQeMlOQi0p9QvsO_cQ,SUCCESS
Coffee Grinder httpsgeni.usE5W3.mp4,1HiVi4oxqTr_WN5_DciEzdR4MrYrltu2f,https://geni.us/E5W3,1zRsQP9XdpxzlRMubqOABJqcjJO4uwiQa,SUCCESS
Dome Airfryer httpsgeni.usMwx4WA.mp4,1ZI5b1hXsAEp82WU_S3aK_VK98WjklqGZ,https://geni.us/Mwx4WA,1ApS5RoWEzku9V7yYQHuTtpR8MD95Lkca,SUCCESS
Peanut Maker httpsgeni.usVyO1BaE.mp4,1sapqjqCLX5JqcfpIj2Wz0hHfe9qwsH-V,https://geni.us/VyO1BaE,1QiB44oEg-DX7-SlU4oS7njXqlpb7H4Mt,SUCCESS
Travel Blender httpsgeni.us1w69g49.mp4,1kOF4Ca8z2lAzWju59jrKKiHi6djORCni,https://geni.us/1w69g49,1cxKLJ9rRrO5o1G4zPwCcx1_eVikIcuex,SUCCESS
Under Jar Opener  httpsgeni.usxt2N6.mp4,1qWHMXrlQNwA1fubXfpnruXAAMiCzaI8T,https://geni.us/xt2N6,1x_O3nYCDwbSqbMUqRZ--fzvEeH0hFjeR,SUCCESS
Portable Coffeemaker httpsgeni.usx5RA.mp4,14j5fpBk0mxDQdFrsHfTNDvWI6ljhu7ce,https://geni.us/x5RA,1CvOJO3gNjb-w8y0a3YJARaXsG0ZC8P7L,SUCCESS
Shoe Display httpsgeni.usfB0BkZG.mp4,1ar1aEE3rlpTZ3Bsmz-B9XVJ9stzY22vV,https://geni.us/fB0BkZG,1bBuCTZ55KRKQfGiTlQzktnrbyyjCDWuE,SUCCESS
Air Purifier httpsgeni.usyIlDxe.mp4,1gxohQIMHohdiYA60SBurVBnHMEt-dwZN,https://geni.us/yIlDxe,13EGHNkS0uQlRhyhZGcsR7wEiVr9sf7sd,SUCCESS
Mini Washer httpsgeni.usrGQPrEu.mp4,1sm4xE-0WXPRbL3nI8by9-LzbXrMqOiJE,https://geni.us/rGQPrEu,1Iuf7W4997HcVnN9VghWgwJao8GMVQFPe,SUCCESS
Shoe Rack httpsgeni.us4Os6ulm.mp4,1N1PxiEbhVU0VFJ_xeDz43dQ27TdaEpAq,https://geni.us/4Os6ulm,1F5HNUDxl1Q5OhtZuT6KT22zIddfZwsqg,SUCCESS
Swivel Rocker httpsgeni.usfjAw.mp4,1KxpoZvQ0KACDA1WWSNgWadZiYfTdCSvT,https://geni.us/fjAw,1OcwOcKakVcm5MKVqxV3R7VPHssLLadN2,SUCCESS
Toothbrush Cleaner httpsgeni.usuivQeN.mp4,1TXFCyQjMwKtcz3eMGAZX81QcZg-ckapK,https://geni.us/uivQeN,12MVthrORHw13c6ouKmaxctoW_gn05ITZ,SUCCESS
Table Lamp httpsgeni.usOwv8B.mp4,1lxHK0Jm1DFEgFuKGkQQ6tkIuyz3IC7-G,https://geni.us/Owv8B,1ITez2vd7FMXR7tGeRR2GDedO6pD53Llz,SUCCESS
Mug Warmer httpsgeni.us2geFIP5.mp4,1DTj1aVh3wlC6fWZ5jsKOHhWyQ191FgHr,https://geni.us/2geFIP5,1KL7jS54G0S3ybK9Vh3lzX332Fs_fOM5m,SUCCESS
Steam Press httpsgeni.us2n9J1nF.mp4,1dDAB2e0bJvoUQmKwitfTfix0BCPICVsu,https://geni.us/2n9J1nF,1g0u4nJgtcz_iSY4ZkKdX7TLs3akdpURg,SUCCESS
Curtain Opener httpsgeni.usfMZuP.mp4,10saN01wavrb4t_kHo5mNxAWeutdKpjWP,https://geni.us/fMZuP,1aLJyoZmO20EWeun-SZBuTevyfWwrb-fp,SUCCESS
Charging Station httpsgeni.usUd2nOch.mp4,1L3RvnDzYKF6vLE2poxHsMzfmb6yNlHXw,https://geni.us/Ud2nOch,16kJVUtTB3YQhTZmsU8E5Mr7EG207DENW,SUCCESS
Alarm Clock httpsgeni.usAHtrSk.mp4,1gGdqfNxjSyMYOzdefSlOSdaFMk-ZfD6V,https://geni.us/AHtrSk,1K-V3IwQecQLucryStxd0XA33AeUVyqJs,SUCCESS
Space Heater httpsgeni.usaeS4gAp.mp4,1d1wzv-jbvfnQ-xiWzOx_7vRpNx6pTTNg,https://geni.us/aeS4gAp,1GvQ8EV6qlLtTfWmMHV4meWD7nH3jeuXl,SUCCESS
Waste Bin httpsgeni.usnM7O4Nu.mp4,1Flskt5za9wCcsrKyLsQbwHZrvrwRqMwV,https://geni.us/nM7O4Nu,1EpIVpANJa4dVVcSUquxSIRwpHrGdB-cq,SUCCESS
Smart Thermostat httpsgeni.uspvuRc8.mp4,13arEM8TC5QEjhMPhA15oPmkHe2A6UpLw,https://geni.us/pvuRc8,1sfntvwd7QmYcyc2h6NswcdrNN5qU6aVq,SUCCESS
Night Light httpsgeni.us3Atns.mp4,17yjD4Ob60eWpty79vC9rpiUyjijuQ6lf,https://geni.us/3Atns,1r2K4QKs_Q7IyODesQwRSV1irl6KERvUA,SUCCESS
Smart Humidifier httpsgeni.ustDkj.mp4,1qnhZdO7qLgdRUL6eWxUlqpAUOwE6HT6n,https://geni.us/tDkj,1-xq6MddLOv894uZktPMZdPk7hALYAxF1,SUCCESS
Book Stand httpsgeni.usHxGSuc.mp4,10Eah4t2FCtb_0CeeAVg82fgS6XIPBVum,https://geni.us/HxGSuc,1HSsS-u7Tr8Z8F35OTnYquzt7v2Yn99mP,SUCCESS
Massage Gun httpsgeni.usuCGLbT0.mp4,1GMgIaRyj2VPQybdSKvc5kiG1_CDxF3zB,https://geni.us/uCGLbT0,1app4U7JnGjEl1P7-Dhejj0y6cqt7nG4_,SUCCESS
Bedside Lamp httpsgeni.usS139y.mp4,1hCK6xHEs1yjaNHt62hKlmINR--MXhwl0,https://geni.us/S139y,1_wFj1qL58p9sVOFykEwlf880s57BIqwI,SUCCESS
Gaming Cockpit httpsgeni.ussfRx.mp4,1-6MGjABcGXf3MrnqN3PWN6UWijWXsfPO,https://geni.us/sfRx,1pnDnvMZRRumfkOdeEi44ntpfAgGq1VCk,SUCCESS
Fingerprint Lock httpsgeni.uspHqSkY.mp4,1mP_WPhmpQXa-JMV6vRVPggyuHYRfk2xD,https://geni.us/pHqSkY,1f6uECuTZ2NmnDAZfpRQWfPgs0q_yEnhl,SUCCESS
Smart Bed httpsgeni.usQ14e6py.mp4,1pxlemqpR01mAEKmoWwl0AOkNnbFdq0Jr,https://geni.us/Q14e6py,1TbfhozLMXVo0tGqE9swhFHG2ISa4syWP,SUCCESS
Neck Massager httpsgeni.usUY4aYz0.mp4,1hhMFlXD6jULSFVLgxY0sGbJ0PY3Gg6FR,https://geni.us/UY4aYz0,1ZZz1oWZLoe2OlFDvH-eheKITbtcj8owe,SUCCESS
Bathroom Faucet httpsgeni.usMHUCAA.mp4,14s-xaRmT-b4_GDZLZL89sMBuFKcgyuX1,https://geni.us/MHUCAA,1gO7k8NFwpfT8XLyUP4vmQuwuZh-Az_IX,SUCCESS
Motion Sensor httpsgeni.us1NJdB.mp4,1FoRQwt_LxxXE08mdc8JYTARcJ6RqZGgl,https://geni.us/1NJdB,1_7WlDh8JsQxOHESZfDb1BTMmLtCoVuHz,SUCCESS
Vegetable Chopper  httpsgeni.ustKBwmFq_1.mp4,1szFmuDFo7knJ1rPNPSY5WNaWFvzPdZ1P,https://geni.us/tKBwmFq_1,15arXPv9i63-04e3I1Bfo76gb0oZlooBb,SUCCESS
Drink Chiller httpsgeni.usmK0J.mp4,1t-cNdr57y8RvvVEyngVXMFdxVx0fHIly,https://geni.us/mK0J,1AtpvGoPav14qWH-EH7t_GNe6Zhsbz5Mu,SUCCESS
Food Heater httpsgeni.useUymr.mp4,1dfXpTARe_24UJbZXGdGK5ZUEqbTGMN4h,https://geni.us/eUymr,1_TmQD60J_PAuMSO_qsIewZDDGlqsjgwh,SUCCESS
Echo 15 httpsgeni.us4v5jpU.mp4,1a0MEBvW4VWhmi-__toDrfRt_w5Qh7bay,https://geni.us/4v5jpU,1MpdS0QzXH8cikMen_kqmrEF8e2IBxWP1,SUCCESS
Measuring Cup httpsgeni.usCZUzm.mp4,1jlsUmgdiFvJQc-zA_rqvfblbD93w3K05,https://geni.us/CZUzm,1wMBndZ2bCVSRlxXbDLbrMA2am47SSQOb,SUCCESS
Herb Saver httpsgeni.usdxUpc.mp4,13hqiwW_mR7lEhgWRy5Y97aZJRqnMKIko,https://geni.us/dxUpc,1OzPLAfMqm2ONmR007vc7pVgh0K48DLrJ,SUCCESS
Sushi Bazooka httpsgeni.usHUfhzt.mp4,1Oe42-9IS8ENdRdvBZ2Xa0ZXCRtuOevZp,https://geni.us/HUfhzt,1nkTJH8Q9HR-5IxbCDJ2kaTtqBFmfNGn5,SUCCESS
Electric Pan httpsgeni.uscYLh.mp4,1oiK2mOqN6GDFc2xuwxDfX1b1hFTkZAgc,https://geni.us/cYLh,1Vu7ORtFywO9v-TlZEpUYmpUhkUFyvOY_,SUCCESS
Vegetable Slice httpsgeni.usTxvZkZF.mp4,1pa50Vq790QrCUHjxs_oke7LsazkYyyVo,https://geni.us/TxvZkZF,1VI4qdC_mbAmkrBbUOm9oaaxhtq-3t-OJ,SUCCESS
Sandwich Maker httpsgeni.usfjRs.mp4,1YY_QvMq5xKjDagXICjQXsQ6FbVrx5rDN,https://geni.us/fjRs,1dT6me0zBeKEnT8gTWo8U3yYXTsHc5DYe,SUCCESS
Rotation Pot httpsgeni.usMglgV8M.mp4,1H1dPg0lzvETYvRqiRZieHPYFKO_7l9Pe,https://geni.us/MglgV8M,1yA5X896ZDoZgZEuTlVyw8KnDfPGlOap-,SUCCESS
Handle Sleeve httpsgeni.usFFr5Ba.mp4,164-HitgYCh3WswmBZU10iOrzHXXdPigO,https://geni.us/FFr5Ba,1fFARV-Clubgr4OC6cwgMXwU38mtYqQvX,SUCCESS
Noodle Maker httpsgeni.us3cYxk4o.mp4,1iBOgJU4fEMnkQDFkWd8hXJGP8oHrugHU,https://geni.us/3cYxk4o,1YZNtx2gPaM2s4UgoH4n1O4y2_2oY_NKu,SUCCESS
Wonder Oven httpsgeni.usGKJAZQB.mp4,1IJj6bpeVyg7KoMuSs2OlBdEBBFyY3MQ5,https://geni.us/GKJAZQB,1Yia3-xkGzdV-fecjErU26bOgnTpjM4T0,SUCCESS
Jar Opener httpsgeni.usAYqX8.mp4,1PnED-bPJyS4CGdlGvch04CDJX9Ehuh2C,https://geni.us/AYqX8,1SHTc0FIOQn-2BLHmrDlJYarnKwyn4QE4,SUCCESS
Scrubber Brush httpsgeni.uszA5ACj.mp4,1WeAifs8_rQ7zREk1-vemQl7gUxcxWM0H,https://geni.us/zA5ACj,1iTeuyJ2-0qMEloF9_oxMUKIePm2yWlDA,SUCCESS
Salad Spinner httpsgeni.usVfJErH.mp4,1Vle3tCoi9Ouoq_fNz3JaJPDDR4yPVLdO,https://geni.us/VfJErH,18arBEHWelXgfR4XPU8_JP3LgNSfAvENR,SUCCESS
Sausage Maker httpsgeni.usyUCi.mp4,1X28ActmjeyWQFi0OAHB4vo_NeEDeD66K,https://geni.us/yUCi,1RIqlwhpL8FBddX5-bUSiLg1xSATD2Agz,SUCCESS
Popcorn Machine httpsgeni.usTmYgX.mp4,1TGQsEfAPwv-n9acIDepUoKjrpTVLKqBD,https://geni.us/TmYgX,1C9wLZhZYmlYcjYtcAPufk5yZ9B90-ch4,SUCCESS
Coffee Maker httpsgeni.us1ftzFBL.mp4,1taabKxqciEsmfu5g9_yz4P_l4EDUcP_l,https://geni.us/1ftzFBL,1Q0w5MyehbFKoZBs6r2qbd2m_WHVYc_Ha,SUCCESS
Citrus Juicer httpsgeni.usDqBiAyB.mp4,1F8lK0MQddlBTawDiLhZj7sHPVGDc92QG,https://geni.us/DqBiAyB,1jpGbYMVEQzhlnUBdbWS_YVz9Iib4LJDt,SUCCESS
Breakfast Station httpsgeni.uspEXa.mp4,1o5F_WmAV945olLY_s7m8MAFSoYrsQkll,https://geni.us/pEXa,1zO3GUjA0cB4J-djb8H551DRU-zHPrVJc,SUCCESS
Hand Mixer httpsgeni.usB6RfLf.mp4,166FJKwMrGzenQNlBL2309tkf4bAkGxDL,https://geni.us/B6RfLf,1YHt7j_2lCzSv1UNf_Y6Ztut804w_Z8Ca,SUCCESS
Smart Planter httpsgeni.usxrAYn8A.mp4,1AfQzYMQsydM0l-jIwvHyqrWmUbSyM__s,https://geni.us/xrAYn8A,1Wbu21y1oiTwzafCEgWqqlf6ssIjuqUjp,SUCCESS
Smart Toaster httpsgeni.usTJOLJmN.mp4,1P6V0XgWPgR02Q4nAzXQ2DKIEu1Xl_voz,https://geni.us/TJOLJmN,1ZdI86p7TDTK5g0VB4sbLtWSxV4fVU2o4,SUCCESS
Jewelry Cabinet httpsgeni.usNUdKmC.mp4,1XkNqhyTJqqf79nIJMAM_U83ii9ORnSY8,https://geni.us/NUdKmC,1YPpJk-ug5mtCuUvI3nLsi8NZ9a0X5r0p,SUCCESS
Folding Chair  httpsgeni.us4cp6q5.mp4,1llIMT2RBLSHKBs64_4VdjFgFfX0BJoXm,https://geni.us/4cp6q5,1ZgT-LbKl2iEy73p35mIR18GwgLSBFmmg,SUCCESS
Storage Bench httpsgeni.usg8OP.mp4,11AukWeqKv19hlFQctz2Marf6ZZNtLEwY,https://geni.us/g8OP,1SGyuPsZ2hrjv89JMCYW8YABtVRGzThr4,SUCCESS
Folding Wall Desk httpsgeni.usNHDo.mp4,1uh3icDGMOFcHXw7Cexi1iQqJXxM0zaCg,https://geni.us/NHDo,1PJw_u3uZOWPiSVgJCeuNjG8PcPpP93yJ,SUCCESS
Futon Sofa httpsgeni.usvgFai.mp4,10MrWxdJeradH8JFTDyyNZIZoQifHaffs,https://geni.us/vgFai,1raQ1d6ucI9AkIM1txOeOAHcoVZQvLTAR,SUCCESS
TV Murphy Bed httpsgeni.uswagzA.mp4,1Mf1JLjS1qoudH9f2T6Dj-7JBlldvIMMi,https://geni.us/wagzA,19MPFINWxq-4RnaMrfzlCs8Z3XKCeGO8T,SUCCESS
Expandable Table httpsgeni.usCsNyi.mp4,1S_7disDgMs0i4jMPQ6HQDao6h00Oias2,https://geni.us/CsNyi,19P6oh675a9-2mrUtimgniLc-7Kr_4P9H,SUCCESS
Storage Ottoman httpsgeni.usCNixMhP.mp4,1rUKliR3v0g1D-ZweHqugsd6C5IET15ot,https://geni.us/CNixMhP,1uWm5Br0m-MdCvDSZc_szTVxvphf730Eg,SUCCESS
Foldable Desk httpsgeni.usnWjDoF.mp4,1EEDvKtaEO1ZtsOnNKDEzWj6NCLC8p0is,https://geni.us/nWjDoF,13v9ZbjlsojlQkCsFSYQ6mp3pkXvMshKI,SUCCESS
Floor Lamp httpsgeni.usVqtjV3X.mp4,1REZX5zRy6xIVq3bW8vfSq-AYEmDdhfef,https://geni.us/VqtjV3X,1qIaZMhnM7Q1H9-USGmDhZRf7qp7MnD24,SUCCESS
Murphy Bed httpsgeni.usfPAGH.mp4,1kg2jMz8ESSNY-ou5kovRYZsI77lQnVb-,https://geni.us/fPAGH,1Z8hem_rifwOtNFdrvTgbgXCE4rhDZozT,SUCCESS
Screwdriver Organizer httpsgeni.usAIulB1.mp4,1MCqEU1k1rBSghTTtt_RaRWwk6FXIe2Uu,https://geni.us/AIulB1,1HHfXvwxRs0Xj-57FayS4k7u2eWUPgWz7,SUCCESS
Space Saver Set httpsgeni.usSMppDdF.mp4,1IhZQ-yLXDceX1md2tK_MMZedteEC8sYs,https://geni.us/SMppDdF,11saaGIl_D5Iqv4f71bY5hhoCcyCe-Wzz,SUCCESS
Screw Tool Organizer httpsgeni.usq6rG.mp4,1pj2O8ofqYR4bws8QNk9oHCzjodWRNGgt,https://geni.us/q6rG,1j3zkiSld_kvDF_fp4snie6Wx1ZA_RNTX,SUCCESS
Coffee Bar Station httpsgeni.usT8xnCA.mp4,1hOLNBMbif6N5-DBCaD_OnVfdqvZe2w9F,https://geni.us/T8xnCA,1ULBNqcaaVM0UdfAsi0-6IHGi2JxPUCNO,SUCCESS
Lockable Storage Bins httpsgeni.usYbaCfTt.mp4,1OP0n8sUzuWsY5V2YqL7hm2ExIk4hD2hK,https://geni.us/YbaCfTt,1lzcpF3LQlVn075MzNUd4bmb-IihtSg5r,SUCCESS
Table Set httpsgeni.usf14T4f.mp4,1bfPnjGK7BcvergOsAb2RPh92wSJ3Df0I,https://geni.us/f14T4f,1uW0uKGLjIKMJ1fOLzP7qP2nBz0ehqznd,SUCCESS
Slim Rolling Storage Cart httpsgeni.usBZckdbv.mp4,1xy4PL4QkGe4aOZJGPpc5-ZBLRzz1IlN7,https://geni.us/BZckdbv,1dW3766pxrwG_Ulw_IT0eyid6ziLD5s95,SUCCESS
Tree Bookcase httpsgeni.usUqNuSsd.mp4,1DLpRDb6yq0vQVdSZyzsVpG0TKIJaPZnO,https://geni.us/UqNuSsd,1vYg0Ibxwyl4WARHJPKN6PKJh_tVdNI41,SUCCESS
Round Ottomans httpsgeni.usGVlwWV8.mp4,1-q-f36Y54yAM9f5sSJKSl9ixYWjjFKaT,https://geni.us/GVlwWV8,1s2FXNeImpa0ZcMMB3UY0Pn-ihb98U00f,SUCCESS
Narrow Side Table httpsgeni.us0phL7.mp4,1V0xFiQfVUOQWyVoM20uSETe2s8eBvsZe,https://geni.us/0phL7,1eBn4m4JviU-hXE3HtqW7CDkXhr5IwjmJ,SUCCESS
lift Top Coffee Table httpsgeni.ussgWJyB.mp4,1RjDUjBlHfm-_J1rIeL6D6XbZGC_tIhBf,https://geni.us/sgWJyB,1LZ4hz7x2nhvd7-QU1Rjq8XEROgn5UoKc,SUCCESS
Corner Shelf httpsgeni.usHUq8.mp4,1mWHhupv21OaGEUjBK04CJXM7VyBA9TMP,https://geni.us/HUq8,1zLv_PRfPU9RHTc_YIjAt8AgkQHnKqnqv,SUCCESS
Murphy Bed Cabinet httpsgeni.us5faP.mp4,1N3Mw0d3rZd95Rm1MhmBcWzmgWx67_x2H,https://geni.us/5faP,1e0K2QjG_ZMjT88NhWbpzBWbgamvxld9x,SUCCESS
Smart Board httpsgeni.ust3Kpy.mp4,1x2qH4KnmICJiUmOOIZIq8YKwURH04JdF,https://geni.us/t3Kpy,19Sp0Lkn9_j5QShaTaNEU3wxkjCa7YJOW,SUCCESS
Puzzle Set httpsgeni.usY4FX5.mp4,178W7jH_uXM5Ta57gZeBakHH_7VyeTNLn,https://geni.us/Y4FX5,1CSJtUwgZsw7rCXyok7CUsTAGGU_J-lTn,SUCCESS
Handheld Game httpsgeni.uslgyLHpv.mp4,1wRRvHg-I0zi0Git1X9Nw65nDPAQ4j8mn,https://geni.us/lgyLHpv,1txuuqcjlM0_JAKH_unOsmfYIoDguwDQJ,SUCCESS
Folding Machine httpsgeni.usqB6ykZ.mp4,16ayI6LbXquKoTeTNo12LldziVKcpm7hI,https://geni.us/qB6ykZ,1hZwSiLMxIA2JDCAPnAYAyWt5yFwMKFqX,SUCCESS
Music Ring httpsgeni.usaJ65v.mp4,1qTXLZYgRSPCva69DGC6K9XYLXdvche1q,https://geni.us/aJ65v,13z_ibO_sQ5NQZ6yWSmPDmw9SByf-3f_R,SUCCESS
3D Pen httpsgeni.usciFOg.mp4,1z6IhGjBB0Jeh-6CEPhHtJG_k-2CGCmOA,https://geni.us/ciFOg,1pWctzOYQ-cJIbDzY_gmBoJr_Qv8VizcA,SUCCESS
Magnet Pyramid httpsgeni.usShT8vX.mp4,1c8BsCRWE9uZIqE9BjW_r4R8_lAbW0tIl,https://geni.us/ShT8vX,1djxbm9TV-2DQGQ99-7s4edQ9NL3j2Bes,SUCCESS
Digital Pet httpsgeni.useS79K8c.mp4,1Ddzt2OXULPAY4OzcQi8nb2l5bGZO63iG,https://geni.us/eS79K8c,12xOnaZ0YzsF18A-IbkA4-6TnTb3itNPD,SUCCESS
Illusion Lamp httpsgeni.uszdcM64E.mp4,1pe-ulDhiog4G9-BcfR1vyyquoa2M120B,https://geni.us/zdcM64E,1FiAtkX-eJgOLKt7obWf8yaAAgMGOfHb0,SUCCESS
Stunt Car httpsgeni.usetzxMz.mp4,1FpQqIxlvluVQAtF1sPPQcPRcEU_oduJf,https://geni.us/etzxMz,1h9lCk1s-bdjmc-qoCadcypoqVmd-0dKB,SUCCESS
Smart Glasses httpsgeni.usaeqa.mp4,1lhBhjxUlstnppvQaGxeWrxfoYPigieS7,https://geni.us/aeqa,1i3shLpNIzB1Kbo3-txCUl9MM3oAoJXsE,SUCCESS
Glow String httpsgeni.usMISAetH.mp4,1u73hPuFC8OEkqFsnBVwKTTeSwbLggc1l,https://geni.us/MISAetH,1UvTiKfS2JTiYORdgOJbWlMAUnNFDJpDH,SUCCESS
Photo Frame httpsgeni.usb6CiTD.mp4,1iZjV3LiPgDTnW0pBctjaH2cXAIg3pirJ,https://geni.us/b6CiTD,1llNYnLzuPso51bvb-C7b9lKgJUaz51pw,SUCCESS
Writing Tablet httpsgeni.usZNMb.mp4,1BwTXpkswa5n8G6BJkpcils-TcSQbV_ai,https://geni.us/ZNMb,1E1bEmDXKVfUX_SfXjnnSB9FRH879RVxG,SUCCESS
Electric Longboard httpsgeni.us87Fyii.mp4,1IEMNmp14MNufbwpYrrBJ_ceSY200Eomz,https://geni.us/87Fyii,1XPUnvxO0XtRwqZmFDIY0VA6XlOR8k-P3,SUCCESS
Laser Tag httpsgeni.us3nRAy5Z.mp4,1TTpXPz9S6Lwpm_evM4SY2ycTn-dEEYjV,https://geni.us/3nRAy5Z,13rrMrYpdMBoGoSG7C9WYUZG4GxGJK3-h,SUCCESS
Mini Drone httpsgeni.ustJFMEAD.mp4,1TkR3FHsr2mmala3_UZOuomdnKuPyEji9,https://geni.us/tJFMEAD,1Q-NM6IuqXsCv-Buwn6Kxu6YpuA7Mw_1m,SUCCESS
Smart Ring httpsgeni.usjjil.mp4,1Fx1K5GaycnAZXZ7Au1sZSgUa1X3agQii,https://geni.us/jjil,1riKwbDmosqyNCmNxS5_7uoE7T5R7ZM6E,SUCCESS
LED Mask httpsgeni.usDpVSBN.mp4,1PpLVD_1xk__WDjijqf8LwBB5zfpyc5HA,https://geni.us/DpVSBN,1a2RD10XKDhrE-1iI_80ctiznxUMBJPUF,SUCCESS
Robot Car httpsgeni.us9ZP79wa.mp4,1MNXGzpulnyn30x17Z1lW9etaQ84m18fv,https://geni.us/9ZP79wa,1E_oL5ityS0yX3B0HUEDLhyhVog8D_tzQ,SUCCESS
Wall Crawler httpsgeni.uskrjT6.mp4,1eQHSmM55dbTFA11wLMss-6VR3As9swgd,https://geni.us/krjT6,1SSmg8EMfTBwz2h8z07Mp4I10e0lGqHPO,SUCCESS
Star Projector httpsgeni.ussa0348n.mp4,1YdLiMMJ8vgf4T_poNzhdXMzufO9iBqe-,https://geni.us/sa0348n,1xzNGvob0D-BZKAhJh6mgMLHCbK-nEsKD,SUCCESS
Charging Station httpsgeni.usWSlBuhc.mp4,1FrUDWNucXdGnFedBOByNC2K7-bb8sq2W,https://geni.us/WSlBuhc,1RhFcYJIq-t17WW22fF2WZt7Vlkiw5JSl,SUCCESS
Levitating Globe httpsgeni.usm9azLz.mp4,1aDJK6SwmlE__6b23fzmNseHHC1t8NuBE,https://geni.us/m9azLz,1U5TvkalVJgkHkwIxr8ex6x5NQkq2nHqG,SUCCESS
Flying Disc httpsgeni.usuJ2i8.mp4,1o3OSlrEl3EkNtBPTE_5Cj7X6eoNNBOCX,https://geni.us/uJ2i8,1FZOPcOLwMbs3LSMKdW67PxpdryuFZR4D,SUCCESS
Flying Ball httpsgeni.mp4,1aM_KdmtQdH4QcFHzOVVQZrbw81GUmPxu,NOT_FOUND,,SKIPPED
Steamer Ironing httpsgeni.usQqvJ8vz.mp4,1jtGfkSWkVnONbNRiKZfWGYAteLdf34bL,https://geni.us/QqvJ8vz,1H-Zk7Oz7V3u0sEs0hSbopDjnZgCBWmvl,SUCCESS
Grout Brush httpsgeni.usiI2c.mp4,1WmF_KxwEKvtKZWg5iHh4B1TBTtGiVrsp,https://geni.us/iI2c,1BVLk7gc62hjE48WtZDsq3aaCB2Gq5n2K,SUCCESS
Eye Massager httpsgeni.usi3NH7dL.mp4,1sDkbcU-irJaZcHFsKcRdk0oYvlIXAhps,https://geni.us/i3NH7dL,1mx4yje7E_xOKm5y3E4wGSuxg3-i6iiTe,SUCCESS
Toilet Plunger httpsgeni.uslRYM3.mp4,1GHNXSQMxm_xmB1E2-pbBfkZjkhEulrO4,https://geni.us/lRYM3,1pYRtwvlSUUDyV5qmqkk5o2oL_H3JiBb7,SUCCESS
Herb Kit httpsgeni.usLHGw.mp4,1oHHfTXqzJHwgkIrGHGfUCeKdb5KRRXrY,https://geni.us/LHGw,1d0FJmZMDbln2qHQpGW9P0VdDf0D0E8n4,SUCCESS
mini foldable mop httpsgeni.us2N9hz.mp4,1YrHXb4G_LjO3Ahnf1raQRuigb3FQ8oBe,https://geni.us/2N9hz,1MItIT-aXiP1vrjfq32QtMcgYnebOJnOY,SUCCESS
Smart Thermometer httpsgeni.usV1460hB.mp4,1CHjgmiuIMvpXgJx-0kiy7jOH9oLcf-rh,https://geni.us/V1460hB,11bM0t1B6tZUhIV8T2wmC_fDeo9z0r8np,SUCCESS
Tool Band httpsgeni.usyL6HuUk.mp4,1jpxgRB3cnBhWyz_pA6W_7rJA9Z9SCbT7,https://geni.us/yL6HuUk,1-6WXFoSKusepd64pRttbP-g-gHFRs_Gp,SUCCESS
Auto Switcher httpsgeni.uswBY4S.mp4,19k_PclNWmsrUkcteuLBL8tUcvryKt56j,https://geni.us/wBY4S,1aGBTcnvBttc1EFPdMT0kNl0iz0b-I8YY,SUCCESS
Bowl Light httpsgeni.us6mmKE.mp4,1neMWwUddsgFUEJSdWkDb4WU8GLx2Z40z,https://geni.us/6mmKE,1QQlGD5a-fly0i4VMw_aUZkt3OZ-6R3h4,SUCCESS
Air Cooker httpsgeni.usBfdm.mp4,1IIR2WHSgPujFh6rxk8ZsJYAL-YhM-E9k,https://geni.us/Bfdm,1gRHSHrQRCXA7ymPAvJaV06WproFG8wP-,SUCCESS
Air Purifier httpsgeni.us7AqfeMI.mp4,1fuCqk2sudoE0zbbhgubZRczXYk1l3e4W,https://geni.us/7AqfeMI,14qHgmc8WNOnAkyatZo7FxY4Y2kUXLggk,SUCCESS
Smart Alarm httpsgeni.usqlbQe2k.mp4,1AjfNRLATC5MZjZfXzDm39QCbv3Jh4jZr,https://geni.us/qlbQe2k,1bBoECTd3xycbh13f3Z9Ckm2VkebwJ_bK,SUCCESS
Produce Cleaner httpsgeni.usI2so2D3.mp4,1yZSnxa7ViDYXbiAwTxhu59cWfYcJen1W,https://geni.us/I2so2D3,1w4vlNOHNgUMLchbuEJYF3qIVy7x0Z15k,SUCCESS
Lint Remover httpsgeni.usAxY1IAf.mp4,1HM_sSaAkcYh_uQYju1k1dhR5mbRNzwwu,https://geni.us/AxY1IAf,17cPnbKBcpbDxKvwDJo5Ey0CQnMrG_cae,SUCCESS
Smart Calendar httpsgeni.uslrFbhf.mp4,15SIVsli6kx-Xpp5IExmFRE01R7-5KtZ2,https://geni.us/lrFbhf,1zhLEqHPg0wfR3UbhD6cg997VAuWviXFS,SUCCESS
Smart Measure httpsgeni.usOAKhwb.mp4,13GDtSKnCe0WtvvgRQL6Qs0aBg1aOCMqg,https://geni.us/OAKhwb,1fb9rdDpMcDMYZEQFgs2UpgOhyyU0RjlG,SUCCESS
Foldable Rack httpsgeni.usBJMmB.mp4,1qqCeCvX8ohFZs2qycPGJjWIsp2-UtvvF,https://geni.us/BJMmB,1OY-qJphd8pu1ru-Ha_ppPptiXZK4v0rW,SUCCESS
Towel Heater httpsgeni.usiTeVn.mp4,1eEkj1X-wLWCSkn2m3VZYBdF89u1GWD8A,https://geni.us/iTeVn,1WRdL-xxd29ZoVEW7jPN4sMeR7VRYwyIY,SUCCESS
Portable Washing Machine httpsgeni.usaFkd1mp.mp4,15QGXGbcf1zkDT1pVIcDYGMCbP_iIhORf,https://geni.us/aFkd1mp,1KsXxWFXBz6KGrW5gnPcDEEeZqoiN57dd,SUCCESS
Ice Maker httpsgeni.us4sd0X.mp4,1y6fnCUb03qBYrqA5oF75HOlr52HehLCh,https://geni.us/4sd0X,1Nr9t5NF03iQO4tQu1wRzRcF5Yvx7RUfu,SUCCESS
Smart Mop httpsgeni.usX8dC3.mp4,1gv1GNSPQD54t1oKTeBfWB50PGvohgg7M,https://geni.us/X8dC3,1niIYcedviPy7X0oM3XetPy-CUI5JBUsz,SUCCESS
Smart Litterbox httpsgeni.usw1vqvC.mp4,1AaaMt20IQxkdkxksPVsgQIyPNjxPtAMB,https://geni.us/w1vqvC,1N1o823WnOpnHzBrOEVLlZt8Epv_E5ANB,SUCCESS
Push Lawn Sweeper httpsgeni.usCCIutx.mp4,1fBN9hcuL04dvmUmWuNL06zG-SlBhDZSS,https://geni.us/CCIutx,12IlXnYuPzDiTee7-ILS0UIWcdJ4DvZju,SUCCESS
Auto Dustpan httpsgeni.usmMxQ0dS.mp4,1Q41btfFxUWS5bNlnPX0GnYEO3skYoNAM,https://geni.us/mMxQ0dS,1HlYVVPkNxj7NrJnMEE4jeGTlJxWLBltk,SUCCESS
Hologram Fan httpsgeni.usphkwED.mp4,1R2fxitePC-FsLSJpoD1f15fN0Y6pvUlb,https://geni.us/phkwED,10paI7SNlPbIQoDZ4Z7yPy77LFbWyz9Fj,SUCCESS
Rowing Machine httpsgeni.uszpZk.mp4,12pnqM30nn-Z0XpbRgSTRnJjitSvpUx0P,https://geni.us/zpZk,19tlR5NdhKJknHoxlBIoS_rt3_MRSEMXi,SUCCESS
Bar Multitool httpsgeni.usu7njC7.mp4,1iGH74VOgLFVc-sobv6HrBeHjWvZvfhFo,https://geni.us/u7njC7,1zZm1zeV1xfvwUfAvdN4eApe3kJNXWiyT,SUCCESS
Motion Nightlights httpsgeni.usK9soe.mp4,1WrdP3-z_2WnLln9LjK0rkx4jsiNJsKGH,https://geni.us/K9soe,1rQtGs4lGQV1aeCSocwx5sYC76vsJ3gOX,SUCCESS
Clip Strainer httpsgeni.usbub4J.mp4,187uLSTA0z5zPc9LYGmlIg4zU31_P2LgX,https://geni.us/bub4J,1Z62lNpI83i01FJjJlKrUxx_Ft7rYJOPA,SUCCESS
Sofa Armrest Organize httpsgeni.usjsdnm.mp4,1g3HAjYPsuBuqIW0Hn0b_38b778TpR8vY,https://geni.us/jsdnm,1GTx_OfpUOEMAE9mpUWuZfAk4Sj9nEs0R,SUCCESS
Sensor Trashcan httpsgeni.usMLw7a.mp4,1uNSwWRQVoRC-t5gKgdtsKuiIDPdM_CrS,https://geni.us/MLw7a,1TkTRXmqtguWWv7s3gzQOZ757MI7td-3C,SUCCESS
Electric Unicycle httpsgeni.usSMsL.mp4,1qxefv9Zp-vdmX7rD6MdoRPtsFuKx3BmS,https://geni.us/SMsL,1eWdCiMXEzK7KvcRo_ymjxYNV-zaD99wa,SUCCESS
Robot Pet httpsgeni.usyNLLP9w.mp4,1wwJH4yQKiMs0-0n9rfHvEciVpHTIqPze,https://geni.us/yNLLP9w,1XViY5gFYbVeJ0SU5ZLkPXAU0Gzr1rcEt,SUCCESS
Grooming Vacuum httpsgeni.usdPeLB.mp4,18L2bAvzLOnSR3RZCSCUhvNJTjk7RYvRo,https://geni.us/dPeLB,1DlJBr5qI5Sq9MEyyK8UMvuxAlGd3K0Ub,SUCCESS
Photo Printer httpsgeni.usZRNy.mp4,1SDlQPeSHhzebfP_7ihX29YE8ZUW_xj3p,https://geni.us/ZRNy,1A10Srr4kcQMG3Cgsp44g3fsUFtlwC34d,SUCCESS
Telescopic Light httpsgeni.usgB7IlL.mp4,1EzK-QD6l4jJCQ4sl9I3clSeCAjMWE4fr,https://geni.us/gB7IlL,1L6mF2fIz4tdzz4fP8ODW748ApBr5Wx87,SUCCESS
Ear Cleaner httpsgeni.uspK8kG.mp4,1quQ9734iVil5jZfX2YlOKJiVfP_ggtOM,https://geni.us/pK8kG,1HQpO-XRK2oKp4VAmwWRdKUUMrXxH_rJF,SUCCESS
Motion Sensor httpsgeni.uszdjA.mp4,1vUSzq0ujjHBZU5mIGDVnWkgHfWWKjHa3,https://geni.us/zdjA,1WJz-xK6kKbsrAnGbZJkFWUnT487mihB7,SUCCESS
Robot Vacuum httpsgeni.usxsnVqN.mp4,1yONbWd0P7fxZJVZJ8Xi9E9s1GaBBjVal,https://geni.us/xsnVqN,19PlBDB-lvBak5yyuAD2boTCBoWDGgSwe,SUCCESS
Jar Spatula httpsgeni.us2pEy7ms.mp4,12ej_p072-5ExkjgrZylC4tTwHTR--1jQ,https://geni.us/2pEy7ms,1DeNiVS2riRawZuwKmhpj4RxstKpGo8q_,SUCCESS
Pickle Fork httpsgeni.usde5S.mp4,1gRwYCGUvXKVgIbnYfFVXUFtS3ZXeggLf,https://geni.us/de5S,1Boa7JuPhZ_4BjycKab9lZoJetmsfIfhN,SUCCESS
Smart Fan httpsgeni.usRxjU.mp4,1iF46JI-8BgN8qssKuvRhYelvRY007uK8,https://geni.us/RxjU,16GVYUGZj2tCRhX0qhsfW84IhO2voqZEo,SUCCESS
Paw Dryer httpsgeni.us4RrSRN.mp4,1ro--9wOa7wgDiRuY-mT9KqU9bAFq5hk2,https://geni.us/4RrSRN,1D0BnwhPyy80dNMkynzTSrzb3lRQJNmTu,SUCCESS
Sleep Headphones httpsgeni.us34Mkd.mp4,14B89RTqDBewBLBHBGXSV6AOG8AoRAKwx,https://geni.us/34Mkd,16TJgAP1G-CjujGPOkB6Ag_koS9jTW_Js,SUCCESS
Table Lamp httpsgeni.usZ0JCn.mp4,1324u0qu_GxKryvU5MdxmvfSGyzcn129w,https://geni.us/Z0JCn,1VspWTiV_H_Fv3RDH2aYxe17bi98jC-7q,SUCCESS
Smart Ring httpsgeni.usrL0OdCo.mp4,1ipEIbsr5KETezSqR5cl2CF7JtMgM72k6,https://geni.us/rL0OdCo,1vNov4Pb_ABRqPxSYgIsEUHo7qDWxcpy3,SUCCESS
Tracking Tripod httpsgeni.usJuYghb.mp4,1gTDpFp558Cu2ED2Qm7XNnaJO1VBOLgtW,https://geni.us/JuYghb,1B_1Om6Su4ekkxYYsfn5gBFTiuFDwhWEo,SUCCESS
LED Shoes httpsgeni.usHW9G8.mp4,1h41Lnw9azPqq7xkLmLBVlkS1JAARalhb,https://geni.us/HW9G8,14xERBE9RkHj1fJkWYu_jKQX9AiQLw58l,SUCCESS
Waist Fan httpsgeni.usO5CC5FX.mp4,1uDiQNj-RLUNLnAQhY81L5WlyCfZpKq_j,https://geni.us/O5CC5FX,1yqDUz29OE6NOgTr_Zk4KLJXak46j_BbP,SUCCESS
Cactus Toilet Brush - httpsgeni.us4KcDU4R.mp4,1waynHNVebeLVqCrouYVZpNUse9GxOCQ9,https://geni.us/4KcDU4R,1DY8HHr9YgB1KJSHlMuRV0jxk1QlvPP7r,SUCCESS
Watermelon slicer httpsgeni.usB8biYL.mp4,1ytIkBhPsBNiscIud95550HLskFqf91yt,https://geni.us/B8biYL,1kzC5Nc4D0r_TEd8a7blkrsKDUSkDWnSf,SUCCESS
Herb Stripper httpsgeni.uszC3OXU.mp4,1jkz_qrwXq4raQHL2ceezz9hWqwKCZg-r,https://geni.us/zC3OXU,1b_rJ_BQXN81HDdB2pnZmylZ9in-kmzp_,SUCCESS
Tea Infuser httpsgeni.usDY0D3.mp4,145lyjTRWjYYKAMpZceIaotImqD0UWwUc,https://geni.us/DY0D3,1vCelXNobYZF1iPACLI0bEFF74oLKeBAp,SUCCESS
Breakfast Maker httpsgeni.us8i2Ol.mp4,1kF3aZo2YNvaKJqivJiCGgZh-nLSNweGt,https://geni.us/8i2Ol,1Gf_2ZAMJEzt47EbaTExGImmPqi3xvvfC,SUCCESS
Butter Spreader httpsgeni.usVzC0.mp4,1-hq8HiEj8gebsdv1HDgeGNRuEWmzQP2q,https://geni.us/VzC0,1E_mnqNEODHModgYEUlGDJwdbMXFv1eMq,SUCCESS
Corn Peeler httpsgeni.usI9xB.mp4,145tVBt5LUZh7TUd_qsdykcx6eu8Lynkm,https://geni.us/I9xB,1s39Z98dsd38KE827SdXQGjdk0vO6iVEF,SUCCESS
Knife Holder httpsgeni.us6kwJhA.mp4,1-clvBNIBzzFTsLq4H8jlcJ5VQwEqG9P-,https://geni.us/6kwJhA,1UOGwtD4-9OtGZsBvlfNWUJiGgSW7PqKh,SUCCESS
Dish Rack httpsgeni.uslpITtnA.mp4,1vCZ838LsuOhcP48sqURI4BWb8W5yadCt,https://geni.us/lpITtnA,1sYW_-bIzUZ1j6S2Vn9aYh_VkXyZbdKjF,SUCCESS
Pan Stirrer httpsgeni.usVCuYi.mp4,1De8I1VSbzoPXRc0l97eBDZsVXvXs7znb,https://geni.us/VCuYi,1tNHEouFzj3Z21Ks4eXzmemLULDzPdXIg,SUCCESS
Sterilizer Box httpsgeni.usqCbtPe.mp4,1NQioMWH-f2LpbloF2H1zJ70m44J3rFsq,https://geni.us/qCbtPe,1Axo88gO-aPsLBOnuWXcZJkA8gPLqEP1p,SUCCESS
Jar Organizer httpsgeni.usvzIR.mp4,14ov7i2hApOcqr--DVu1PeaBLNkSdILqv,https://geni.us/vzIR,1qSTn8R9deQmBV4rTWAl_aNo2cdqqZCy6,SUCCESS
Fish cleaner httpsgeni.usrwf24.mp4,1nq1Oc6ARGbe2MbIF793Y1oCC6t1ywrHT,https://geni.us/rwf24,1sIuATqi5Ox5m1sINyFCBiwwUjx33K365,SUCCESS
Measuring Spoon httpsgeni.uswcMw.mp4,18G0LlSJuy17Baj-37dYPq03TS_c1xE32,https://geni.us/wcMw,1hp0aXcqRclyfK9F9g7gFk9VdbqOYv6FT,SUCCESS
Jar Opener httpsgeni.usXNy413t.mp4,1WAdeCgDI10m-WUQ-n5kK07iuBkWOQTr_,https://geni.us/XNy413t,1iWH4UuS1Lv6E0zGxdXJRJYiAbvSukuVu,SUCCESS
Salad chopper  httpsgeni.usDXlr3.mp4,1kGuQuapFaOZWtejZMIKKcvRRTJnUqtt0,https://geni.us/DXlr3,1hmVPHfXZUPDJphUTl_8XNBGY_5Yuj0tF,SUCCESS
Grain Dispenser httpsgeni.usYJUSj.mp4,1OjFeyHCztrYXU3w-I-9rDFXdozNFnK-s,https://geni.us/YJUSj,1cP2yJZbnDdkBUqMUkHTzc6ZswR7R2coh,SUCCESS
Pinepple coretool httpsgeni.usucL2zB.mp4,1wE_0HvkBYuNsB4aU5CAqVrMlByvYdexu,https://geni.us/ucL2zB,1Au0gf45x4rJH9tVNwXnqohxMDoVnc1hQ,SUCCESS
Skewer Maker httpsgeni.usaJkR.mp4,17f4jcShyrUdLEoQho5RJe3ZYJVzkKsB3,https://geni.us/aJkR,1fvkY0LLS0yELT9vkO0AxPsAXUvBjFTK8,SUCCESS
Sink Guard httpsgeni.usY0zqge.mp4,1AGvXBg0jiUiQqeCPxJo3gZgOD8JTbepB,https://geni.us/Y0zqge,1VSXwGCCnG9_YROXDddv1R2dc-Lxudc7G,SUCCESS
Electric Peeler httpsgeni.us4Phrk.mp4,1aL_2NnCmKRIOxRt8UuXP_5uXmdmUN9pP,https://geni.us/4Phrk,123TJ28eCwQhLkrzhC2dbYbPr16ewXbs1,SUCCESS
Vegetable Chopper httpsgeni.usDnAAW3.mp4,1DAE9JR_MR6UyndcQZI8_-lU9WKPVOzFA,https://geni.us/DnAAW3,1xLKn-hz0jwW0Zig13rCMWZgRTuUVkFNV,SUCCESS
Meat Slicer httpsgeni.usJHREM.mp4,1hHS_XQH4e691QM6DkVcmpCQJqO13P3Fp,https://geni.us/JHREM,1VnCtk6TeQtHSQvzFzekWwuyeHEFrEpT1,SUCCESS
Bottle cleaning brush httpsgeni.usr09YAGM.mp4,1a-2Bx-ZtjWNWTA64d1XG0s_OAl_uXGA1,https://geni.us/r09YAGM,1BBFaV6jA6jf37C6octZjWCKzVUYb1ttY,SUCCESS
Thumb Knife httpsgeni.usL3khs.mp4,1dBa9ilFWcCM_2ZNO2spjE6AkYEtJpbKu,https://geni.us/L3khs,10aMn8iN-jJfrcYkdtvKvFBTCT_XWobrp,SUCCESS
Omelet Maker httpsgeni.ustAeXkF.mp4,1dYEcG0oiE8IylBGFytPxZlM5E1fZJVIG,https://geni.us/tAeXkF,19bU9ETgQg3zGEQximWIWU1MZhiDLnU2H,SUCCESS
Egg Rack httpsgeni.usRDUjt0.mp4,1G3tZgoYsodCi0BzSmePWWO3M-DNkttyM,https://geni.us/RDUjt0,1BGMfYZ9J3XI-Rz0VMa052Gf9fircDhI_,SUCCESS
Leaf Mulcher httpsgeni.usVS2nA8.mp4,108AS3aAcBGt6Dx3aU_wz4oTElVGQwvOv,https://geni.us/VS2nA8,1oVYG8_p9sQXeskroEYg88Pt7UwLGkP4g,SUCCESS
Pressure Washer httpsgeni.usD6efWL4.mp4,17EaVsCEvCoODGbJA3YXykbEveVOdBWqk,https://geni.us/D6efWL4,1i9vYbPLi0TwVTgAgJPTVKCT_5K0pP0H4,SUCCESS
Pellet Grill httpsgeni.usH2OxPBo.mp4,172yw9T0UnWIm8BKjKVTsZNK4wfAtYXaW,https://geni.us/H2OxPBo,1s4JZqTySJ6qLvEL0YCSk7Orpk33NvbRf,SUCCESS
Karaoke Speaker httpsgeni.uslt1wJ7J.mp4,1aXwCbNs-WVQ7IFZNqYIwMFbrn1OJ8wDb,https://geni.us/lt1wJ7J,10K2BzqnezYOZMSrxwVhqHJw0j_BP7Nme,SUCCESS
Grill Cleaner httpsgeni.usYB5R.mp4,1jcjt4mJlvEnysYTZf_ZXcEngv23W_Wq5,https://geni.us/YB5R,1H0uVc-YCRuNnBesm2umXe9ZIsjpUkr5P,SUCCESS
Deck Lights httpsgeni.usdEm6WEE.mp4,1Zq43aielm3PSiPupwFQiJ2LpM4Weu55B,https://geni.us/dEm6WEE,1Dh8-pNX0y60Yx9fwzU9GG3vLCIvoa-2E,SUCCESS
Weather Station httpsgeni.uswodejD.mp4,1Bsv5IzHWyiO88DcB6rHQXf3C7qipojyE,https://geni.us/wodejD,1zt7O7eYVPVUez1e_K2lORcEniX3jG3bW,SUCCESS
smart sprinkler httpsgeni.uscMn9q.mp4,1HcDbU-283HydRD6L6aUxZcSUm71xUM2S,https://geni.us/cMn9q,1ZjRAMm0chSRn3hdUBaly-MkH92Ye_N41,SUCCESS
Grill Robot httpsgeni.us9WqYUJ9.mp4,1kCPUrlK_OjcXYI0K9sPcewv6Jw4NlBKV,https://geni.us/9WqYUJ9,1gyFZgmfy7AjkCEsuwA4c_PYo0ThCGku2,SUCCESS
Driveway Sensor httpsgeni.usmJqtyWL.mp4,1ebI7AAD3UBVDg-DQxoE53K9twP-B5lps,https://geni.us/mJqtyWL,12ioiDkJv7GARdJu_h0ryfvX4Hk48f6FQ,SUCCESS
Outdoor Spa httpsgeni.usLRa0D9.mp4,1fG0KBZ5cMluSv1iE2CrZUZTwZRVmi9yw,https://geni.us/LRa0D9,1SfdrDmtICLndxRqHAKFhnJiUAEUgavaz,SUCCESS
Canopy Tent httpsgeni.usy5ddC.mp4,1ha7-9WhXa-Pibq-20MhLnDNTm3hUa2hs,https://geni.us/y5ddC,1RO-fIgf3KXClzWJb5JIT4f6L7qtNm6bj,SUCCESS
Pool Vacuum httpsgeni.usyEZC7.mp4,1epG_VwsFEbowKHCHoDElKffdZ3KyM8PN,https://geni.us/yEZC7,1rjGk2CPhPvW-MuwLNnau-dskayYTbwNi,SUCCESS
Weed Puller httpsgeni.usSCmJ.mp4,1F8RzSAnLCrQYB3uiBXlZly8ytCazW4H3,https://geni.us/SCmJ,1fgckgb7U_IhpM6MV-bO0UTSJM0LsOHho,SUCCESS
Flying Disc httpsgeni.usCMOtil.mp4,15BzzBhy3DFyDAwAke6rElb3jYE4sxdPP,https://geni.us/CMOtil,1WnbzZRMSdhEiYH_rEYiWNZ7jqZL9DzJS,SUCCESS
Fly Deterrent httpsgeni.usZOIf7e.mp4,12WCVliQpwGKnQAp1yJmd_3C39vnCc6e0,https://geni.us/ZOIf7e,10vGYLMr3ZthR0z0rJHlGBPDvDKV69VVJ,SUCCESS
Floating Speaker httpsgeni.usHR8LB.mp4,18dk0raRidg9UHcRTIbt0NMvDj4fcpDfa,https://geni.us/HR8LB,1LA0dXRZWjWmZS3RfTuIMRhqsSOU8oQKl,SUCCESS
Garage Heater httpsgeni.uslQKY6jZ.mp4,1s-riTDuPRA72ptAN4yMBZHlxqJ8g8FKH,https://geni.us/lQKY6jZ,1S9kF0Pf4shdxucu92ybM2-9Rs2dXCRJV,SUCCESS
Bubble Tent httpsgeni.usyvCp.mp4,159g9mdyljC9SjcUDVJ1ZbXd1WqJqEg9R,https://geni.us/yvCp,1ZmPVNnlKYywgFefgRh_bzZeCtZqXjoOX,SUCCESS
Yard Lights httpsgeni.usiJtoOw.mp4,1quoHH-0gFwLuTfKhV9ijaSBgpDoGt2QB,https://geni.us/iJtoOw,1XIbdW4xYT6cPuYkPYtQ5RSDIZvUyDv6J,SUCCESS
Lantern Tripod httpsgeni.usVGJr.mp4,1ire4DFcDAZgCRj0KEy7F_lgeKPWBtxP6,https://geni.us/VGJr,1FrUQPAZUpGaRqfs6DBFXSLaYRJ6Eezak,SUCCESS
Outdoor Faucet httpsgeni.uswodejD.mp4,1yUWc3Hty0FTbnlqCZC13JP1FhQiik7wA,https://geni.us/wodejD,16OYVTjAL4BCWB5ee_dIRvPtO1oHOQL08,SUCCESS
Inflatable Nightclub httpsgeni.usP0dBfO.mp4,1JlJSsBMGolyo8it_yYgNo7dYAhQk7f9k,https://geni.us/P0dBfO,1gudsowlmPuPgFiC2P6UtYaSf-LZK3Dnc,SUCCESS
Bug Zapper httpsgeni.usNBjYTcp.mp4,1mXBnTZrJwkc6ERJf6kNpTadBD_yFqO-9,https://geni.us/NBjYTcp,1OyAPisR1QbfS5F-SdPaGLrAPRU3fQDYW,SUCCESS
Solar Light httpsgeni.us5r2h81.mp4,1Gc11BRJPPsjCcn4Ijc88s8vC-Dj0Jjrm,https://geni.us/5r2h81,1dw3Kx7iW-3mbm3lZ0WmNKOUiRjjKCbKq,SUCCESS
Smart Speaker httpsgeni.us6EX8R.mp4,1fVS6XthHPcuixOpjvK5BOT3_pDmcCcce,https://geni.us/6EX8R,1ekm-NEHLiGXPO4eAxn1gbsNNb8wUrcEb,SUCCESS
Air Mattress httpsgeni.usDJ6L9o.mp4,17Mh4SJRDxsoDmKf3GFp7eAs8kX1XXAAy,https://geni.us/DJ6L9o,1WDefy3QKhjXQpYypc69O2Z5A6yS0oP7b,SUCCESS
Massage Gun httpsgeni.usTHw7kM.mp4,1SS2RrmVzvO-tpxybRPuCAvvhonUDZ87J,https://geni.us/THw7kM,1fasbxBEg5lcceLYYksUHqI4CvbIAGW5r,SUCCESS
Soap Dispenser httpsgeni.usCAZcd.mp4,1YoTknC5jDO9boHotmjJROA-yn9gmaQNO,https://geni.us/CAZcd,1KiPJCv-LLh4udn2HJmZsgnYQb68QE4Di,SUCCESS
Cat Lounger httpsgeni.usDyVlhgX.mp4,1n7gnPHM3nKkmRZ3KPMLOAajrB9cqwA-M,https://geni.us/DyVlhgX,12b2tfSKKq135u0_FH2oHfKbylCt8YR14,SUCCESS
Projector Screen httpsgeni.us9Jhp.mp4,1l1CEz7yT-mDHRy6V4YEfOm3n9I9D5e9j,https://geni.us/9Jhp,1X6GG6GXySMxMPr_-mh8ZFklpamrsWTQy,SUCCESS
Cup Warmer httpsgeni.usblamF.mp4,19ZPPzUom1_4ixqADCOUFKaoVGdaA8lqh,https://geni.us/blamF,1g8B5YmPkLfkM9coYKUJZgpVARp-3agzb,SUCCESS
Inflatable bar httpsgeni.usUHFPm5.mp4,1eXrEAnN6vE5ln47Fh3eDbGvBlFL01h53,https://geni.us/UHFPm5,1JDo-MxEIO9vtgS6IYEdXEpIkPxVB0CLY,SUCCESS
Swing Hammock httpsgeni.uspcPuC.mp4,1sCSKDLYcj26TkjZHw-Casb_dim_r0rk5,https://geni.us/pcPuC,1qF2u-PC3WippoGnmQHlJ8YhQgDp6I1FA,SUCCESS
Foot Warmer httpsgeni.usLE1AB.mp4,1VLxbED2Q8namE-Rp834H93AFJbuWl1D_,https://geni.us/LE1AB,1NKldFpR5YyvQUn3vf8yyX3fiQvd8YjTq,SUCCESS
Fondue Set httpsgeni.usBF0lWo.mp4,1FCNJ0ASK4wG4FXBnsYFhC-zIC7AsM18C,https://geni.us/BF0lWo,14ZK1jzQ8Cudqr44sSKwZZO3XahTuAu2c,SUCCESS
Deck Lights httpsgeni.us4aoFqj.mp4,1uqayQyFbN3rKvtflTntOtsKmiJ5ZKc8q,https://geni.us/4aoFqj,1mgCoa63N-U60UUE7-FXaZHbvTzYgQMRF,SUCCESS
Fire Surround httpsgeni.usqdxN9j.mp4,1bh1U-uLOsdx1Be5AAWNpM_ZH1wjf6mxc,https://geni.us/qdxN9j,11DZl1sBGGra1u87ToQap5NT9Np3M9KPn,SUCCESS
Lounge Chair httpsgeni.usxzhbnp.mp4,1gETEF9TitD1qF1ew49ccJ4Dsqv13GkQ6,https://geni.us/xzhbnp,1gQ4YqfkNtk51aSf_u5Y9g9BxlCBxGAss,SUCCESS
Heated Blanket httpsgeni.usgHjS.mp4,1-xrSuk2AZ48DsJd4aipXUy084IsDA_VL,https://geni.us/gHjS,1w-SEbssgm5nFdA73JReNN6IO7_UDdjh5,SUCCESS
Leaf Blower httpsgeni.usjXy7.mp4,1Erz9JIFZ22GEcDRUuw0ukwBZ_RgsJO1B,https://geni.us/jXy7,1ZY4OARocIAYy0XPOXwFpU6VvV8Pslp9f,SUCCESS
Hand Warmer httpsgeni.us9ACqlV.mp4,1tfJlRZOqxf-HyIju94oEp6IMp7CqwRVR,https://geni.us/9ACqlV,19nyySIbr-cXMjMVFDJCQ9rlyBS1ENkuo,SUCCESS
Star Light httpsgeni.uspzD2.mp4,1rUz6Z1QNnjYz1xnUHwZT1OJiA_Lh7Bwp,https://geni.us/pzD2,14xqo1NDeWXI9MGz4htB2etVHnWbEj4wC,SUCCESS
Pop-up Canopy httpsgeni.usIOX3b.mp4,16aZ32wKxFojy5SwhHOW6ew2eomHg7592,https://geni.us/IOX3b,1fgF0Tp5X51VPREago8DoyTrMtqGUGsJ9,SUCCESS
Tea Maker httpsgeni.usuZGp.mp4,1Gb3Yfp8_ujR_ttPG203QWeSyHRT7LDE5,https://geni.us/uZGp,1Dap-YtO9JvrL1l8kSudzJQFfqgbDnyGJ,SUCCESS
Fire Pit httpsgeni.usdHQBEh.mp4,14-n3jfF7EWDkcoNjWncXtTk21c4Au46V,https://geni.us/dHQBEh,1nzm22oGIxXbVc6A26VR6PwJye-FObCu0,SUCCESS
Sofa Set httpsgeni.usiv0lDM0.mp4,1QIpqjjkCC9PDo5h2Tk3MiBPJAjI0sFvC,https://geni.us/iv0lDM0,13fRfORB60nGL2wKBRpm-y109rnP4GKGC,SUCCESS
Silicone Griddle httpsgeni.usA5yptq.mp4,1OXBWwbGdEc2CV3yt8cueEVDRZ6vVe0GM,https://geni.us/A5yptq,1QaayeLH2xcnBR7P7bLeIxY9eXYhhdqe0,SUCCESS
Patio Heater httpsgeni.usEFAV7.mp4,15TV3CpRhDc0rRWc-Ck3_wPPd2DsNubpG,https://geni.us/EFAV7,1p8Zo0-UOn2dhcWrcVa-S1rMKVxgLT28n,SUCCESS
Boot Dryer httpsgeni.usPBuks.mp4,1I7uQGypuFnpkriewoS-1uHiZQuJxOBIg,https://geni.us/PBuks,1pB0AbWr_0WUGpnDfl4CV1udDu9qDbTiy,SUCCESS
Heated Gloves httpsgeni.usytu3A.mp4,1ZhzVcfyxIysudDEqw2a1xo4C4gqvG8Q-,https://geni.us/ytu3A,1wurCoSLmP9FrDodlI_HBY14aXUyVhXjv,SUCCESS
Roasting Sticks httpsgeni.uskOerWf.mp4,1ApLXAaU958dUKpUhtFJpM_ZeVGOrMCSu,https://geni.us/kOerWf,1EC2pG28-a6YUr6gffYw1OAwPJ3wlnLDg,SUCCESS
Garden Dome httpsgeni.ussd5R.mp4,1ymuyMqfRnXl1_7dV9389MrOTxhk7Orbc,https://geni.us/sd5R,1zQEHXFx9jx6_ZIKhZuwgLRzHZMP4HpjB,SUCCESS
Snow Shovel httpsgeni.us8yUyw.mp4,1GM1Z4W2byMftnM4PUyV9rvoqrgTpctYw,https://geni.us/8yUyw,18sd34CWFd5VrR9Uh-NlZYWtIdmzPCXOE,SUCCESS
Snow Mats httpsgeni.us5qcfmf.mp4,1FZu5EKo6U5q5cm_NBT_6urqu608nHW_v,https://geni.us/5qcfmf,1T5WHGh6QrM-C4pX25pkgAu4H58dVH5eN,SUCCESS
Mini Hotpot httpsgeni.usIyHeIJ.mp4,1NlwgkMfJYG6RlBIRDJNWIYR_lbhcIqZ3,https://geni.us/IyHeIJ,1teSxUMUtr11UHafr694OhCba9deOnlXw,SUCCESS
Meditation Pod httpsgeni.usaxZmMbA.mp4,1ss2WLpsAtd5cVOHHs9_kT-YSh3wz_Xqt,https://geni.us/axZmMbA,17n-zt5sTR68pF4AK0zvFl1KZ4aiXpsqI,SUCCESS
Video Doorbell httpsgeni.usbcVILl.mp4,1uMJEqnCMVopk-x0pU2tzl_vRCKX_GaQ2,https://geni.us/bcVILl,1T9eja6wI2TpksgUDR-0br1yJSMHWrqB4,SUCCESS
Mini Washer httpsgeni.usCNc6tCO.mp4,1rmhphCXgc27wMBW4sm5i4CV-7KguYcS_,https://geni.us/CNc6tCO,1ZAcur0tj4Fpq3vp1a0ICJ7sS3e_ScvS4,SUCCESS
Star Projector httpsgeni.usiNtwP.mp4,1E0SJI_502hndOsPCD1wYrrA196BtX2Os,https://geni.us/iNtwP,1zSJziRdgG8MsIeAnFdl_yD--YgCniW4E,SUCCESS
Window Robot httpsgeni.usD1myiMR.mp4,1oD4xiS3YXeo1PNFEqpYYjo2iyQe61AFZ,https://geni.us/D1myiMR,1L8hYVo-cHdHSG998Rm8Js8VeX3J8Pmdd,SUCCESS
Candle Warmer httpsgeni.usTbBqK2l.mp4,1eT0XmMqwZk3mJNiTUKkQfpnZpEln2dmN,https://geni.us/TbBqK2l,1hjLey3TZdi39ZCcc2j5MYujZc7wrTtec,SUCCESS
Vacuum Sealer httpsgeni.usr4nn64E.mp4,1JDOO-Crx99g3AKZc8i7jUNQd4RNg7J_1,https://geni.us/r4nn64E,1_bDy2aOdpBVYyFHa5j_brOC_xMkP3-dk,SUCCESS
Mini Dishwasher httpsgeni.usIKyAHn.mp4,1R0Y2MUEB9g0rNNBs05YT95m37epu7ZkA,https://geni.us/IKyAHn,13vwkmKd8NJI8u6B4pLBzU667zJ1s_ZoC,SUCCESS
Illusion Lamp httpsgeni.us32mxa.mp4,1ScU0PMByLiA5uyqHOa8moCtyF02uAWnb,https://geni.us/32mxa,1XhAZ8-OQv8H6ruorGOUj3fG7wVEVFBYa,SUCCESS
Shoe Cabinet httpsgeni.usJrq535I.mp4,1hJjn7Z9IiaMm59Cv1scg8vQ6wYGrCV9I,https://geni.us/Jrq535I,1njMDnZqnSAbQFlTKW4U7lZVSBszRrZhS,SUCCESS
Hand Mixer httpsgeni.usVHwYib.mp4,17VRfSk_Dz1LsuC6Qx8mVlh4L1_JgW3YX,https://geni.us/VHwYib,1YKQrWhGhsZa5yyOEqNMDwBBoKQ_n8GAr,SUCCESS
Air Purifier httpsgeni.usfees9.mp4,1CSm7j4HPGueocHbnIr3lDNyEeBdbLwG4,https://geni.us/fees9,1qLn_iGpYftZZHtOk0w2JxCWNKqe9C21m,SUCCESS
Sensor Trashcan httpsgeni.usLIv2Y.mp4,1nJhlmnBAOan7XIyn8du9LWBE20tBpO7R,https://geni.us/LIv2Y,1uDLHPZ02u4TRrzKi0454VnGnzzhnf9eY,SUCCESS
Ceiling Fan httpsgeni.usPUrpoc.mp4,1QOb9cFGgGgoz9UWzum2GXxp3DamkZYSk,https://geni.us/PUrpoc,162e8yTJo83CW7Sosn7Vf_8jPpZqGrvPO,SUCCESS
LED Table httpsgeni.usIXsB.mp4,1K1PAy-mtL1jr1g8HzgaehzarXWYwohmq,https://geni.us/IXsB,1OvNO2CqoQNI6S_aXSUUf4nNOdwx68lih,SUCCESS
Rotating Bookshelf httpsgeni.usnVYihz.mp4,1gJ_7uyJ5yccSgbODzLZ6mGiXAOwK81U9,https://geni.us/nVYihz,17NqnbrNAdOKKxoRo2rYn67PEWgz0E-lT,SUCCESS
Charging Station httpsgeni.usdIN98v3.mp4,10RHqiTsSVe9gFhUnX5dyTldatAx2rKPW,https://geni.us/dIN98v3,1GQ99NHVcW6rQPbZIE6jj4nc4NVpBS4Je,SUCCESS
Footrest Stool httpsgeni.us7iSxa.mp4,1glrlZF3D4ULXpZDw56aVrxX8L-pt2EJL,https://geni.us/7iSxa,1Z3yX2Cl-Havwr4wvyZUj9b7iZOJw8rsa,SUCCESS
Faucet Extender httpsgeni.usjR3Z8.mp4,1LP23U95ex4lzQAoyLkA9gErQjlZJnVfj,https://geni.us/jR3Z8,1lxrbKHaRlz2FiVM10L1QrAONQZaEF1NS,SUCCESS
Foot Spa httpsgeni.usJSs9A.mp4,1ZolBkaekag4oDLMuFCW4hbM8Sl92hlNl,https://geni.us/JSs9A,1j1-KGFOwoj_tLMR4ttZbulvBjpXZxMV5,SUCCESS
Night Light httpsgeni.usa2Vo.mp4,1sYQ2tRGmTfTfi1Wr_lBnDVvdJ8kqrvDd,https://geni.us/a2Vo,1jJjFACF8VgW-N4I4o-bjucAwoVxHhiZT,SUCCESS
Medicine Pill Organizer httpsgeni.uswYvAm.mp4,17Igo2UnWnruUfPmqF85giV6EGVfwhYKP,https://geni.us/wYvAm,1v6uiYXpCHnL7nRJe8L9N4hXcGZ8LVcl7,SUCCESS
Tower Charger https://geni.us/PLuXAm.mp4,1D_5NTQhA6wxd1l3NSvDF8acza9cFpEer,NOT_FOUND,,SKIPPED
Coffee Table httpsgeni.usuJSO.mp4,1n7vQ8LcnYfVghd5W_Otsn81GDhlNoduA,https://geni.us/uJSO,1l48mCwBegoSmb_46C1obBGDdCUfBFQxe,SUCCESS
Alarm Clock httpsgeni.usQLyaO.mp4,1n1Ig627Qa-OGfUVBr1BVNAfFhoxrXHUw,https://geni.us/QLyaO,1W48A6bu_0nvRHqq5h25_YTiHd91elQJG,SUCCESS
Whirlpool Tub httpsgeni.usITNrmK.mp4,19ZPAkMJw_GlkyG7hpUYk7LhKvm8r3wwg,https://geni.us/ITNrmK,1hPKQQ_CQJtOEywgzVF_N5yCMuWIrtqW1,SUCCESS
Table Fountain httpsgeni.usTG55zyh.mp4,1AedLHohazvYWVvWrsqGjsceQ7Ca6yc_R,https://geni.us/TG55zyh,1Io2B7kcd8qDb9YB0VlbKhM6RuyHvwF49,SUCCESS
Fabric Sofa httpsgeni.usUtvCqjt.mp4,14ZzOAIaStBLUctj5XCzcUPsqzEt3EOYV,https://geni.us/UtvCqjt,1R9gd0SkZ_B58YK2WkwtvFWQebSSFQOAn,SUCCESS
Electric Fireplace httpsgeni.usNgn9x.mp4,1IvyIsYm3xuk_UjUgiaGDNRRVmiYQiyxY,https://geni.us/Ngn9x,1ZdGAGsbLYcLlh9oGuMcY9aIQkmJwT1wP,SUCCESS
Floor Lamp httpsgeni.usdT21y.mp4,1UJkZQ_xuSJou2N27pa6P9ux0nlCdVCS4,https://geni.us/dT21y,1uO9E7oyiMamkfOgprHpjpOiNt-Pk9pbB,SUCCESS
Shower Head httpsgeni.us6bMGul.mp4,16124wMQ5SYkkMAmZl5KGUrGVqgTZqbtS,https://geni.us/6bMGul,159t_kb3q_Zhh7_2IaD4anZCUl3NoJVoK,SUCCESS
UV Device httpsgeni.usBAipU.mp4,1XEhkRDmmO02YStWF9ZExf2Xl566udzh3,https://geni.us/BAipU,1bWk5Mp-H6g9xurd8MOMYL8_2mYSAMPOb,SUCCESS
Portable Projector httpsgeni.usw7TvETp.mp4,1kxGvJQH4PYMEdk2WZDYWsG115nWPvQrB,https://geni.us/w7TvETp,1WueFmhEMLBSd7JVyITVZ7TXf5m1hU0iN,SUCCESS
Coffee Machine httpsgeni.usaFf7r.mp4,1zcZkjjrtRxx8BrhnNiAA8AmJOwgu5lfF,https://geni.us/aFf7r,18gIOmevRcFHrkygnVEyZ_OCUK4I0DWi9,SUCCESS
Strip Light httpsgeni.usZIoGB6.mp4,1eyI5-hwofZQ1sr7XUj1YMhiQLqQte4p6,https://geni.us/ZIoGB6,1YrMFPQ19BnD7OCHhWxY5CTO0jx-BXuee,SUCCESS
Smart Toilet httpsgeni.usFJRUnk.mp4,1vRmv26P8ov1jWkBrCYqm0g8cOf0DJiIY,https://geni.us/FJRUnk,1I0c7zd_5RWovmA7kC1uvC3WBelGKzrzg,SUCCESS
Smart Bottle httpsgeni.us7RFdj7.mp4,1PR9ZR7MvldwJhVHSEWPF2n0qqstivj5_,https://geni.us/7RFdj7,1be_u0WSS1K0S_EcXMTwYD-WTEdukuKqb,SUCCESS
LED Lantern httpsgeni.us5avwA0.mp4,1EWL-kUZyhil0EQNeyIxYVwN43cFkj7dX,https://geni.us/5avwA0,1LW3dMWKj3YF2KnPvixYiVhzx3_BHpf7r,SUCCESS
Wireless Speaker httpsgeni.usVjIfA3.mp4,1SmGaU3djOwdkqUByvlGVL0oGTYe6o_d2,https://geni.us/VjIfA3,1c1qso-xWfMX9yCYcm2QGXZtCN6zDb8AK,SUCCESS
Water Carbonator httpsgeni.usL9hQwjN.mp4,1WxM2hSCEFEg9XMrGEjDkfsIxGTDKslrG,https://geni.us/L9hQwjN,1xOOomBYMC5cmNBDnDOQmu7UgyipLWrMk,SUCCESS
Hot Tub httpsgeni.usPjq3gz.mp4,1uewPgfJ78VI1S4i_TBChyVwswJS9KPz7,https://geni.us/Pjq3gz,1-eBMsIY55ddgweussWhf8EJfJ52iFANA,SUCCESS
Cordless Vacuum httpsgeni.usvjAhUNZ.mp4,146nVdX01kueHWXw35YMhotVcU5hEy_ra,https://geni.us/vjAhUNZ,1T5GBi8T9KiL0EwJG604Pfp9VwauICykK,SUCCESS
Storage Cabinet httpsgeni.usJjBhWs.mp4,1Bpq-skiWh18fH6Ih5hVeo8U_u4BNpRHN,https://geni.us/JjBhWs,1SzLmPWp63cA2ynL4HZ9-GKXKNTE37fDY,SUCCESS
Star Light httpsgeni.us9GnW.mp4,1woFcrvB93IFuFxLqIsWf6cqWeJJyDteZ,https://geni.us/9GnW,1BVfKVoqrQIvqohu0YU5lQ7nB0DpOhg97,SUCCESS
Touchscreen Faucet httpsgeni.usHptH.mp4,1L_YZC1hiWOV-T1ER7sgSEJ_M8LyxFIda,https://geni.us/HptH,1fz-6BoLAKvmJZKQU1PL4IRys_XfyzVA_,SUCCESS
Air Purifier httpsgeni.ushSQw.mp4,13FoH6zM43cuwgo2WMw-n_wZgFNyECJsW,https://geni.us/hSQw,165udiPDfyqvy52EWcEFxWIqX1p4pILuF,SUCCESS
Car Chair httpsgeni.usWTzbx.mp4,19poRE6WdXIoTzKCsGifdVyB1jIhC3imC,https://geni.us/WTzbx,1xv23EJYPvpQsstAYbBo_UIvqezyrJC5u,SUCCESS
Stair Cane httpsgeni.usAq9KV.mp4,1_bXWUS_kTbtP3xqwxGFLHOWlKEtxINpp,https://geni.us/Aq9KV,13WGQpYPEA8mB-C8eUbpDdutxPvBqltFv,SUCCESS
Sliding Shower Chair httpsgeni.usPRY9ZB.mp4,1b2f6owWLJ6k4aSf0alNqi3qdaFo4ZF34,https://geni.us/PRY9ZB,1OC4EhjbQvNlEjor3aOXscfxMFYnO_Tpk,SUCCESS
Chef_n FridgeFork httpsgeni.usuIU6dA4.mp4,1vrkRdmkuZL6Wf2_I-_T-XZAJeCiIo-fK,https://geni.us/uIU6dA4,1s67CswdRIlvDDAGLOs-LaQcp8X28ahzg,SUCCESS
ChomChom Roller httpsgeni.us5Le7q.mp4,1ZoC-kWhKpilaS_3KKAVb3ACR85XH3pH0,https://geni.us/5Le7q,12uws17DYBwLQQf6ElX0ljasSaC8S5Ug-,SUCCESS
Digital Measuring Spoon httpsgeni.usuIU6dA4.mp4,1JHe3T6yBrMcyJa02Bxl_jF0rShGFFfqq,https://geni.us/uIU6dA4,1QrzvFbwdUCB3IJEg10EMrgjVKNEvxMmB,SUCCESS
Euroflex Vapour Pro httpsgeni.usII8Tes5.mp4,1c5C7s1wHCjMsxP3PaOl2ZkNVr_ahWqEQ,https://geni.us/II8Tes5,1aXCah5SFUHmFS0WhJ14Dr-EEZVxrckR2,SUCCESS
Extended Bed Assist Rail httpsgeni.usW8tADU.mp4,1fNO-hOxR2GU-9RFzCOdLPjW2IOEwl_No,https://geni.us/W8tADU,1axpcGc705KYqD-T_yOG3HITFkWZWTOui,SUCCESS
EZPIK Pro httpsgeni.usRLZt.mp4,1W5uUhkzZcPYy5pI6JHDOSxOzPprX2nuj,https://geni.us/RLZt,1OHpiT_1M-8olI1y3jjYRvoZD2NmNcP6T,SUCCESS
Fanttik Slim V10 httpsgeni.uso8X99.mp4,1AimBYOY7esOk1ojPfGCqj1fLKFTBVejQ,https://geni.us/o8X99,10aarn3K7IKrgvelZCpiB_BOwq6p1IdFx,SUCCESS
Folding Canes with Seat httpsgeni.uss9HkvGT.mp4,1_vGIt288eJwDGT2cxD63iFZeB-vnl9n-,https://geni.us/s9HkvGT,1HWp-T4QqTs0m1HoD9AxnJfGNzA5cjnto,SUCCESS
Glocusent Book Light httpsgeni.us0NR5mM.mp4,1XnK8hNacxyw4jCVQ2-kT1-urLFZfxlDQ,https://geni.us/0NR5mM,1CgqLHR1xLDSZxsb90f2jdBLQOWmo4Bnh,SUCCESS
Hand Truck for Stairs httpsgeni.usxGBD3.mp4,1ByEiDnY2uDYw5sbUuy-Ul8h7Gus1BTdg,https://geni.us/xGBD3,1YxnD9FkaDs80gH9_HKI41uA25yHczAep,SUCCESS
Jar Opener httpsgeni.us3MlaX.mp4,1l2-V4zqMLo3-AQ5EVK8GZICQDHRAu8EX,https://geni.us/3MlaX,1-Z_qoHtaNr3EMXQOxenGwZDgvJvscvTT,SUCCESS
Level Lock httpsgeni.usNjmY7C.mp4,1hi8wkIZKEDl0BbTDRHUJYyB1PrvtZ4Dt,https://geni.us/NjmY7C,1UI50Y7xotDh21VxkPmYH4WZse58bvCZQ,SUCCESS
Multifunction Leveler httpsgeni.usK93TY.mp4,1MTABSNCX7WNeWomm2A3IL-Lm5Ldh7JjP,https://geni.us/K93TY,18rmtua4YfetMt4SdAQCW5Lhe6tR5O3vB,SUCCESS
NeoRulerGO httpsgeni.usvpTU83N.mp4,1wTs7tHisavtRp4jMrUKFaayXidypjXlF,https://geni.us/vpTU83N,1b0RylioYE1G-Liu1LSIYVyRP8pQmxnX0,SUCCESS
Onion Holder for Slicing httpsgeni.usk4lXnJw.mp4,1g0I7l47IjPYS5Z8O3qTi3DDNUQxEaI0S,https://geni.us/k4lXnJw,12W3zEm-mA30Am3PPrkGCPjRJx4H1ViDm,SUCCESS
Portable LED Motion Sensor  httpsgeni.uscXLJSK9.mp4,16QFKrvDVaG_lFdu9lr24oChk3swHrutM,https://geni.us/cXLJSK9,1_Ye3kR6YxrShT_6sOB9_tJdNyHZyhV7t,SUCCESS
Rave 2 Stair Lift httpsgeni.usO6vi.mp4,1ptlzNhZADisv_gf0l66esaiE1degIcEs,https://geni.us/O6vi,1Btk6crxahI2wG9ojnakYTVRKMJRk0YKs,SUCCESS
REEKON T1 httpsgeni.usvADXwq.mp4,1O29DWqceowNt_7qDDYq-fmNBRbZWdI0W,https://geni.us/vADXwq,1eJoG-VebSCum_sm9EFO_yT5fJxn0e7Ex,SUCCESS
Rotary Grater httpsgeni.usFjqPEP0.mp4,1hFfxSICcbT3OYj7YyF1U1lH-6qo8ih2t,https://geni.us/FjqPEP0,1ucREyUvXSAYfYXSriV854jle222e38SP,SUCCESS
Cube Projector httpsgeni.mp4,1lyA5TjtN8xIC5QXFki5B-P_hAVtbYmIE,NOT_FOUND,,SKIPPED
Cordless Massager httpsgeni.uszhEgz2X.mp4,1Z0odQBuxb6PFd7dO0VwA9YPtM33hXM6V,https://geni.us/zhEgz2X,1OXtnzrwnZxtUuB6xt0ZiHfXutFUlehP1,SUCCESS
Shoe Dispenser httpsgeni.usjdHFiv2.mp4,1Z3BJDmJrFKrudGCwtCGJnMCVYCnYNmHD,https://geni.us/jdHFiv2,1QRtQ3VuWJT0TUnF2NxPIgrKbumUbFQ24,SUCCESS
Party Cooler httpsgeni.useUBcC.mp4,1cjz3SGXnY-AMhCzO6qJllYnnj-VgSMjp,https://geni.us/eUBcC,1UGc1SjvBZCzlBMNlMCUkwocMjJZmQrwn,SUCCESS
Hammock Swing httpsgeni.usXPB3h3.mp4,1n1VY6U3iUKQS4N4xfQKaHZ12LMOvMIn9,https://geni.us/XPB3h3,1h3Rd6e-xNs0K304-nWVDbhDrfyfDjnY5,SUCCESS
Steam Cleaner httpsgeni.uswWBupq.mp4,11ltpguzUVFj2V0h_Yvx6nYH0F8YecPw1,https://geni.us/wWBupq,1xNA93-iPvmKMEnk1Ui3sGIUpUGxoXOIB,SUCCESS
Rotating Organizer httpsgeni.usZBCY.mp4,1SKVuOw5rCEt0yzSA8ia7TpZts6Sq5Q0N,https://geni.us/ZBCY,1tPkwOc5QPI77nhwwBkefTNdlT0NLqo8s,SUCCESS
Footrest Warmer httpsgeni.uswO0RT1u.mp4,1C7MUgJSivnUYPJ46tTMag_-ihw1GNoVt,https://geni.us/wO0RT1u,1FlRg7JKC75jLJEhu7Dm_tV9Gdd5UOci3,SUCCESS
Heated Chair httpsgeni.usMxKL.mp4,1SyrRK8c5D18I28Y0i66lV0jpYgpaJhWt,https://geni.us/MxKL,1qGTL3xuACiAGHK958VVWfXduUsrpQ7cS,SUCCESS
Wall Sconces httpsgeni.usCBVQLi.mp4,1o5xp1gaLz1qOm-6vEEab6X4s-hyPvauC,https://geni.us/CBVQLi,1dBJg1dc0Chjt_pK71Ng_K2CSk6jWZwi2,SUCCESS
Trash Can httpsgeni.usgjRwYT.mp4,11Jz1u_DoVezMrwNG1hElkoy1QpPTHeHp,https://geni.us/gjRwYT,16rYZl5_czkXDzd803axoDuzLXxz01tDt,SUCCESS
Fogger Sprayer httpsgeni.usyWgKj74.mp4,1NvwwcHntHkYLypU6goi0ELSlYVhGILIZ,https://geni.us/yWgKj74,1Igf22xJ1dEtSS-tMX3fMEdgrpZO5S4sx,SUCCESS
Fabric Shaver httpsgeni.ussv2K.mp4,1zDT5xMcEi653hXGKgSG1z9FKOGN6qi70,https://geni.us/sv2K,1DRbY7Xjk6bD7ZCl09Eu0vGG4VqmXPrV7,SUCCESS
Deck Lights httpsgeni.usyV3NM.mp4,1PEDMOD19khMFwtceg-yp113GG3e9GlNn,https://geni.us/yV3NM,1yPRVRmql5DoKe0Qhf34BsrHui4wlL3eV,SUCCESS
Rocker Chair httpsgeni.usr60pMW.mp4,1q9BK0B1EqBA3wbn-tbxYIoUeTaovSkXV,https://geni.us/r60pMW,108lR7ZcGN3oQVX2Y26aNotxifS0v79-E,SUCCESS
Hanger Rail httpsgeni.usoEWqYvm.mp4,11fXncJGENT53rSLYV4bIR7NaVW6oBvPw,https://geni.us/oEWqYvm,1u27Ko5zoVOxiuNpn4CETRNZ7N9A8aMMY,SUCCESS
Fire Surround httpsgeni.usKEtCkf5.mp4,1l1_2LyIj8SeC06jE_RywYj9nBGi03X-i,https://geni.us/KEtCkf5,1O1-5RHWBgf_PiHHFVbSncxyT60dvKJ1c,SUCCESS
Popcorn Popper httpsgeni.usPC8AW.mp4,1XlIYpPrkq-dMF3j4kxF-tDLJs0lTtyRA,https://geni.us/PC8AW,1mB_8Zj2k2gBIXk5uVE89KsZHR3tJorR6,SUCCESS
Tool Holder httpsgeni.us1SN1a.mp4,1fgTrqhvxnsxCq1p61QL92CNmmz9MYSGy,https://geni.us/1SN1a,1H7TrjvDB8FCUqYnWy3HoDJCY8y8thgR-,SUCCESS
Chaise Lounge httpsgeni.usE4WE9.mp4,1xQm6GyQpmxvwXPw4bB59RmeE4eSbEkX5,https://geni.us/E4WE9,18kgr9ArdK7iH25xyTuAXPwGtgsR32fpQ,SUCCESS
Curtain Lights httpsgeni.usX8TmPy.mp4,1oAF5rhrpU5Vkj3a3s4-Bp8gA6Ba90TQZ,https://geni.us/X8TmPy,1qEECL1ve89SDacHucFMKvXk_eB9gdzhX,SUCCESS
Smart Lamp httpsgeni.usV3za70.mp4,1f84jYVMiC57mveHkmLfWzRIL3DE6IYTW,https://geni.us/V3za70,1NuOBaQFmeexUVlUKMm3ssZlrD1uXagLF,SUCCESS
Tray Table httpsgeni.usUjYl.mp4,16ngmCcf4x8nmkmu9eQZUmxlkISyG14ql,https://geni.us/UjYl,1fpVOnWphkpRZ4DhnDLNNRyQwToUNv6PC,SUCCESS
Dressing Aid httpsgeni.us8lYIh.mp4,1Z-3eilWX7HoNo7SaWaMJoqd_DenmGjAS,https://geni.us/8lYIh,1fq7BtmX0kiwF4G1uFLCVBvFixdnnUHmv,SUCCESS
Heated Massager httpsgeni.usiMr7t.mp4,18yToOKBZXV6V-6BP-7UciAvLUQVGVKqK,https://geni.us/iMr7t,15E7_ZoF0NWHnGA9T665dSN88i1s3VJiq,SUCCESS
Bottle Opener httpsgeni.usk6nlnJ.mp4,1vxqfF9N-nmBXPxkWSN_doFUm0TQ5x2bS,https://geni.us/k6nlnJ,1iGwZpaItFF7heahY7vqpJliXFV52m5Cu,SUCCESS
Stair Cane httpsgeni.usAYn0Y.mp4,1Un2WOZac9KU7I9ImUvG_Z5k_nspqzinw,https://geni.us/AYn0Y,1i4wS0JofsA4mir2OTslj2UKdEOM6nV6H,SUCCESS
Grabber Tool httpsgeni.us8AEvb.mp4,17tE2CDblP9T4886NUCXBsrrWp7xLkHJV,https://geni.us/8AEvb,1J7fKJa8pX76LP_XoLP2wMvz9TFxTNoI-,SUCCESS
Grab Bar httpsgeni.usOTfHwX.mp4,1lrcPl8iZrVzp2B9H5KkDl-tHwRO0yTN6,https://geni.us/OTfHwX,1mDyfDkT3rKtHFnHhFV7CEeAyuzmNKD9G,SUCCESS
Forehead Thermometer httpsgeni.usqTrhG.mp4,1HFcAWU51lWHnszKGAklGi5us0x9C_q4r,https://geni.us/qTrhG,1qOhbkmgvFSFYG0MBq2es48E43fyffJql,SUCCESS
Shoe Horn httpsgeni.usZA69He.mp4,1NJYOhbaBLbLMtkYVdr5HevXOkRXHejEz,https://geni.us/ZA69He,1wvqRHrVZIsZYBkIeSom52-aObD7rANm5,SUCCESS
Shiatsu Massager httpsgeni.usEnhD.mp4,1kRvuT6n7n7cgv5XE_NnPJsEB_fK8FK9v,https://geni.us/EnhD,1BH5sNVIfTQI7DHI-7ox5oyNFgU9q_cWa,SUCCESS
Calendar Clock httpsgeni.useWAS8.mp4,11bZa5p06sM8vByYIxrSVqPFrkscMZ6ph,https://geni.us/eWAS8,1bK0G8iVzMFYjkeuTNeKQHneqVIvB0k1b,SUCCESS
Bed Rail httpsgeni.usawVBJ.mp4,171rgLSTrIl8cgj8wkzCVX218xgMcZWm6,https://geni.us/awVBJ,1W6mDYrcmvC15jnlN57eDF5sNpqFBfUSW,SUCCESS
Car Handle httpsgeni.usA55Y.mp4,1fUt-4_7ji2b6wgFQT6DIUxZzRIQkj9_p,https://geni.us/A55Y,1REW1JdmBecf2gGMlEb0RNQLeOakpXexd,SUCCESS
Nail Clipper httpsgeni.usOuEthl.mp4,1r85ZSNPsBL0s0ces_nsnIM17L8tCN-tt,https://geni.us/OuEthl,1gu_8w2bSusAUHf1q93nliC_CZzMShQSr,SUCCESS
Hand Massager httpsgeni.usfsxAr.mp4,1gVNXWW7M18Xaq_DNFK5ULeAnm7NS0dtv,https://geni.us/fsxAr,1jTkIiP6Wv50JW4FIF86fT2rBwZTW_L7p,SUCCESS
Sock Aid httpsgeni.usOuEthl.mp4,1R_HI7wfx5WVWEhX9OFuKniAzM9j2UOVi,https://geni.us/OuEthl,1fUb8LcVnT4d1h7aFv2LEy5VceWWLT-vW,SUCCESS
Wedge Pillow httpsgeni.usYBKQNW.mp4,1JSnT21tO3oey3AKfevPRZxZZ3MAEQ8S7,https://geni.us/YBKQNW,1VtBBPvH-yuZtjZ8HRI8Uf02nK5ndstcs,SUCCESS
Lotion Applicator httpsgeni.usc2PpjK.mp4,1fxHxT4NF3PtRDIgbl5gR8AmzGUx8DfeI,https://geni.us/c2PpjK,1ZMs9LVE-ulTuSdLPBYKuES1_TgA9yhPo,SUCCESS
Lift Recliner httpsgeni.usnTdy1yv.mp4,1A9Y5Uxn1u137KbbeCLHAbyRqo8ZwU6ou,https://geni.us/nTdy1yv,1CVo6G77jV40AS9BfDpHmcIw4CSNSeSSH,SUCCESS
Transfer Bench httpsgeni.usYBKQNW.mp4,1ztouLHCTvzKxX9B8MTM_4T_tQIucRGto,https://geni.us/YBKQNW,1F6a6O-81pien0cjvPeSTyzmhfn2YGJt3,SUCCESS
Foot Massager httpsgeni.uslMnN.mp4,1xhc_d4tWoCuecvd3xiUYY3OuODmmcz_s,https://geni.us/lMnN,1Ba9FG6c-iXOfyByfE3pAu7SPL5pHtHDh,SUCCESS
Stair Chair httpsgeni.usUcvkZB.mp4,1zyKWSpgxBcPxJbGcMamxd4zSMSkFmmDE,https://geni.us/UcvkZB,1yUc22VkFrPh4bYQ3pvt38XI51jXxsJAl,SUCCESS
Chair Lift httpsgeni.usoB1V.mp4,1bsAa_VozXO1DO-4Stl9TMWDbNNvAwzfV,https://geni.us/oB1V,11-zK6D-E1lwlGr_fnFf8qBm7xNbFqK0w,SUCCESS
Desk Elliptical httpsgeni.us483kP.mp4,1cf7_vvWPj47JdPH5EGpPCp5GnBSspzo1,https://geni.us/483kP,1WHSJe4g3I2IW0ZOTCSr-LfpbQ306Q9X0,SUCCESS
Power Rollator httpsgeni.usrwd0dU.mp4,1jTHZcflLR_50627M6misWf5TkKuxERt-,https://geni.us/rwd0dU,1I4qtsXp2bnrEQEUVWmEoPRnoBGvinNZ0,SUCCESS
Wearable Chair httpsgeni.usB6Fd6RV.mp4,10skapi0uKNvygxr0fhoXU64hCMSDavIY,https://geni.us/B6Fd6RV,1mUB5VEduP_q4pINTlYHFScUgEwElBj4F,SUCCESS
Flame Diffuser httpsgeni.mp4,1AaYzi9pEW7l4yvj245-V1fMTAMwfMG-e,NOT_FOUND,,SKIPPED
Smart Humidifier httpsgeni.mp4,1y8xM3uxPZJGI31pcWM-isGJ5udF78FCf,NOT_FOUND,,SKIPPED
Cordless Vacuum httpsgeni.mp4,1mYH916Uhao6W9jmJOhBqo4K3SMBZiPn2,NOT_FOUND,,SKIPPED
3-in-1 Vacuum httpsgeni.usQuAGvxa.mp4,1iuReTRZVKaUIYPpjInWd6xKmyTTbQvP_,https://geni.us/QuAGvxa,1wIOXBZrez0lFkoFO3MORO4a2OOiQ9tfV,SUCCESS
Body Dryer httpsgeni.uspRCuxuo.mp4,1rH_q6rzemdlX_eZ44j3iM8QW5qpRz1ZW,https://geni.us/pRCuxuo,1fkR_kP1AwF8f2w2-h2mg8hocKcEhitY-,SUCCESS
Recliner Sofa httpsgeni.usLVW40uG.mp4,1xGyThkS3yT4nIw97E6SBtU7MyLlqp3q4,https://geni.us/LVW40uG,1yHaI34yXOiNPDjJov5rtlGyOxNWQfMED,SUCCESS
Shower System httpsgeni.usOAMrWOH.mp4,1H1PV9kfrf_PnTeUWrJw5Y_wAppYmPiMZ,https://geni.us/OAMrWOH,1cZwsH9Bp9_b6qJSshjifagOBjwmbA1DH,SUCCESS
Security Camera httpsgeni.usJ5R8Ul.mp4,1zetjTAazi0nVYJ_np4cG1CF82A_2P2n0,https://geni.us/J5R8Ul,1z4a20EGo4VO5ThJw2zjbXADHR-h83i7r,SUCCESS
Multi-Cooker httpsgeni.useHYEY6.mp4,1cXo5ekaoWNS9QEI52emnFvWo8wQ2dpER,https://geni.us/eHYEY6,1ZxOcoWGBZjBI4JRiGOsC2ATbJyYwd-0c,SUCCESS
Egg Separator httpsgeni.usu2tI4.mp4,13qqec3EthismiYi7WKFTl6eEEnBD4RUW,https://geni.us/u2tI4,1ROApSeWznoxNWl0FwBTPxRH53iXsUu70,SUCCESS
Warming Tray httpsgeni.usloLmSO.mp4,1HI6gv4wm9wYnCwfUGFQndTkmCV-6O_I-,https://geni.us/loLmSO,1nUfQE5Ei7fRSIMNHKYseA8WKNkqa1wmZ,SUCCESS
Wine Aerator httpsgeni.us4A4gPx.mp4,1b0Q89nRxxKkhY_s5DtPOspfZffn1VwOx,https://geni.us/4A4gPx,1GwZFUwCNbJOv-sv3dbLsSrpaIcpAV9aC,SUCCESS
Dishwasher Magnet httpsgeni.usSZVHjhI.mp4,1RQhQtjPV45KakQCpp5reL2O_LwfONWuy,https://geni.us/SZVHjhI,1Qy9Ysu1yNkOfVIsugqCSSTJJPSK3HDVg,SUCCESS
UV Sanitizer httpsgeni.usEx2sa.mp4,1ToQ7OzD3mtcOgDeP5QoHMzpJlmk3APvR,https://geni.us/Ex2sa,1IaHag599qc36beR3jlF6Z_onhRUr0mca,SUCCESS
Water Dispenser httpsgeni.usnKAWmP.mp4,1_ZiNWh0JAdUqCIZI9TbTVzF6nn0-t3VA,https://geni.us/nKAWmP,1cTmD6KsSdsI2odWXXaS-g7IFcwVJ_Hiw,SUCCESS
Waffle Maker httpsgeni.usiQmm8G.mp4,1UX-ZBd2BC9-qRTuZzM8BTaJfBRAcw7wn,https://geni.us/iQmm8G,1mSL3MQiHg2vqF7PQS6bKM1oepOqKFcAp,SUCCESS
Smart Lock httpsgeni.usE0rpvbf.mp4,1RpBvYnGGhtECGOMlfG7v4_HsgEG228_8,https://geni.us/E0rpvbf,1l2W03GsMQawLwcfRlLFo0A_qG5Z7a-sP,SUCCESS
Wall Extender httpsgeni.uscPan.mp4,1UC-dId3F9qf-jzPsOdLn0Stl-4WnPTdS,https://geni.us/cPan,1kBMXT_rpx77OZ-7Y477TVWXD-D2fsMQz,SUCCESS
Patio Heater httpsgeni.usPMsPuKQ.mp4,1DjXtQYNaH15FlNVJOOn8IHqmtVsEGTTi,https://geni.us/PMsPuKQ,1kiVNHhettr-V2un3xUiw24kpfoMBFEwh,SUCCESS
Electric Griddle httpsgeni.usRGZFdoX.mp4,1FdV8nqXkEry_kwB_Z2T-tn8B92K4greN,https://geni.us/RGZFdoX,1_MT7BdDDtZcgn5yFpYi09kpvtrTYT1bR,SUCCESS
Egg Chair httpsgeni.usCV5Ce.mp4,1B4nMK3naAk0rOtWhXdJ8II-VHwiC-QMZ,https://geni.us/CV5Ce,1tA-eT0KYffXzVFwqqs_q9o9JX-U3Whll,SUCCESS
Digital Frame httpsgeni.usELPEOR.mp4,16WnCaqeZcExoNoMGqye53KKWAdgOuWy8,https://geni.us/ELPEOR,1iim_ekO0rG2UxRSdtxSf3AnS_iicEM6f,SUCCESS
Bidet Seat httpsgeni.uswAl8.mp4,1du8uIFWWgh4nVxNsZTKkVUiJPhbiPSFD,https://geni.us/wAl8,1eo6wdZoMXDwPSKVUUB1Rmv9beiQRC5ih,SUCCESS
Backseat Fan - https://geni.us/0sv4BI6 ,1ml3Vy-OdXBNb-4Kq2w93EOqzZTx82tlw,NOT_FOUND,,SKIPPED
Car Bubble - https://geni.us/qJ0cgBC ,1WRjgkcTSF9kLI0cu2Z9xqD9ZPw_bEh1D,NOT_FOUND,,SKIPPED
Message Display - https://geni.us/T3BDJ  ,1fegzUX3sFS0umWXMkCXqesu0wfP9KRDy,NOT_FOUND,,SKIPPED
Auto Tent - https://geni.us/UepUPw5  ,1w6hnqt8dID0cjwS6BHAvwqAvIeRbHMd-,NOT_FOUND,,SKIPPED
Umbrella Shade - https://geni.us/3xGOvq  ,1CxnvgA0UdT5QE2uH824rv_SB8SIe6bh-,NOT_FOUND,,SKIPPED
Logo Projector - https://geni.us/miRXxl  ,1xgyhP4sILummFMqNERr6WUGAaHdbgctY,NOT_FOUND,,SKIPPED
Strobe Light - https://geni.us/FjoBm7  ,1FeOK8YjQCDn2YCRAEfEpVz1_Gf8kDLsn,NOT_FOUND,,SKIPPED
Rim Stickers - https://geni.us/FygqBB5  ,1YrddzGSM2McEdG-i03sEElO2Pu4ZLKFf,NOT_FOUND,,SKIPPED
Dent Puller - https://geni.us/i6RcAX  ,1JaoOsfDleQwu7xYv5f6U_FxNKDCgwF3c,NOT_FOUND,,SKIPPED
Start Cover - https://geni.us/HEIuSkv ,15J5l_SijD67GB-Cf5ESR-RlCfFUVwbNF,NOT_FOUND,,SKIPPED
Folding Carport - https://geni.us/Aupep  ,18ErbGlwFvFNqg7gH1Zq-9Z_qJAO4aXiD,NOT_FOUND,,SKIPPED
Travel Toilet - https://geni.us/TTRY.mp4 ,1Xqm_-cgxcyfbMsVTY_T5LJ6M9DE7_zcC,NOT_FOUND,,SKIPPED
C-Shaped Table httpsgeni.usGWIK.mp4,1w8Xny1T-dR-iZoqM-YwjpoUj6QLk79xi,https://geni.us/GWIK,1_Ys-b6HJa-j9d_PRoKNbNf77JTPSIRrW,SUCCESS
Reclining Sofa httpsgeni.usDRfMt.mp4,12yrbdM-D6q8P3ZCLGlJLYRI8yoHc98_c,https://geni.us/DRfMt,1ChaW1qhF5kbVQ_EtTO0wXKB7ssk_ZhxX,SUCCESS
Jewelry Mirror httpsgeni.us8pPyr.mp4,1Kyjsi9ni9K8xh02cVLtqpIBeLevPxBYU,https://geni.us/8pPyr,1BSmIsm9MBe9hHo0rbml2W1cNb1eIAZEb,SUCCESS
Motorized Blinds httpsgeni.useG1fb.mp4,1r8B1pRJiHmTCjNBxX53RPId-wRiu8Hj9,https://geni.us/eG1fb,1WniqOQu8GbaG4UzStk3wZBCBKKRn9fyi,SUCCESS
Slim Nightstand httpsgeni.usmGnCwR.mp4,1SJgEkqLzt7ZfNIvmTHo2NE70LzqQ7XXK,https://geni.us/mGnCwR,1kJNysBB29-oSqlSn4C0STOAG9sJFxA34,SUCCESS
Rotating Rack httpsgeni.usz5OmsSb.mp4,1mxALf2urrxi575Y2EmM1nSITKLh_JX-g,https://geni.us/z5OmsSb,1tyNq2lUdgXvKE38naqx5b04P_sNDJN27,SUCCESS
Fold-Out Desk httpsgeni.usMQmo0y.mp4,1gK7EWGvRgR4KirHuvi89EQDq6XJl09wM,https://geni.us/MQmo0y,1mYYEwuxH09a9mABvgZMuWah8y7xdeI8e,SUCCESS
Triangle Shelf httpsgeni.usY9uNzpk.mp4,1BI_77cC0pPFj-n31atjExkS4yG1kuWJ6,https://geni.us/Y9uNzpk,1ooSPnbsgNkiqRWMLCCXGUiNZpAbC0Oxm,SUCCESS
Stackable Bins httpsgeni.uscF074.mp4,1ginm25RiJMLFo_mw4RcSKusIQBdYh3_B,https://geni.us/cF074,1Od5T-y_MUCVHy-Hr4SjT16tiHgGxfT7V,SUCCESS
Folding Ottoman httpsgeni.usnGAHjU.mp4,1gUZxts6gEwiOWRRwoRUY-A-sxeBAJwZa,https://geni.us/nGAHjU,1A_0bH8cVb8y6WRsVHfW3FXlyUcvaI8tY,SUCCESS
Foldable Baskets httpsgeni.usuRBRV.mp4,1hhJr3gXLdEx9RW4RWSH4UNeCBS0x-hRB,https://geni.us/uRBRV,1wNJPPW02DeFFjsFKDgPHp6JFsI0GzBcT,SUCCESS
Rotating Bookshelf httpsgeni.usUUS13kJ.mp4,1q3bXuzlMfYq2L2lT3-DEneBO3n4DCQ-y,https://geni.us/UUS13kJ,1xCOVytbdg3qL5ZD_I1FdUlhgefIUWnnP,SUCCESS
Rolling Cart httpsgeni.us0zkZIYf.mp4,1K0X6fr4HBg6GmJDtjPvxpnX5CzlSuwYx,https://geni.us/0zkZIYf,183NhN-N6JuVPGhhRO1pUhCvjw6FU-edr,SUCCESS
Collapsible Bin httpsgeni.usmUKcVq.mp4,1lqwmcFn9qZD9046-nuwFWYCievBfKQ7E,https://geni.us/mUKcVq,1bDLV6ZIswK6p85We3k-DsOpwhIW8cTH_,SUCCESS
Space-Saving Hangers httpsgeni.usH0n9b.mp4,1ti-CvuN_3t2UXNMrcCSMTEe-Mw3PMx5n,https://geni.us/H0n9b,1vFusYaJuDvG-ZCQvxFu6sDNjBkQ9WVhn,SUCCESS
Folding Table httpsgeni.usoMROmA.mp4,1j_1Dy76u7ZU2fBabedy5khStQPPGiI6U,https://geni.us/oMROmA,1lvdNur7lp1LSLpRC-LVhPELKK-0mfbd2,SUCCESS
Shower System httpsgeni.us2FAIMH.mp4,1n7pYi8ou7hGqE53Y8BxkPxdKBNLdeCUM,https://geni.us/2FAIMH,1OABswSlRecvqg9KjsosUCOL2Se_61fNc,SUCCESS
Corner Bench httpsgeni.usKCQFJ.mp4,1bBJp1JxeOh9SIKGcQoHSdI8ooBR9RSID,https://geni.us/KCQFJ,1cDsTpyVEK9Y0zS0WGs9tGExDVmprISPO,SUCCESS
Lift-Top Table httpsgeni.usBgs112r.mp4,1aNyy4Uy_seme3j5jJWgJsd7LAjH-2qdA,https://geni.us/Bgs112r,1blfGRwR20aIB7NuYgxa0ImsLen8YjqBA,SUCCESS
Sleeper Sofa httpsgeni.uskap52q.mp4,1ZcAivDi9zhltrAtYLQ-12Hsg4E7gpbYM,https://geni.us/kap52q,1rWm0HvoUk-F8OrybJ3U7HyoQMJYhFpIi,SUCCESS
Soft-Close Seat httpsgeni.us6f0FfJG.mp4,1lWQmNW8JyvUv_KLDbcWZCoatcYgWYJ1u,https://geni.us/6f0FfJG,1T-VfzR1NrYmVOgIgxQFVMpYnY1Bmj3tV,SUCCESS
Hidden Table httpsgeni.usrRXv0u.mp4,1ZYd0o0kf2anFPvtcHoWR1KkK0E6k-Imk,https://geni.us/rRXv0u,19hq5vNLwK8F6cqsZg5JfNYf8RtowUuEf,SUCCESS
Rolling Island httpsgeni.usQBDhU.mp4,12piIu-xIW7d6lXVecYZOS6PhdU2XwOu6,https://geni.us/QBDhU,1UjGS2IDn9mxpEQnxmRQTIiN5gp-fxxMU,SUCCESS
Disappearing Bed httpsgeni.usndRKb5M.mp4,1HDaGXJmtlhdS_ADx5mgg1Ufnq5qAusr5,https://geni.us/ndRKb5M,10my9BFK_-MqPg4jg6_NKiYGev8PoJNtQ,SUCCESS
Palm Brush httpsgeni.usX3wC_1.mp4,1gDDA_qrQSGLFNkBf5jhPxcBjSRomWMxk,https://geni.us/X3wC_1,1O5W2Wi-QiYm37bhB8cOOkpopDcr4_vRs,SUCCESS
Smart Crepe Maker httpsgeni.usVOwILO.mp4,1zQ3EZrcqDWbnsOcY-sAAOaAMKVpdQkBO,https://geni.us/VOwILO,12s1ruMI3j34bhkPshQwNCmME_p2aTfK8,SUCCESS
Multi-Cooker httpsgeni.usLaHCG.mp4,1v-Pb5ddhpJoOdN8cSgZHhX8wYVD5IMw9,https://geni.us/LaHCG,1IGtdzHsw4-peuxBqV2N1899KYymx8hzm,SUCCESS
Countertop Dishwasher httpsgeni.uswAb0J.mp4,1IE9bSRNPpmVC6RXCWGwuxv5YW8Kw-WjG,https://geni.us/wAb0J,1lR-vdwya6i9gEXQuMxUYoG5_dD0CfVKv,SUCCESS
Wi-Fi Plugs httpsgeni.usSyH50.mp4,1Ll1BsUntqcYU5IWCGw4K1v1DjD9M-Mxz,https://geni.us/SyH50,1cyd1ovXYnJuMwOBKFjydMc5jZxx2bELX,SUCCESS
Motion Lights httpsgeni.usLHn0.mp4,1T8oRPXxiFeJCLYITepwBz0iVnnVH0wOy,https://geni.us/LHn0,1W8771Lswp-AcfL7l0YkTTrFJF5BEPAz0,SUCCESS
Glass Rack httpsgeni.usnYMrt.mp4,18uQIDIp6jkOcrgZdiNOD9dxCLsXQ8TW_,https://geni.us/nYMrt,1QPOQTN9v5dbuaCrC4BX4lVOxmPwdMh3o,SUCCESS
Egg Holder httpsgeni.usEqH8T1q.mp4,1BK-YL4dXMe_cJp4BJ4kpun7D-SGT59e7,https://geni.us/EqH8T1q,1xQ4xoUZI_kflZ-gxmhoOVwwq0Ebx2qJc,SUCCESS
Soap Dispenser httpsgeni.usArU07.mp4,1Bku-xvUYcFXSJY_doF7t1vzUbsIs8iwA,https://geni.us/ArU07,1QsTjQhG7Ay_cn3ZGYZhFoXGcF8ZGY6f1,SUCCESS
Label Maker httpsgeni.usDGaB7.mp4,1FOUStVsHFVsCfQ7Phs9a7dq6zZfk0DV_,https://geni.us/DGaB7,1ld5EKrceTmnJTL2vTbRnVnRUnw6pVPk_,SUCCESS
Sink Strainer httpsgeni.usVXjA5ZA.mp4,1ABCLAuiuBg-gwOcucf_QphbGUbkwsTsT,https://geni.us/VXjA5ZA,1tlp9ENeemZy4LI1DIMX6-OhaT16PfEmD,SUCCESS
Mini Mop httpsgeni.us4oQX.mp4,1qvGgzZqBcIS0hrcnAn4rBS7ZbZIHSgf_,https://geni.us/4oQX,160jgMX5mQW59d-Bu-k31fMZvWIR_EqLm,SUCCESS
Kitchen Scale httpsgeni.usgwDsxw.mp4,1dTsM93xR4g2j4cr8arJ4KR3TG4XZNYAZ,https://geni.us/gwDsxw,1Dptoz7ej_kgZXlbMH3z3kOuw3nij7Fky,SUCCESS
Storage Bins httpsgeni.usbJDQImU.mp4,17ESqaHPV0WTeBB0q96FMxElM7H7QCpuE,https://geni.us/bJDQImU,1RGxLHX-IYqpdZfLhjFGT9mM7UUFEOBb1,SUCCESS
Sandwich Maker httpsgeni.us4JRuCX.mp4,1ohrDRAp4SkgrK9tHL16dmISZ3O1DSaEg,https://geni.us/4JRuCX,1oCToIrRSEiA6CEUwvQ3jl5VB5JL29gHa,SUCCESS
Electric Grinders httpsgeni.usIhDCma.mp4,1YsUGETiMwxb2RDnOh9E43MVZ_RNa1w2z,https://geni.us/IhDCma,1B4HtAHYfpkGU3hlnPUqNIttAo-adSATd,SUCCESS
Smart Kettle httpsgeni.usCymih.mp4,15fhNPFQv6PKsaOaJ7LTaCNPcuuGs_Hbt,https://geni.us/Cymih,1PnLu9deGE0r0VhNg2Dh_MBWS60HODj6I,SUCCESS
Reusable Pod httpsgeni.usmFq9AeW.mp4,1MPG2laggpiUiaqdxFVqDfRS4G99rwKrs,https://geni.us/mFq9AeW,1cXZE_OFPf9E_cJpSQS6MsxFFbeXzlF4j,SUCCESS
Faucet Filter httpsgeni.usdswAJ9.mp4,1QTDdNOnq77CcCXwvDcpu9YKaNVm4nX3e,https://geni.us/dswAJ9,1_ci73Pf2sM0ui5Ri2F9DS9-x_YdP8Qyi,SUCCESS
Smart Toaster httpsgeni.usifI5ZHA.mp4,1eAk4J9dK9AhBKBuECBZ0gTEpeA0b_R59,https://geni.us/ifI5ZHA,1qDCxSoT3VtAHcLijXMUtl-1Wz0bVHlij,SUCCESS
Multi Oven httpsgeni.us4YAKRH.mp4,1z4Z9--mxKSACwpSDnBvlyZBuDtfd7A7G,https://geni.us/4YAKRH,19ylfvUZoak7wXEQFNMUK8fQ1FapacWan,SUCCESS
Cooking Robot httpsgeni.us2vVePe.mp4,1e5_ydgEn_tXKorxh21TGPJscl3BIsnCu,https://geni.us/2vVePe,1Nz4zLe7lZWeV-mdvgJYniUEjr4dBvKh4,SUCCESS
Smart Kitchen Sink httpsgeni.usAP17gqK.mp4,1p7bZECJcN1WCyVL5t7zbRCbhP1KavTY0,https://geni.us/AP17gqK,1_pcbf9ZWlWkJCH0nREIEgYlHLyWQtXFp,SUCCESS
Waffle Maker httpsgeni.usRCz3hr.mp4,1UJxjKYvqbaATqSiz_fml9tcSKT2288bB,https://geni.us/RCz3hr,1qSaRtoNuXvMYg9eil4vwehWUc4Gu_0b5,SUCCESS
Touchscreen Toaster httpsgeni.us6U2kqH9.mp4,1jaYlYANpvqx7PYHbmNgs9O6nZPiUM06Y,https://geni.us/6U2kqH9,1DqKnCZ0AB43-vyt2dT7yxIYzHYRK8TaV,SUCCESS
Snack Tray httpsgeni.usFAZhA8B.mp4,1V8V44YtS_vKNSy2QS-CVxjnPu7LBuo3T,https://geni.us/FAZhA8B,1Ltc_KmGrtqloHoIUdcXmKUyAQVfjneCn,SUCCESS
Smoker Controller httpsgeni.usRoAjp93.mp4,1KbPltsJeKt53rPjBtMZWMWLBABRUAEWA,https://geni.us/RoAjp93,1PxwBNxLUWvkLcEHjlkpxIzohwVRM-eMY,SUCCESS
Sandwich Cutter httpsgeni.usbpFTX.mp4,1WpG21OmjsiVnyycZ5I0ViUioDG55fwRl,https://geni.us/bpFTX,12GFpiyT33j7W4YlUQYt-K9o6I-Gs8p7p,SUCCESS
Range Hood httpsgeni.usVETmg9N.mp4,1lLgFmFb1KUtPLHUdeHmm8zfiOeSJqv9f,https://geni.us/VETmg9N,17WKLWbJampMD0yFKu1QeL8MH1Ive2Jws,SUCCESS
Pressure Cooker httpsgeni.usA1qa5.mp4,1gOmut_q37fp2lc5yHf-__DThyhfvzUlK,https://geni.us/A1qa5,1-xjtcgGwPYf0CtuERqzSvBVDXUOO8wfR,SUCCESS
Pizza Scissors httpsgeni.usq2jYSRU.mp4,1oQ3hK403JlR_CHtnL-6laSSjfJzjC0ij,https://geni.us/q2jYSRU,1yJi8p186JHqC4NmPJ6_MVpP4DLPvrlTx,SUCCESS
Omelette Maker httpsgeni.usMYDSYr.mp4,1NuiSSCtihCIMCRVA7voVeV8Y58hx19zS,https://geni.us/MYDSYr,1XEPIdBRQ9WF_t0Jz7HexcM8vE0_el8B-,SUCCESS
Milk Frother httpsgeni.usg2Y9oI.mp4,15zu_TIWX2Uz7qJqIbGx1PIWskcmY75I1,https://geni.us/g2Y9oI,1t_iPsnF0a1XA7lySL6zBa3rBlCwjj3fl,SUCCESS
Microwave Cover httpsgeni.usFCrs.mp4,1JekVWlju-PRbiSsn32HhuyrYHAxvAT1T,https://geni.us/FCrs,1A_7Zx5j2rhS24ZGDsOW2ree11Rhtnnsx,SUCCESS
Meat Thermometer httpsgeni.usiKL2M.mp4,1fOcfVzEYfVSOPXQbpHG5BkG1ZjvJa8Pc,https://geni.us/iKL2M,1EEV1h8ilevuzUymYcFkNp0V4A-GCQvmX,SUCCESS
Meal Cooker httpsgeni.usUAGGxDQ.mp4,1DlgycfynPl3lGbCc7KIXHdP3zJ0NgsEl,https://geni.us/UAGGxDQ,1z1uwgP7sd2BkGdRhPPPiPUDzYAvj7km7,SUCCESS
Kitchen Timer httpsgeni.usS18dez.mp4,1gf4yAHLo9PgNHRC92MkdvCvcgQ32pVuc,https://geni.us/S18dez,1HdBAV2GvryKtFPsNvFZYXTUAqwFekZiW,SUCCESS
Jar Opener httpsgeni.usNxXk.mp4,1a62vGFHBDiW5m80fyp7QMovqQ4SVZw56,https://geni.us/NxXk,1Ano2-IkXz92DeyQ-skj9d3WwRwkB9ti4,SUCCESS
Induction Cooktop httpsgeni.us2a7E8K7.mp4,1Z84vo7mSPdWuTQ-7OG0dWUr8zEugcqev,https://geni.us/2a7E8K7,1-A6ZqoR3wM2fjtpcu2V2JDYqf-SAMAN3,SUCCESS
Ice Creamer httpsgeni.usHEdt.mp4,1WTDquuqOASb-UqeR2zIOqz2l2kFc40pp,https://geni.us/HEdt,1OCHDpKEfQEb8t22iRoiTnUqchiypcgWQ,SUCCESS
Food Scale httpsgeni.usm0OE.mp4,1N7zVQ0wljkDLzst74u_9ftjT-V3xbrrc,https://geni.us/m0OE,1_PyxTlbnpT20RB-FG7CBE0jcpuAvIPaz,SUCCESS
Egg Cooker httpsgeni.us6kInN7.mp4,1WDN4u7GXK0N1hjxe5CwoeErrS1I7XGTa,https://geni.us/6kInN7,1FfGGkP39zHDg9dxD63gdeS6SmMLxdM4s,SUCCESS
Digital Scale httpsgeni.us6t9X.mp4,1JS39pGP0EewfgYd2Bv3GDpI4N6rivVsq,https://geni.us/6t9X,12gUfuyNNGBFTyjbbZJsS27-1OIrjq9A5,SUCCESS
Colander Bowl httpsgeni.ussPifdDE.mp4,16aUkIlI4_1hRDSmVhAOaNRxLRs0jM1ZM,https://geni.us/sPifdDE,1Iiyzje9yGcfdq8W9ryMiVGn79Wq3KF4d,SUCCESS
Coffee Maker httpsgeni.usNsL7QAX.mp4,12xaVHcuXZmiLM4PI8mMW7GXqgTuc-zaa,https://geni.us/NsL7QAX,1cfog8UVNUEYSonaWZWd8kDIS4kwT76mM,SUCCESS
Clip Strainer httpsgeni.usRrwPX4.mp4,1JcXuT2u8V4V3C7Z5UNuWvoULNkMmVkiM,https://geni.us/RrwPX4,1scyruL6fhHRQQ43Q7QhX3_FDDnP9Uign,SUCCESS
Brew Machine httpsgeni.us6dYOr.mp4,1HtJNlyWT8Hv4T_UtZmUHoDnRWUcNatM7,https://geni.us/6dYOr,19lHy2E2hBdLr3ygsxh05oZRsgtuzLK7D,SUCCESS
Wine Dispenser httpsgeni.usGJmVII.mp4,1JKRPu01cnXosGxqRdC2qhhJPVGrD_8xb,https://geni.us/GJmVII,1ja5sGCpfDs-TmWxA_uqgvxC6VebgcB43,SUCCESS
Torch Speaker httpsgeni.usdPhN5hg.mp4,15Kp5isiRDAVBFm3JoHQgBnPpvUl-GDDh,https://geni.us/dPhN5hg,1mWNJ0VHg3fBEWKzNFFpbnE-bNfT3O9vt,SUCCESS
Serving Bar httpsgeni.us30vA3.mp4,1c-kbWZ5-RgLahxOfxhAJ2MrmtH5ynqTT,https://geni.us/30vA3,1o2FhI6RrILzx29ZcqDlwh0rvpywHkVpA,SUCCESS
Screen House httpsgeni.uscrn5.mp4,10UhVU_yCRXQimB71Gb-RzXoWuusiw2FS,https://geni.us/crn5,1VBeGspvheGiqdMaEP0k0B80R0dOKztUl,SUCCESS
Rock Speakers httpsgeni.usxd5n2Kz.mp4,1-w-hd10XX768jcdWnS3tJplA8Z_v6rrW,https://geni.us/xd5n2Kz,16yDyKNDkT-7oNRon52okFkqnwUuBpERC,SUCCESS
Roasting Sticks httpsgeni.usB474cvH.mp4,1UiVkM36tfOXz_xK6DNUm4gzSudyNE4cZ,https://geni.us/B474cvH,1gr7bP-K8hRPkgujxDvsGxIkVuLs4x-Ss,SUCCESS
Portable Sink httpsgeni.usEuF4xU.mp4,1O5hz-FCD7h0HPKc1ykLJg21BhSw24WFr,https://geni.us/EuF4xU,1QarqsEqgCZwxruZhRpiYQjH3HpOtDwrB,SUCCESS
Pop-up Outlet httpsgeni.us8c0CB.mp4,1y3ax58Meh8V0lL9Rz3AxsHlMH0XxLrD8,https://geni.us/8c0CB,1LHeeBHJPnmrwzpx9h5n4n-H_6PSL5cEy,SUCCESS
Pool Float httpsgeni.usjdvhUaN.mp4,1wcLILFgaLWcFU4-c-_y2Q07vk7Onyq1j,https://geni.us/jdvhUaN,11TmU4-CWyqZNFC8Nfi8b4yynHd-kERRR,SUCCESS
Orange Table httpsgeni.usjyZlq.mp4,13VAiPWw93iZ4xRUkcZf_3jFrO5l38bFS,https://geni.us/jyZlq,17OmQsr66WQm04XtvVXaSWJIyI4BRlyZ_,SUCCESS
Octopus Sprinkler httpsgeni.usiJeiVX.mp4,18e5Y6X1ZQRuLjUTk7JuShY9afKSwTu0E,https://geni.us/iJeiVX,10jpg2oo6EQfIS01zSSHzdQp23v0MOl8X,SUCCESS
Night Light httpsgeni.uslzNg.mp4,1WQF4dt5pwhvtJy3962qV4RkQMpedbWO0,https://geni.us/lzNg,1dQZobF83PFUuICzt4WSk-zF1fMfF0jMr,SUCCESS
Mug Warmer httpsgeni.us2EL7X.mp4,1jyJGgSnvXGpXpYhg_BOSj2PgOXSh7OKr,https://geni.us/2EL7X,1WgunDAOcouAGBx9NZFjfmTr_ngLweK8c,SUCCESS
Misting Fan httpsgeni.usPyObTXe.mp4,1y76qs_rB47Gkw9TE74nJMW2ez9fNHCOB,https://geni.us/PyObTXe,1CGtBhNNYko__mbWYfrS2jE0Eh5DO5Lx9,SUCCESS
Lounge Chair httpsgeni.usoORZaZq.mp4,1YymdkUHV8Zy1ffYDXu8Owxl4UseQdqv7,https://geni.us/oORZaZq,1RMFve322FsxTpeLcl6hh7Zn2Nz6c4-FT,SUCCESS
Griddle Mat httpsgeni.uszVaIqAL.mp4,1kGKyDsoh6SioY9Llcu2sCtKB63XTEdgj,https://geni.us/zVaIqAL,1ho-MdIjoa2yVgsVNDouCmlJdUq9cMiJp,SUCCESS
Garden Sprinkler httpsgeni.usWB6vF.mp4,1gfV7BDVVjeedBQTfunv8qdDVJrsN7UxK,https://geni.us/WB6vF,1o8eEqr4NJHJ22BTf8Z1FpeLZOUMHqiTq,SUCCESS
Galaxy Projector httpsgeni.usKkwnH.mp4,1YWHR13ndvhfLxNoAquI43gVjKXd2-tA8,https://geni.us/KkwnH,1dTULfUz-lb0282N0IJ8H3sH3Ej2B1dk5,SUCCESS
Fly Fan httpsgeni.usgXbuvsC.mp4,1ilEI2NZtcMJc2G9bull6GOsguwQDush6,https://geni.us/gXbuvsC,1sn6o-bD-wjploj1XdEPNT6pG8T7tJ3Xt,SUCCESS
Display Stand httpsgeni.usvN999.mp4,1mYMGfaxCZgRj6y9gGveJITXh_gC4hmlQ,https://geni.us/vN999,1-FtLFg8AM6UTEhe_fUoRGSvha4UT9xqy,SUCCESS
Blade Sharpener httpsgeni.us56dqQuR.mp4,1HciKrNH6Ym4RRb1eVi9c66ZuFEZXFXp4,https://geni.us/56dqQuR,1felPBFfQYJItnmrEiwb-p80VkzB-1733,SUCCESS
Air Lounger httpsgeni.us6T3YL.mp4,1AqQwabqiemNGzkNWu7wRElv9oT1fU8_n,https://geni.us/6T3YL,1KPCVesVAV7JaxstjhGJ7c0L17_qNVUNw,SUCCESS
Address Sign httpsgeni.us56dqQuR.mp4,18H8fWDSBebMPBBGji3J-p803E_ILepQT,https://geni.us/56dqQuR,1I9Ohq2xsGIf5o3V0xJaABdCZYSmDCLKD,SUCCESS
Voice Recorder httpsgeni.usWfFhgz.mp4,1QfalfsajCifKaSRLN9UvKxOK9QCOv6PD,https://geni.us/WfFhgz,19SeKXkQxgSsf7pIh39Ima2hdYaD4Szud,SUCCESS
Smart Tablet httpsgeni.usUVptp.mp4,1LpUwQvtN6VeBD0659--8VZRmMdJXWZPL,https://geni.us/UVptp,1IU8A9kFZXCXdwSx8lJf48eV1X-qKm0wy,SUCCESS
Smart Display httpsgeni.uszRad.mp4,1-qYyJvxKczpR2hrj47qDOyav2d2TREOo,https://geni.us/zRad,1owuzOfLD0O9nG-KfT6qiOr7AB9Ze22nA,SUCCESS
Screen Glow httpsgeni.us05X3.mp4,1bgOIxFWPTeKjuiGnWgZ3tUwKcDWK9civ,https://geni.us/05X3,1iVp4JrxxwEg71LcZZEZV1rzs5Owkt8Gp,SUCCESS
Plug Heater httpsgeni.usdh6ayO.mp4,1lEzuJNwM5gR0kLsZhOHGX6b7ZIN6X302,https://geni.us/dh6ayO,1z4v49c_DjnZW5Pbwdug2ysvF6FYS-EDp,SUCCESS
Pillow Stand httpsgeni.usqU0BM.mp4,1OAMEUK8n_e2NJWd_KZ75Uq6dT3vELyuT,https://geni.us/qU0BM,1W2eEHCsO36N7j_X7cY8tqrgyTYDTiTYJ,SUCCESS
Photo Printer httpsgeni.usiOAecDu.mp4,1gSpys50v263KWbTZbRZfXoRu_wOcqfap,https://geni.us/iOAecDu,1P5vh7t56eVC5Ten5VA3JkEBwakO8YtUV,SUCCESS
Pet Feeder httpsgeni.usqBEDm.mp4,1_b5TcUPSb6BWZI0gi0SIXemZoS_MuMCz,https://geni.us/qBEDm,1jsNUk9CmxaQijTa_jTfiKzWmOnJCzOMD,SUCCESS
Laundry Chute httpsgeni.usphI5G.mp4,1INZVmTcZIIpJeJWD4d1j9zfozA1mfpra,https://geni.us/phI5G,1CYPv832wQSAyZ7dRshHrqpZICdaDYMTE,SUCCESS
Label Maker httpsgeni.usEkkC8r.mp4,1NVzXFBYuKpc7ERgpWMSyhJvSn_AvaCwu,https://geni.us/EkkC8r,1AFrq1UOcRTljBTMjJLi-aAPI5YDAKXiF,SUCCESS
Knee Wrap httpsgeni.usb8B6ZN.mp4,1yZ1_tvRR9jXSSkMqsyzfOP18hP-C8SSk,https://geni.us/b8B6ZN,1rCgcA8l1C9Ua699OtnFS5tf6FkKx6KXJ,SUCCESS
Heat Tray httpsgeni.usZ5bSrBR.mp4,1VkoxgVs38UjWT9-ZXQ3wyUY4tsdUP0Vd,https://geni.us/Z5bSrBR,1F6dQVyQWA1PLS8Z2c0sofxKvvXtfbrLh,SUCCESS
Foot Rest httpsgeni.usaIn7G.mp4,12ms9BoZGdHcgzy9nppXb9RTs-6zDISiW,https://geni.us/aIn7G,1Po7mqzsqfpvMpGMY4jLthnlhb8MQOYdN,SUCCESS
Foam Dispenser httpsgeni.usB0AGc.mp4,1kTpjQqgChKCpl2FXOmsu3KpCORFZHoZF,https://geni.us/B0AGc,1NduHvbcEWMDv8GMhOSjW6cHHlXkJNCvI,SUCCESS
Flex Chair httpsgeni.usvOG7rmv.mp4,1WhZFJhzpGn6kyPzJB50IdkBB7pV2s0y8,https://geni.us/vOG7rmv,1SuXVM96RGaeyqTGxLvoxFd22fFfG7uQW,SUCCESS
Flat Vac httpsgeni.usltkzZ.mp4,1epsZ0Ncjrpi7bCy-d2fnqQIDAcAAFRIV,https://geni.us/ltkzZ,1bj8DoCNWa8OwkIeTQ4NA8ZHCSo0jCsM3,SUCCESS
Dry Hanger httpsgeni.usnsAEJ.mp4,1eiFp8WTrkRmdkIq1FF-Z4vEgef5fNTqp,https://geni.us/nsAEJ,1L5yGFEh-GW-GInogrWJc0Qou-pnZjXJ1,SUCCESS
Dock Hub httpsgeni.usaydB.mp4,1xWkad97cJ5lsOfPoIZINORUyAF4Cb1QR,https://geni.us/aydB,1ByBokqjd0aRWjxTPg3sBffJXcr0fj5YY,SUCCESS
Color Scanner httpsgeni.usbrSpnv.mp4,1s2qc2r6CGgDZ6voOK1I3vREvJlP9qOwv,https://geni.us/brSpnv,18soKzAsB7tYIoCIMzDzmLZw1dFONW13k,SUCCESS
Clothes Dryer httpsgeni.usJ9oG.mp4,1PEl58fXYth9-tuPp5eCxHktsR2VoGb6t,https://geni.us/J9oG,1AnXkdcCdz-XrFVdjoJ7BK-Wh2UhCn4_d,SUCCESS
Blind Tilt httpsgeni.usolSWfU3.mp4,1C9gvBSJCvUkrTPNVKtjnQdZ2fZIm1Bg9,https://geni.us/olSWfU3,1gOu8Mpo8TrAJ_yw382Qtg0sBt4mLkEk0,SUCCESS
Bag Dispenser httpsgeni.us4WncO.mp4,1sdGtLlDE4KFfgweww481ZmcaD2rfG8Uq,https://geni.us/4WncO,1C6Zgc5bRLQatk28BJvxB0Z_TtNkbwiCL,SUCCESS
Arm Vacuum httpsgeni.usTEgjpW.mp4,1M-CmWLXLfbPFwVhaqglVXvVun0axDRHd,https://geni.us/TEgjpW,1nhe8p3QTk2p_w-TwXinWQTxtXiwClqQ7,SUCCESS
AI Smoker httpsgeni.usg0xMQ.mp4,1TpFBoYO1MUyWrig5ds0CkibfHGKFsMko,https://geni.us/g0xMQ,1XMcs1OkNOyKlFBNoJenLW2kL7W4EuiXD,SUCCESS
Triple Cooker httpsgeni.usqSn8UDC.mp4,1xDGcyui0PHZ2-YfTF0mP-5-lTbyN7WaB,https://geni.us/qSn8UDC,1UeHssHOb7uAeGRjpMeH7NFDv3k_hlZAW,SUCCESS
Spice Grinder httpsgeni.us1v6RjX.mp4,1q6EVH0VZ5ZoPlhEMF_UVcVG-CZq0SjjB,https://geni.us/1v6RjX,1KHOhA6ylu3E9pis5iojbIqZACPU-OuQI,SUCCESS
Sous Vide httpsgeni.usfiJlj.mp4,1mUHXMaiZHxvvVcH3AZnXpWcekQZduZ6b,https://geni.us/fiJlj,1FEf6Z9YXmL3RH-_SawG5vNDN44ABAM7K,SUCCESS
Soap Dispenser httpsgeni.usqA4AFA.mp4,1I1oLVQRr1p-slRKYqcTgpIK7_p0m5c0F,https://geni.us/qA4AFA,1mI983HZQ31B339Bium8SsagDa18OYK5F,SUCCESS
Pressure Cooker httpsgeni.usyo13f.mp4,1mO3QUn7MVYl0TrF4XMYJwrV6CjQmFPBG,https://geni.us/yo13f,19TJ2RcLkkXOR6QDiE21dIDqv_tT7urcu,SUCCESS
Meat Shredder httpsgeni.usaQ2Q.mp4,1zyz8Dv0-yNrnNbUdAtsC5llLetYI4jHJ,https://geni.us/aQ2Q,1uyLUKdy_o9z3_rAxQl-X0q10zJTjschP,SUCCESS
Jar Sealer httpsgeni.uslY0FcK.mp4,1SS6fnyB6vhr6Nkvk1gsIrAC5R4Ee3qCR,https://geni.us/lY0FcK,1Nb-Z7C3Blpnc9UjwkzzrQ-XTMQmuZupW,SUCCESS
Jar Opener httpsgeni.uslJgWfvz.mp4,1VB8oguXgthaUQjXsjchn6ucdNwmHvy4k,https://geni.us/lJgWfvz,1_X_ETxmVYoFpo0ytSPG_1mkjWkp1AlXi,SUCCESS
Heat Pad httpsgeni.uspH7K3D.mp4,14LeZlZZR0yuNYV7d0RJ49Eq4XvWPTDYe,https://geni.us/pH7K3D,1BGnFqq2X92UCc5QaO5wRjnxMIMiy-YOS,SUCCESS
Faucet Mat httpsgeni.usd3UCzD.mp4,17t1LQtc4_DXMWufU9Cms4fErvKKGrmYj,https://geni.us/d3UCzD,1fkc-BosaUIaIlcqLqYUnQ_ulldJt9Jsn,SUCCESS
Espresso Scale httpsgeni.uslda7Ds.mp4,1NWWtYOheRnNPeZ-48_L0TWzcR-PLLjVF,https://geni.us/lda7Ds,1m8Ror0QNAVi2wphw39jOJ2cpdGtU3YUT,SUCCESS
Electric Skillet httpsgeni.usPuSc5Po.mp4,1663D-KyB15nUmAxUIBBw7PQJrn7QdPf9,https://geni.us/PuSc5Po,1M9xSu873FcBbafczrHhrLroJcquEIa4Z,SUCCESS
Egg Separator httpsgeni.us18en9.mp4,17OcQwpWtHmaWCAhtbccZSN4e-r5001Ro,https://geni.us/18en9,1G9NKoD8CNJhbcBdWm8yPJObKGoUYLrMA,SUCCESS
Egg Cooker httpsgeni.usH0r6E.mp4,19L3IKBGyOUXkNaClZeBOXzSGpmiBSFZf,https://geni.us/H0r6E,1zKiJunBeKoJqvYAGgfh-6jQg82IJXupl,SUCCESS
Double Oven httpsgeni.ussyG9CRE.mp4,1HtXGTAMIC0q3PNkX301L07fIrJkuwx0a,https://geni.us/syG9CRE,1FzJyGVO8_r_siWlvgBzrl8_sAO5nUL7q,SUCCESS
Corn Stripper httpsgeni.usPgO1AD.mp4,13V32Gv3_6o7rwJ_-0bdBiD6qSbfzZkvV,https://geni.us/PgO1AD,12VfJ3Xe81G8JD2vUwXlIN_MkKHNnK4te,SUCCESS
Cooking Robot httpsgeni.ustdA04h.mp4,1ne3aygeoFuYOG4xk_p5CiFP1bD5Lq9AO,https://geni.us/tdA04h,1HFzAa9SqR8tt9jYwwxP4LrIm3HRnp4yF,SUCCESS
Coffee Maker httpsgeni.us9yNB2.mp4,18aikcCb-BvpVT9jaVW3SqMDsWXX9fEu4,https://geni.us/9yNB2,1C9fUGPW19IcespFZijRsIV1FdSiETMUl,SUCCESS
Ceramic Griddle httpsgeni.usZ4Jfv.mp4,1vZkKrB0f3U4gOjaoEOAQ9_XPC0C23ZjD,https://geni.us/Z4Jfv,1xY5CdlL2aC_D6ldmrbheAFJltMmkM7hG,SUCCESS
Camping Grill httpsgeni.usrxMeDKY.mp4,1Eu8bYfUpMHqf9Bb6-C2YZmIFweqxSnXx,https://geni.us/rxMeDKY,10O9i-6j-YtdXsGZAfDxXicSDcnjBQjEH,SUCCESS
Burger Press httpsgeni.us1WOCeg.mp4,1PfMurAYYoqxx1CQY4CinydFM3GBwE9Vs,https://geni.us/1WOCeg,1yi-5WDINYw0IucOk1FIrvtfmtEtOCV93,SUCCESS
Bottle Opener httpsgeni.usN7M8H.mp4,1pBcMHzMZbL1zh2RajFDSR62QR6Nsp4I3,https://geni.us/N7M8H,1yLJte_qh-saLWK8meakTS8LKGG6mR7VK,SUCCESS
Auto Peeler httpsgeni.usIJmgQJ.mp4,1SFtJ3F5GIl8R-M1Rc2LtbBMf_w5OeNHU,https://geni.us/IJmgQJ,1ImIoOr1OpQnqH6Rr3Xl__GHAXe913guT,SUCCESS
Weather Station httpsgeni.usR6aC3CT.mp4,1FH0-LoXcyvKBDrW1uagiwQqdx43NEypy,https://geni.us/R6aC3CT,17SLE1556RvEn8g_lIqPGzj6xHn7LFZW4,SUCCESS
UV Sanitizer httpsgeni.usICvDHM.mp4,1X_R9VsjcniFbOglahJxPk2Dn81NS3AhR,https://geni.us/ICvDHM,1BfjeQr5jm1ut_3bnuqyFelX4gpu4cxAF,SUCCESS
Swivel Protector httpsgeni.usEjXl.mp4,1v50UWZUAYn0Zi0cORZaFe3qOHBBsvaWw,https://geni.us/EjXl,1AKNAPwKSEgFPM6hkNMDDeVXR7EF_kK-S,SUCCESS
Spin Scrubber httpsgeni.usal3ZN.mp4,1y0UBTTqiiMbzycViG_0lDJIqi7OGKJji,https://geni.us/al3ZN,1K2Jl_7RsE8Cy69ktBTVEhW1-rYZhw7WB,SUCCESS
Smart Humidifier httpsgeni.usI2cXS.mp4,1wpX5qqQuCob_eMNFxLmBKaLuV5pck0tp,https://geni.us/I2cXS,1trHj8IgadDgdx0rLbFKPbGPrcxGP7gni,SUCCESS
Smart Fan httpsgeni.usRiHqs2.mp4,1fJZYiTdpSjZdpsaV4G4uPelWHebc-ogH,https://geni.us/RiHqs2,1PK8ayXCj1JDxYvon35f76UIebr0Zg_SE,SUCCESS
Paper Holder httpsgeni.uslEEE.mp4,18JCodqCmVbQjREIgYyAavkTKAcILbRn2,https://geni.us/lEEE,1lQgUoAJnj4FZaS1p1X1I1rZRFmlddd7x,SUCCESS
Motion Sensor httpsgeni.ussxv3S.mp4,1pknTq-JMDif9e7g-jegjmyyPCFLHlQUd,https://geni.us/sxv3S,1uZaf5xTAG73EYIY4Bvxd3xi3R0uQMlzZ,SUCCESS
Lifting Jack httpsgeni.us83itpsq.mp4,1NOeXuQWd8QB5xTj1q8rNOBHsJWkGEJts,https://geni.us/83itpsq,1Tr_G-cR48kvX3oJUhDUFiDz7eHRk0wQi,SUCCESS
Laundry Assistant httpsgeni.ussQei.mp4,1AGUfUOW1KTh34Jz8Lixqz5hUjAftIS8K,https://geni.us/sQei,1qpFHanBb3GbuSXo0GuklJnJ6iwUOdZOz,SUCCESS
Laser Measure httpsgeni.uszO8m7Z.mp4,1sE-D5efNyVpHkyeENKZefhuS6Y1_JSmi,https://geni.us/zO8m7Z,1gZggFd_Z5ptEoRhMUDqOnR1y7czg8tw8,SUCCESS
Inflatable Pool httpsgeni.usLsHkk.mp4,1bZ6jjzAct7sNXAqoDchX8mEdsrkRkchd,https://geni.us/LsHkk,1AfZ-j8GC312DuYzzaPqdennoFqY_YkiE,SUCCESS
Home Gym httpsgeni.us7gskY1g.mp4,1-oy_qPR_9Ie9f3p8362z5AsCKDLZ_ZXO,https://geni.us/7gskY1g,1z4nODy9-nSTC8n1Up8jMJBrf1NCVTVT1,SUCCESS
Heated Towel httpsgeni.usjkFBz.mp4,1d6pg942_nbBDhyJnMU8Qui5oVKjKfIRC,https://geni.us/jkFBz,1jHGC0j3xUJGo2liKQiJlaahUgVu4Sg79,SUCCESS
Gear Dryer httpsgeni.us2InT1Oa.mp4,1jQMlfzMNWdcjXLwekxt4loOKwPHm8zce,https://geni.us/2InT1Oa,1zOK2VjYWDh6XEKV50Lmz0QucKPhfIqMo,SUCCESS
Dual Lamp httpsgeni.usYvDI.mp4,1BoRrvNoislT6RezW2LmVZuM4yFA-307z,https://geni.us/YvDI,1WDS4itPm83TV5U1qkUhflFH-ffG96Wfm,SUCCESS
Desktop Board httpsgeni.usEF0N1rr.mp4,1aA2vLyj5lD26cnhpUYcVBQEWvyHwsz-g,https://geni.us/EF0N1rr,184HgUVvXkGaSsYj7oxsqj1Ke1TqSarf-,SUCCESS
Cordless Brush httpsgeni.usgFaNG1.mp4,1QMu2QKSRTCZewD_MNYgVCchqavCiJWHk,https://geni.us/gFaNG1,,UPLOAD_FAILED
Contour Gauge httpsgeni.usBTAvlT.mp4,1tIYLw_nZOSllWTyDKm6Z8Fa6x9Omul45,https://geni.us/BTAvlT,1izI-Sg1W5u1vsOkiSofQt9k1W3Uhtm0d,SUCCESS
Cleaning Robot httpsgeni.usom5zhq7.mp4,1_GlIp-jJQfEsjsvC_8IRevfp948o_rDM,https://geni.us/om5zhq7,1zVIc9q314xazEeHFcwGqj_eey5u4ZMjb,SUCCESS
Air Purifier httpsgeni.usx1suMO.mp4,1ULc084XK7j7RHfcU1oR7L3WSdLebGxQ8,https://geni.us/x1suMO,1VAUFfKVSKW9XPyS8Hu6I4__wXQkFvscY,SUCCESS
Air Mattress httpsgeni.usPfLEdbc.mp4,1dXObY7M1Fd_CVFQPSjFM20EByqNaNZqD,https://geni.us/PfLEdbc,1v_OILKGYJ34wQAcuSHtMZaImBbVVnZfU,SUCCESS
Smart Diffuser httpsgeni.usuZRHg9.mp4,1jAQL0O_g2ZjWYCECxPhUmJbgC5FGQZhU,https://geni.us/uZRHg9,1oUqWAhdRI7_TW4PaUYYAYl0gqbVeMa-7,SUCCESS
Window Robot httpsgeni.us3uAy57.mp4,1_lQxM7tQaDTyzj9K3kud_n8ecvT65Qb5,https://geni.us/3uAy57,1ijsQDA15Ub8OmnmRWR44xWpXZ7mWhkOh,SUCCESS
Stream Deck httpsgeni.usQrkIr8P.mp4,1h3E92-7N-XBwPqMxIFMAdfhDbpb3RzpO,https://geni.us/QrkIr8P,1gKvuGdiIc5HvDoNFUZPbERZm7hs915aU,SUCCESS
Smart Table httpsgeni.usBF0Cuir.mp4,1WoBfOJVTI6b9p6rFz_UHU2UZCGbShexQ,https://geni.us/BF0Cuir,157A0ypocSfjzy-0wWYfNVBtGAW257FYK,SUCCESS
Smart Recliner httpsgeni.usJkD1qA.mp4,1Ul6BJchavK0ReLGv6Q3F4JDjXq_uvNTs,https://geni.us/JkD1qA,12jzNct5u7K7ZUMEKKEooOVKSQF1yUyxN,SUCCESS
Smart Planter httpsgeni.usWfCgk.mp4,1OFQOWPLrBGYSqRgOwPNPhQiWJ8tW-6Ig,https://geni.us/WfCgk,1JeuztTifGjAL9Tbw1T4PxJ1rdqs9_QnJ,SUCCESS
Smart Hub httpsgeni.usDw5o4.mp4,1Ba7dm458CwoioGL-xeHohKlr-nAtpj2q,https://geni.us/Dw5o4,1f3WwSnbeZbe5BEBMmxFHD_HUodg5l-rK,SUCCESS
Smart Fan httpsgeni.usAzTbflq.mp4,1KVKIowAYEH7znrtMBCy_FtquxK8yElQk,https://geni.us/AzTbflq,1vHgei1TxJtxPyu9Tq02mO2zMGmeBp9pE,SUCCESS
Rowing Machine httpsgeni.usHId9CKn.mp4,1wIO4dz1ASVkJ1r67XHh9Mk2Qco2nMy7P,https://geni.us/HId9CKn,1L98jGkrJJpmXpB4xthqMxWf_wrrVrRbs,SUCCESS
Robot Vacuum httpsgeni.usxp0FgOj.mp4,1801OFUmmSilfdbHb2B5PRN2nsnvDvj8O,https://geni.us/xp0FgOj,1PpBT0Yo6YuHrKI7TyBR5br1bYYu4346M,SUCCESS
Robot Charger httpsgeni.us64ghy2B.mp4,1jHrVNsSWtoN2dTLLoyJJ3ighjuza_kN7,https://geni.us/64ghy2B,1WTZdh8d_czN__injQgSNssoTEJCm87Pz,SUCCESS
Pixel Frame httpsgeni.usc7OYA.mp4,1plpUgZOQH7gthyQqr-3yrtcPm9aDtz4Y,https://geni.us/c7OYA,1lvFY0U5BRveadeM0cOcTcckOH2ZUK9zh,SUCCESS
Pixel Clock httpsgeni.usv3Z33G8.mp4,1gHrdLenAcjiZyKsmR0-SKsf02Pb3iTlb,https://geni.us/v3Z33G8,1E6Iu8fS2Vxe2bskx9CWuDUBK_rzYdVlE,SUCCESS
Litter Box httpsgeni.usBAe4T.mp4,12qGEuSp3Qwoe8gbtPPD9orfdVNdWra1o,https://geni.us/BAe4T,1zcXui6ngVsYJ-_k0L4MilZhA-xntR5nV,SUCCESS
Hologram Fan httpsgeni.usFTyjDFe.mp4,19tA9ozduH9D6ByDlROu4iOwBg3iTMiHn,https://geni.us/FTyjDFe,1Bla2hqurTpAKI2wcek8A2klO1LvTjqaq,SUCCESS
Gaming Recliner httpsgeni.usVBhHquv.mp4,1uFPBJjiwadeBQjHiu9UbOyfzWZniYig0,https://geni.us/VBhHquv,1f47TlcmOIqAcnbtqKWR34zmGCwDfZ7s2,SUCCESS
Drawer Safe httpsgeni.usVojQf.mp4,1R3oB-wFmBAVJKjG0N_Wa6AwyPq1hAP0w,https://geni.us/VojQf,1iKs_BoaoG-YHhjSBgs1g3uTCCQjb12M1,SUCCESS
Delivery Robot httpsgeni.us6Mz10X.mp4,19BO2XoMgbBs3oQdMh7qlhYvXyVFRlUOz,https://geni.us/6Mz10X,13kwuocuZ-8fcjLLkyh0PYnKzf5s-5Huv,SUCCESS
Chess Board httpsgeni.us9WV6wB.mp4,1AZmjXmD2mXR6CMB6sBPhtgi-Kn1d-432,https://geni.us/9WV6wB,1R7WwZJCXCbvEdcpwyqw4gyMEnEKB7B06,SUCCESS
Bulb Camera httpsgeni.us1XSE5TW.mp4,1EKefJci674W3NpvLloX5MLkL8PDbglyL,https://geni.us/1XSE5TW,1bl3YpQ8m-KRYWrhe20JF5Fe4JwnX26FI,SUCCESS
Bendable TV httpsgeni.us9LtB.mp4,1lDSUqX62Bswm-cxSbK3UJVL_46S5E2TS,https://geni.us/9LtB,1W4ZdUDBVpupwzPV0AU0whl4aONjLc2SB,SUCCESS
Bed Tent httpsgeni.usWP6fL.mp4,1T9E7c7LkQDw-3VsWiYPCahPFU6taBqbT,https://geni.us/WP6fL,1cGEQTq3xNzxAFerzL-ZvcMOobYwjgR5J,SUCCESS
Air Purifier httpsgeni.usqOsqLm.mp4,1d7YYV-DGFNsHDfQJOKilQ07p3p8gtAqZ,https://geni.us/qOsqLm,1cxRFuwLkWok9I6xyu4V9sUyW6zhBqWhW,SUCCESS
Toilet Brush httpsgeni.usmsyxgv.mp4,1gATPGzX7Pd9osQrWFdHOGpuylUsLmnuH,https://geni.us/msyxgv,1uDj6tvserzgjbpczPSLrZA3A59ufVjVg,SUCCESS
Snow Blower httpsgeni.us6IWCGA.mp4,12PlmM8hGGYFzHlYlU_3M0H2qNz7bvemk,https://geni.us/6IWCGA,1z6N1oake_X8M9pbdAxD7LgFBth6FnPLo,SUCCESS
Smart Table httpsgeni.usynVAkR.mp4,16GXtex9nUH6q2kpzjp2L7YuUHS_-9lh9,https://geni.us/ynVAkR,1tc_NCN-Xd1RfnZnZViu4GsPSIq5Eit2E,SUCCESS
Smart Table httpsgeni.usOlHe7E.mp4,1-sp-TtD_TbZAXwiNsdXWS4PUSVHVKNZe,https://geni.us/OlHe7E,1WXWq3EoSiR9u6A9sK-yOtfPECupSMqqR,SUCCESS
Smart Blinds httpsgeni.usCNtVEf0.mp4,1v_RKSFJ2vxLwFjg9Qj2TiBjI-KAzLUKh,https://geni.us/CNtVEf0,1DEHDMe0g9eokMAl0fvkxGQnjI_9cHaGr,SUCCESS
Smart Bassinet httpsgeni.us79JvAPr.mp4,1gFRuVEiG6_i6YUecG032EbYsveGN2qYv,https://geni.us/79JvAPr,1LMgV-0skUoTVbKVQHDl92lPwqDvvFOL5,SUCCESS
Sink Workstation httpsgeni.usGb0N3zm.mp4,1tk28t5avv9wVtfYwyljuh16kFpNFQlVx,https://geni.us/Gb0N3zm,1eIOY2e9jsU42fPxcPT9mar5uWL7bKCcP,SUCCESS
Shower Pool httpsgeni.us99Gfl.mp4,1ZREcHi8OqOisGh9tkYIa5e6WjkMSm43U,https://geni.us/99Gfl,1Ej6gKq1YBqinJ-tTRxib6pcCr8U2e7p2,SUCCESS
Shower Caddy httpsgeni.usOcAqBk.mp4,1a9t4KeS5MnJj6DH8leUOHb0zXu2V6QGy,https://geni.us/OcAqBk,1Ifin-bbjWlWea91ETolPQEnfkL7GLxMR,SUCCESS
Rolling Camera httpsgeni.usmIuP4It.mp4,1pqhVrmA1l1i_WZDgpGhsQhteSu5ENH1l,https://geni.us/mIuP4It,18PNprd0iT9lWlduF5frZ_D1dr8lpkDDV,SUCCESS
Ripple Lamp httpsgeni.usqBfBpS.mp4,1FtlP5FXxNDCXIGSjb9cj6hhnyz98KpcB,https://geni.us/qBfBpS,13uVSQWZAKPNq2fUWJEdR6YVjmaW3ZIPO,SUCCESS
Pull-Out Organizer httpsgeni.usppOz.mp4,12lJBBfm_r63B_-QKxhsHCX96u6Ou-GAm,https://geni.us/ppOz,1AVhmjDZO2CpdoPpm2f1WYGEyIH9LyZEc,SUCCESS
Palm Lock httpsgeni.usk8XRd.mp4,1DGQu_0i_rBaP5laSL1xvPUZC2ofFDwus,https://geni.us/k8XRd,19QEjjux5b2kL3YeCMsApyjEQcCMv7yfU,SUCCESS
Outlet Shelf httpsgeni.uscjwhNy0.mp4,1fQcD7atHY2FBTAE4VTUJEGif_ICesx5Y,https://geni.us/cjwhNy0,1VylLN6D1AbWMkdDeZ9wJy0_TDa7ttSP5,SUCCESS
Lawn Mower httpsgeni.usDs1E6S.mp4,1elcRiNLP-87BCnWUOeOqEbG0WXuLuJTG,https://geni.us/Ds1E6S,1604gCJourafWuNcomyuQTYArre-PaAQL,SUCCESS
Gear Rack httpsgeni.usjlt9vD.mp4,1kFl4E3OskTPXp_gXYOH4D1V7HMxohq_B,https://geni.us/jlt9vD,1MK25NC7OQjRLyILzJMCAUiOBc7a8rI9B,SUCCESS
Firefly Lights httpsgeni.uslBc3K1k.mp4,1JgFAaBLPcc4O_zSdx_XCPPStKQsENpES,https://geni.us/lBc3K1k,1eWEebc5DlZu7aqC_7amFP0sPEj5fkyQJ,SUCCESS
Dual Camera httpsgeni.uswAvrXUj.mp4,1VHTzHSous0ufR9nvwmTdp-2eY1bh1XcR,https://geni.us/wAvrXUj,1Pi4OH4q7-5Vv4J4bggZuQBeJW8Aw9SR5,SUCCESS
Climate Unit httpsgeni.usC9Hc2h.mp4,12hE-ONLSnPUbiI4QRyQ5cEU3BSTjqZZQ,https://geni.us/C9Hc2h,1lho03BpYCEWmdkKIPkaT_U9_4WDPO3KC,SUCCESS
Bug Repeller httpsgeni.usF8NEMCM.mp4,1dBbTNqzsYYvEmuprgQSu9_VhQj2N-rbU,https://geni.us/F8NEMCM,1ETABQXIByEBnDAth_mCix9nc2FTYYW4T,SUCCESS
Bifold Doors httpsgeni.usA6Tl.mp4,1vA64-tAnmd73kp-tbfMlNYLIwPIUKflw,https://geni.us/A6Tl,13R3tkW1s8IV9z1rxE9doiNrI6rzPfvmg,SUCCESS
Appliance Lift httpsgeni.usSoYX.mp4,1R3zRjwN7LCjSditWQ8DCj0lIUN54flFb,https://geni.us/SoYX,16k5_PG5Kx3wpzVZC1iAWksP74DVY8qw0,SUCCESS
Touchless Trashcan httpsgeni.us4UFn53.mp4,1FmiFYwZq9R6iVr2fohcO4SNf-86HVmMx,https://geni.us/4UFn53,1z3KrXSyVqHhz15kqGwDa24gLjC3P4zvN,SUCCESS
Sunrise Clock httpsgeni.usY7qHuf3.mp4,17prFApf22rnyPPXvrOT3zdPLqkOVVWur,https://geni.us/Y7qHuf3,1LllvIHVH5k9QOV7AncnfiAFKnVMi7F_F,SUCCESS
Steam Press httpsgeni.usT4t4FBJ.mp4,1wZGfMnbpE55TjZ8yaUna8-PLDR3BtYLj,https://geni.us/T4t4FBJ,1og-srw018EVNuzNs-3FJhwDeToCjDFeV,SUCCESS
Spin Bike httpsgeni.us834a.mp4,1HkufZe4E9m2EHgg4H5P6taa5CIOz9FI4,https://geni.us/834a,1ooHKprz_xBLEvbKpZ1KJZ1IKLg1blxi0,SUCCESS
Smart Scale httpsgeni.usmU49qP.mp4,1P0szAAUHn0mcrH5lztPNV0aQ3-qBaZ0G,https://geni.us/mU49qP,1GVUWwM1MK3G6NGBTdaGnWTPGRz2oxtnh,SUCCESS
Smart Lock httpsgeni.usrybZ.mp4,1rq6hhfcC9pVsVncPA6mSEXcxFWPImODK,https://geni.us/rybZ,1ZczALmDu6HQgkF_Fz3qzIzhlU6TzxtXf,SUCCESS
Smart Gym httpsgeni.usTYSIfj.mp4,14wAgH7vBkCkAFUUk0BJSV4U9Bnt9DV6s,https://geni.us/TYSIfj,1ftUf3Vapmp_94WDFJrzEP4ANTwLscW5u,SUCCESS
Smart Display httpsgeni.usTH8LP.mp4,1VH-RDjwnWnLJRVHzTzxPHyHzhux1vZBv,https://geni.us/TH8LP,1nZPN5UAtkkChTnQ30xi38QuMGBLwLHHF,SUCCESS
Scent Diffuser httpsgeni.usYTqup9.mp4,1LV1QcCC8TaVBAhCatGshSh8UkUH6JYRK,https://geni.us/YTqup9,10ZR_a3F3ge4004I0_YHaj9qzuvvLJ0IN,SUCCESS
Robot Mop httpsgeni.usEMBqw.mp4,18olUrg00vrsCBOF5q2b4NWpRSxQqwdOA,https://geni.us/EMBqw,1dSrAWPD5YjbrO6hZEfKTu_TZMUr8z4Hc,SUCCESS
Pet Camera httpsgeni.uscUV4ddF.mp4,1rSIooxUK_HLuKY_GeiHjqAxtZzUT-W5x,https://geni.us/cUV4ddF,1iFaH4hyIDbO7J9tAf_muujQ2HUKA3uuT,SUCCESS
Pellet Smoker httpsgeni.uslvc1z.mp4,1-LGSD4KY6tz27KgDbbtPKwpRsHucJPey,https://geni.us/lvc1z,1GcOF5sVHeSC0pTYUT-qqaXmZe4NM9nnq,SUCCESS
Night Lights httpsgeni.usD3cAC.mp4,1-xVG1qgHnQj2ArfwevhHN_9kkvS455ip,https://geni.us/D3cAC,19QXBUuMIy_RE4_vrBB_tr2ZLHKjop-Nu,SUCCESS
Mug Warmer httpsgeni.usoO5jc.mp4,1Q2rW1b3no4PhDYJCygl6GDM4UarNyWj4,https://geni.us/oO5jc,15rlYWKFjF_MbVBm_mj5pr3LiS8TxHmVS,SUCCESS
Motorized blinds httpsgeni.usfHjo.mp4,1KesTxI-drV4_ggYkHRyXAbIo5jlhjqkP,https://geni.us/fHjo,1L05djIY6_GeGw8K125Lk31DK2XW4w3R4,SUCCESS
Litter Box httpsgeni.usgDFj5q.mp4,1K7l3CcK9ZkEiExY_bcBLc-AslIZDjBdW,https://geni.us/gDFj5q,1cgald_sbTvDkzLhccOIwAr_7bOBSK1RB,SUCCESS
Gooseneck Kettle httpsgeni.usZ9vH8GX.mp4,1EpsWysf5owXW1qAQfJAom9SOJ-6zaB_g,https://geni.us/Z9vH8GX,1KkI8n8pf9hpS4GYeV2Dm2X5E_7HY6Chb,SUCCESS
Floating Nightstand httpsgeni.usfaUwE7g.mp4,17r35EBbosJ0_FeECp8ILbpE_GLfHKiG3,https://geni.us/faUwE7g,1aIAoxgjkMP6VV9i2rYMBZdgAfy7Ov7lN,SUCCESS
Faucet Filter httpsgeni.usN8WvZ.mp4,1zbQ4ZPCRRr2f1ZTppawHs6wPNPx6ju97,https://geni.us/N8WvZ,1pFs0v2VM_I2OdMVoexXqN0UBteAGYL6H,SUCCESS
Calm Wearable httpsgeni.usev3p85.mp4,1AzArWU-_SkLKHx7eJ91KxvO-LG3t4dId,https://geni.us/ev3p85,1sURWulTiOJ8NZpxzj826P3BgRaAU5U37,SUCCESS
Bidet Attachment httpsgeni.usvs8ruF.mp4,1fIkokNBdW-fX---cnTXDIYev_AMJiZIc,https://geni.us/vs8ruF,1yZsCOuh_wOpJCnrGNasTDYvpXtO5NYgR,SUCCESS
Triple Timer httpsgeni.us4eGj.mp4,1N9FHnM6DhqYQWC6Wr8hb8SdiTkaNuu9o,https://geni.us/4eGj,1bXT9uLqPNdGtEF0zdxs4bg-sZwB6OYhA,SUCCESS
Compact Blender httpsgeni.usl9Ddp62.mp4,17-fCZbXg2mudFvMUn0OGfNyW0yOZ3UKd,https://geni.us/l9Ddp62,14leBnF0C5m_tgFjWPsVKrYK1rELzhHPp,SUCCESS
Milk Maker httpsgeni.us3lliozG.mp4,1uhLpi3IHQavfFCuhrOGcanjjoxJ7SqST,https://geni.us/3lliozG,1D50-Kt-PExkN18WMBKJ9yATnx2sYn0r0,SUCCESS
Herb Garden httpsgeni.usyabfd.mp4,13A5LqvGxFusnaA3oHeZX4b-PobklPEnb,https://geni.us/yabfd,1oIeMr_u2YXi7n7YS1rFwcARmkOGJGae4,SUCCESS
Knife Sharpener httpsgeni.uspeM5.mp4,1ZfthvjO7zhzBC1rEiPfXykKa2wUXrcBP,https://geni.us/peM5,1weqttBauwqtOTHp4_4XJUQR_i-S99s9y,SUCCESS
Mini Fridge httpsgeni.usZ1cylB.mp4,1LR0d8TNP37TFVbIrcwUyVKVYGPo8yHOG,https://geni.us/Z1cylB,1JPcQBIQwmXQ3RlAFCe7-3bTxjMe4cDAF,SUCCESS
Water Carbonator httpsgeni.uszZcm1B.mp4,172YRuAutFbTkoK4Q15EuWloqz44575Yz,https://geni.us/zZcm1B,1suoIj4OqJSghh8Z0iU3w-5U1Yp529j5-,SUCCESS
Smart Oven httpsgeni.usn8t68.mp4,1Zn08Q0gC6v49xXNJydgI5YdCfG2wM6TZ,https://geni.us/n8t68,1uTQP0DkdENIquaCxmZ7NNQrgdt7HIKIl,SUCCESS
Terra Kaffe httpsgeni.usryjwpNt.mp4,1A4Xk8NrZTpmxoAkIeiqg2M09Dx__hKH4,https://geni.us/ryjwpNt,1Cr8T9wzrKvBdcbqr7lgSHp3FzHfoZ0mQ,SUCCESS
Juice Extractor httpsgeni.usfyluIZ.mp4,1x_RH20-TlM2hpbKuLDn1LJtQVt2aLoJe,https://geni.us/fyluIZ,1jS74IAKlfqFbRRjhCYoBFZUmDsdF1fsD,SUCCESS
Air Fryer httpsgeni.usryjwpNt.mp4,1x0Dl2rnZzojuPo4YAJ07cLWroOSCP4qt,https://geni.us/ryjwpNt,12r1wm5ftQjim7f5_Gq_c9Z53dadKu2oe,SUCCESS
Popcorn Droid httpsgeni.usMZuo.mp4,1BTkYwfc7_E6pTQDqkPVPi0XMfyU4v2Yo,https://geni.us/MZuo,1SajAXZhvqB7tLprH35snUd7LFDQ_lRAe,SUCCESS
Pizza Oven httpsgeni.usSuuCOBb.mp4,18mTNbQBIicemDwOt-I2AGXO_xKEuD5se,https://geni.us/SuuCOBb,1YvqPAbszXtaHLzxHcIa8jpSHrciPWP0B,SUCCESS
Slush Machine httpsgeni.uss3QozX.mp4,1YsryS2Kk_VTtv7QljTx4JxWhX5wIH9mo,https://geni.us/s3QozX,1w4toHwTKdq6zvNS6gKY-mdpcnen1LMKG,SUCCESS
Mini Scale httpsgeni.usg0rUDh.mp4,1893-ca9-GGduFF_hGpnlmSfmV_Ksle1v,https://geni.us/g0rUDh,1sVtVhfijhpl5LGMmRhmcn6PtrBo4RWGZ,SUCCESS
Robot Chef httpsgeni.us5XMcb.mp4,1jrCdIBdzylZEJNIGlRiDrLMozM2KK-Qw,https://geni.us/5XMcb,1zj4AGO6tYPfZ0AwexoKa1DKGHl8PAiBF,SUCCESS
Smart Fridge httpsgeni.usorFs.mp4,1eztWf0bj2f5SleL74pEsIysmEZwto__I,https://geni.us/orFs,16YMaLgnoPqUeNsNll-Uft0SW1aKaoVXm,SUCCESS
Infusion Machine httpsgeni.ushJv6V4.mp4,1lgrBSz4wsqaLV_wra_BLdSs9WYosME_Y,https://geni.us/hJv6V4,1ErldFO7GYt_7MsKHHJbqq9HzS6GZI719,SUCCESS
Cooking Pot httpsgeni.us4QNLT.mp4,1IrBnrmkhMWYmutaw6YPv9aL-mlWv80-J,https://geni.us/4QNLT,1tM00slAd9scsDx97nqIJwxnyjduM6lkb,SUCCESS
Ice Cream maker httpsgeni.uszfrge.mp4,1V1exj7u6frG1iZmqXsaHHCTq8WUkwV4_,https://geni.us/zfrge,1IfwdO4lpiS2IuUftQrjfejzXId79g6aI,SUCCESS
Cocktail Maker httpsgeni.usCSOoDo.mp4,1dOkRL7-yHspIwBLyngeTElBff2Dr9DxX,https://geni.us/CSOoDo,1sdy4YgQmh_eCGm8abi72hfF5ODWyqcrK,SUCCESS
Sous Vide httpsgeni.usXoEJlnD.mp4,1g3NG3uzcTZT4YV97eer_Q5ADwZ-F3k41,https://geni.us/XoEJlnD,176B-2TtDki6vhRmOIQ85RWQYJA-kk1Ic,SUCCESS
Touch Toaster httpsgeni.usDaNkGN.mp4,1eKlNbdDEeLZcqlkNsy7CcUmilSS4NXIV,https://geni.us/DaNkGN,1jdY0mc-hKNXdzyqThTnGa4iA-78Lc246,SUCCESS
Spice Grinder httpsgeni.usUdEh.mp4,1FAU5Ysr4kup2Ons1PXl6otPEFSPYvLAm,https://geni.us/UdEh,1xG8BJDCk-5n-T8JVT3Kr8ZlSLJ_fGBuO,SUCCESS
Smart Toaster httpsgeni.us4v9E7B7.mp4,14iOPJajr7VHWUVYi-buyfxLosrxAgkgh,https://geni.us/4v9E7B7,10hxQS37aiPw_G6ZfSx0vcsz5oYIdTWNJ,SUCCESS
Milk Frother httpsgeni.us84GXG.mp4,1HMUanFLZYqzKNQvLIJNO123GoutoFsuk,https://geni.us/84GXG,1tZZ4XS1cutwcMO4IBh9owi0N6RqXV44B,SUCCESS
Meat Thermometer httpsgeni.usZS3Usi5.mp4,1XhnSQDWC0MuUHWWlx5ervv6DrFeMU0Ii,https://geni.us/ZS3Usi5,16MTg0MaSEqJ5YKpFgT6_I67Vp63jtqBt,SUCCESS
Meat Slicer httpsgeni.usoOp5.mp4,1N-7txZWQzZX1y8gUdp8Hh2vF3fWfddKK,https://geni.us/oOp5,1DNYAbs0Fn3h-vxWsA91tBdWiHYsv-W4G,SUCCESS
Kitchen Shears httpsgeni.usLlKBAk.mp4,1R0CS4Dl9Yb2mGjK2xSaVbkCiQ9tI_Sp8,https://geni.us/LlKBAk,1dAuErRMaiVkrx0cNcRpqD0VK0Qy_OpYv,SUCCESS
Kitchen Scale httpsgeni.uspmQuF.mp4,1Xd1-VqvEQZRnVht_ngKbAvBfblG_A74R,https://geni.us/pmQuF,1KA-_ofL09lIovJuViOd2nLjASwh0zFPB,SUCCESS
Jar Opener httpsgeni.usEA3vVY8.mp4,1wbeeqPGbnGrY7uSr3aOovt-6jwY14mI0,https://geni.us/EA3vVY8,1fZCuzEWc4qkauHx-RsF4PkpiiFxau92V,SUCCESS
Induction Cooktop httpsgeni.ushLSXG.mp4,1MK0p9KM_vtbJn3uI9jd0xFpYLwlFGd9D,https://geni.us/hLSXG,1iGnxsxmxLk5oh4aagQI0K4J4aQMzAqcd,SUCCESS
Indoor Grill httpsgeni.usF9LrFL7.mp4,1wRlx9_KiKkNleCvw07lsMJAqjAZ1dFDF,https://geni.us/F9LrFL7,1zDAag09JnsEp4ie4UQKD9qRX5RxlaFrw,SUCCESS
Ice Maker httpsgeni.usYo0d.mp4,1qxO4-bRJC5wpDPCr6M_D8PT84lZVNgLY,https://geni.us/Yo0d,1V8o67iEIzpgQ83P4PQ7ZUtvq-9M_TxJA,SUCCESS
Handle Covers httpsgeni.usYMdmg7l.mp4,1tndPyPX7x6JRYo3zVCCHHSw54BynN9mo,https://geni.us/YMdmg7l,1VxkJRfrQugllzHg6y_Ixwf8WynnTG7fl,SUCCESS
Fruit Slicer httpsgeni.usQIRj.mp4,1tSPrp8OvLZuEiOn6LD5eStR7vazryg9v,https://geni.us/QIRj,1BxH2UaTI8g2N0qKJxk7n5cM26QazAKdg,SUCCESS
Fridge Deodorizer httpsgeni.usfAuT2.mp4,1rhXMaL77PDoCRwZ0qORGaEbGEJnuazzJ,https://geni.us/fAuT2,15_XH0GP9EyldLC-8RzErDij76or6Qi0m,SUCCESS
Food Dehydrator httpsgeni.uspkFlA.mp4,10rTxy7HcsjTghDWa5YKJ6ZvP9X5q8vEC,https://geni.us/pkFlA,1aU2ZAp7FdZj6bGrtzZRQ3EkLeeRFlysj,SUCCESS
Folding Board httpsgeni.usTi8h0Gc.mp4,1HU6zUD4UEwhYq3-Gs-yIAX5OlwyvfVfO,https://geni.us/Ti8h0Gc,1Ss95OoporSt8M9SRz5siOSCcL0iB9YTd,SUCCESS
Electric Cutter httpsgeni.usAUhd.mp4,1nBldVsQspp67GwsvgmZWjKNNz4wKfvsq,https://geni.us/AUhd,1k0J_lJAeec7UJnZS_Neq3_s8XeJZTHDy,SUCCESS
Dumpling Maker httpsgeni.usB33TvP.mp4,1XVxkPL45pQC_f5l3zMX1KFpEF83wYBMW,https://geni.us/B33TvP,1e-h4M3dgnD4mHbuosp6qnCepoeTxcrdR,SUCCESS
Cutting Board httpsgeni.usKe8o71.mp4,1QxPWCsdl-DioVH_ONj0wCNEa1jHRCSZC,https://geni.us/Ke8o71,1BZM-F37gWCE8ASjiea6OrStJtAm6V1gC,SUCCESS
Collapsible Colanders httpsgeni.usJmNMciv.mp4,1CCHqhduyIvlp5wQQw7G4ucNj_8u0RsjR,https://geni.us/JmNMciv,1Td8t0IRYmm4CAXQnpr-hS4T9Ngipvo0X,SUCCESS
Coffee Grinder httpsgeni.ush9BFYso.mp4,1WDNMaviPnWYhPMTD2nzC2v4wWxrIQtbZ,https://geni.us/h9BFYso,1-T1gWJOvzwPH1l8C2o8g2D5RToVPTdaA,SUCCESS
Cocktail Machine httpsgeni.usJaPB.mp4,1EOXcr4tF8gkC34VX0OeppatAGPKrewOu,https://geni.us/JaPB,19JZS-pcIv_uIdlg0hv5cevvfvfVw-cW8,SUCCESS
Candy Dispenser httpsgeni.usoTVT7Q.mp4,1JiQzBpWECiUUYLGABpKeUha5HJDXPsIE,https://geni.us/oTVT7Q,1suHjDBVvYZ2l9UG67CH-cAPYGzU4pvUb,SUCCESS
Window Kit httpsgeni.usF9Jw.mp4,1kI2QzzMwIj2R5Z4Rn2qiBSw-gfO-EF_l,https://geni.us/F9Jw,12Zw0XFEBCgQpBEsAwidn_xIdYp3OrIsT,SUCCESS
Weather Station httpsgeni.ussbpod8A.mp4,1Jnlob0E9htcs2jIh0FHR0BbDEcPGwkBn,https://geni.us/sbpod8A,1QOTUT_HtWF26W0rjE_XolKg0hjP37QnM,SUCCESS
TV Cover httpsgeni.usMTHgKH.mp4,1ryr_jWJRMPkEXuJviACXEueKdA_955DO,https://geni.us/MTHgKH,1PcynFl2SLJHwO4AaXDaxB8Pv1I5xMfuo,SUCCESS
Solar Lanterns httpsgeni.usZN6pFIY.mp4,1JBNP7BLPiQw8yMipHvrpla70mmVWPBTQ,https://geni.us/ZN6pFIY,1OXYmSlF4Klhn-Zfjag9VaNRENxbrwIsJ,SUCCESS
Smart Toilet httpsgeni.usBZjb.mp4,1etrmxvzbdXuZ1clkoL90NRvXOMCSWjQp,https://geni.us/BZjb,1dIseMWt2MP8TzGr037l-2GzKM8v4xrs_,SUCCESS
Sleeping Pod httpsgeni.usaiBsB.mp4,1lWg_iQosvaz86v7bdfwh5rQ5-yLU6hwP,https://geni.us/aiBsB,1wPxm2elfW1EOLyCQtphEAtOFFxXBYXSy,SUCCESS
Security Camera httpsgeni.usELvxbsV.mp4,1HIp6ku7hpjUM36PI6oFJ2Uhm43qhPaIr,https://geni.us/ELvxbsV,1ReV2kx9crlA8ey9EBSFPZ1Q76zS5fs5J,SUCCESS
Robotic Cleaner httpsgeni.usXBF6Z.mp4,1xdDhfjXcWCJlubm7t0rrP3S4S169TSkY,https://geni.us/XBF6Z,1Q3DybvlQo13NS6hg5LuRUS8W-bvcYGbt,SUCCESS
Pop-up Outlet httpsgeni.usXgpX3ar.mp4,1dT32r2MqqIXqFNf6-5NQTdF-htvSsIw2,https://geni.us/XgpX3ar,17IBRzTev2hmNMwsbF91Mkce6fpnAaA2-,SUCCESS
Inflatable Sofa httpsgeni.usRbv2hd8.mp4,1I48tK-b7p_YkYfWEviTyMw8kpJriO7Z9,https://geni.us/Rbv2hd8,1YRZN8xC3eazS1VB6BvcrIfjAYMlKSPBM,SUCCESS
Hose Timer httpsgeni.usC3XRHB.mp4,1QXjUwJOyn3KNBG5YXpSJF8bkBhWJhcbh,https://geni.us/C3XRHB,1vJMk8eusGBfwwzkVTeAxjlBSx-m7YfqP,SUCCESS
Hammock Stand httpsgeni.usS4wg9Wf.mp4,1wzXjZejABk1S4caWQqvaM3AAyhFTLQhT,https://geni.us/S4wg9Wf,1r9yPz-cKA2jbohBanRrv6IjpxXQ0dNXH,SUCCESS
Grill Basket httpsgeni.us5BgEK2.mp4,1l3uG7c9mPmGOyGfz5pxMx5LMkkgcSax9,https://geni.us/5BgEK2,1IkfmYp0ljBnfa3dblWSZOjUqdYVyn-2_,SUCCESS
Foot Massager httpsgeni.ushxL5v.mp4,1WQUxn1GrzIgUvr07SvS1T2aFPzSZx5fh,https://geni.us/hxL5v,1IhrNUT2BMLID2BPfM3QVks_4mtfU7sba,SUCCESS
Floor Lamp httpsgeni.usNiSHoD.mp4,1CypQHWVxaw5F1voLXLUDwoItHBrF_MLB,https://geni.us/NiSHoD,1lnTOhiL3P7wa5pkEXEBvAxzRu8_f7LUp,SUCCESS
Electric Peeler httpsgeni.usUf8MFXV.mp4,1HgJClotmU76ZbIq2x2cY4cwH_in1HmF9,https://geni.us/Uf8MFXV,1m2wCTJB8unAw7FAiO8cID6BPcuLLLAn5,SUCCESS
Cup Holder httpsgeni.us77cDD.mp4,1bRn8kKKaTDxorhAZmXQXL1IxCFZHyZDp,https://geni.us/77cDD,1VgYXhbjlSDACEE01p8-yp2wt2eVtuYz0,SUCCESS
Charging Station httpsgeni.usw7yb9Ar.mp4,1KqoG4qfe8M3e76GLjUoRnrwS2Ebgzttq,https://geni.us/w7yb9Ar,1cnkGMH_isPN6aNQ7n8mbC20pcerLvxW7,SUCCESS
Ceiling Light httpsgeni.usWn8phn.mp4,1whpIkfuDYdS-jzYkIbTUFfIS4u1pOygM,https://geni.us/Wn8phn,1Zlie248qP0pssRp8ZJI4r8inFV7VGd1-,SUCCESS
Car Sofa httpsgeni.usNcJrK6s.mp4,1r_SMelNR86LF4-PhuGmttndHCBDtUqp3,https://geni.us/NcJrK6s,1QvCuVs8MWADHnQmzIIXSuvBbgk9K887I,SUCCESS
Bird Feeder httpsgeni.usJMelie.mp4,1n_ZV-dCN5Y6aAVpxMYAo-ceoS9peHNKv,https://geni.us/JMelie,18X48kMsKcho-cBcegfuS5WB2MRXZuRBb,SUCCESS
Balance Lamp httpsgeni.us8cXv.mp4,1nvDrSRDBNJ548hW8aLfeh0IjeSLyaz1T,https://geni.us/8cXv,1f069tDPrVBru3evxsNDYPtX6C_cVAFOa,SUCCESS
Robot Camera httpsgeni.ustH7FrfK.mp4,170Lb9yObtCZWLVQEzn-YM07Y2Zv77YxJ,https://geni.us/tH7FrfK,1vfJuc83Ftko_-JcIt0f_xQe4vQbH-QO3,SUCCESS
Pool Skimmer httpsgeni.usdKawhi.mp4,1PmSAfVcJFuWynTgotHZtZN9YXo6rvjQW,https://geni.us/dKawhi,1KXDJz-Fdgsr2rL6l4s759G8HIfBEkDMm,SUCCESS
Phone Mount httpsgeni.usB3iV.mp4,1GgiCYV9_JkTsHiy92sWecCVHH7rSb2Sy,https://geni.us/B3iV,1a08hB4l9iaVlBmSAsfHCLjQIkAIkZbgT,SUCCESS
Outdoor Cooker httpsgeni.usnetv2nV.mp4,1IVTCiDf21AhS01HqhJTq6-doxHJsi4n_,https://geni.us/netv2nV,1Skr4XmZ-IuRy67BooOSfB_rMdIKbnG_y,SUCCESS
Mini Chainsaw httpsgeni.usvjCull2.mp4,14O-f45f_52nPogiU8t8ZclN2Ce65aZOe,https://geni.us/vjCull2,11ELgQ2Y3dZUwjr6DZMNcwPt9KHavNR8k,SUCCESS
LED Backpack httpsgeni.us8eFtk4.mp4,12JJ7q5bpBJuie9NsiEO0sBhBE03ZtGje,https://geni.us/8eFtk4,1dTJP2OlT1S8Iszcmt-wyuTBfPjaszzWG,SUCCESS
Lap Stand httpsgeni.usXBtXlP.mp4,1srNs1vQxKhjILTvXaiVFZC0ekMb3PvFk,https://geni.us/XBtXlP,1-1OPh9s1YY5WlbpUcS5uEvdzI0lOix6P,SUCCESS
Karaoke Machine httpsgeni.ustP4cW.mp4,1AuCXZjhHiyg423zio1chlYWaSn0sCF53,https://geni.us/tP4cW,1PuZv52sn5kKdUCfHEbFVKAxTh9DKgs7x,SUCCESS
Jumping Shoes httpsgeni.usMjV39IM.mp4,1uNsXdD02rmrgS2zq5Z4ymf9TB8yYgTXo,https://geni.us/MjV39IM,1QwrqyNNi2uEG5DS1uWZrewxJfVX35-Yn,SUCCESS
Garden Reel httpsgeni.uskIZ3o.mp4,1_ZBYqhVPMn-zVt2BKXF7Dgeod3uMEprP,https://geni.us/kIZ3o,1utpuwJQP7_MCt7x78DRuxONYzxIo9Xqw,SUCCESS
Fold-Up Stool httpsgeni.uscBdT2lZ.mp4,1ETTTK_uuXb7Bg1LZqm2xaP-PGrXxUszN,https://geni.us/cBdT2lZ,102RPU2wYQCcv_ICA6NS30XCQ6CVAyt-6,SUCCESS
Floating Speaker httpsgeni.usE591.mp4,103R01tWMupnN2aWypcRR-M0A2PeRfRoG,https://geni.us/E591,1HfDsUhjwtOweuSrrI7g9NQmBREw9QW5I,SUCCESS
Electric Unicycle httpsgeni.usaFSaLz.mp4,1PtCe_cTVSs_3O-zAJdgBeNd3VMpFdhaW,https://geni.us/aFSaLz,1jVJyPZzVAbiVJjlqrMutkWzecmF5gqv4,SUCCESS
Electric Screwdriver httpsgeni.usGdAtkTR.mp4,1SpT66vsWGIGkwmo-IZPahBzJLkmhhAbG,https://geni.us/GdAtkTR,1SopQm3XcW6xKxr5j2N6qhntOKMVeGIuQ,SUCCESS
Dual Unicycle httpsgeni.usyFIB.mp4,1poEvpbOU83VcneK9kTPaRiIf2moRbI1B,https://geni.us/yFIB,1u7v43kJ-nQhmq1ttYZ-JMFUi1Q6Pb2Hb,SUCCESS
All-in-One Fan httpsgeni.usM7Em0.mp4,17gX3C40V-lAIx42xDBvtt6-ZCk-GmBh0,https://geni.us/M7Em0,1a7JCKWnG6kadKUhaPDGd8iMgQ3Lxm8bZ,SUCCESS
Wine Chiller httpsgeni.usFLpOjJs.mp4,1zWqYNSYz1DrGOFFXomhMLEJGETdjmAHx,https://geni.us/FLpOjJs,1IfGmHf_tYImnEsf2mmS5LJovk-F3-R5T,SUCCESS
Video Rig httpsgeni.usRZfXz.mp4,1yA4TTLmzEXZTIvEbcQZQFGd5YYGkjdQH,https://geni.us/RZfXz,1ZSp-MZZrjD1EUAZ7Cp3SQx2FTPYt-uFc,SUCCESS
Underwater Scooter httpsgeni.us95i02BF.mp4,1vc9Ey0u6PxO7jgu9-IkfPMDTzzvEPYfT,https://geni.us/95i02BF,1cHguvMvdWQlujgDuKAj_T5h3fmdRmb6s,SUCCESS
Smart Toilet httpsgeni.usDuty5iR.mp4,1pCQ4lXSFYMuS_I5YEbnrp7SZKWOx8nyO,https://geni.us/Duty5iR,1Xezts_kE3QR_pb2q-FdNjGlYuAyYq9RZ,SUCCESS
Smart Helmet httpsgeni.us6k3v.mp4,12kAqm048cDHyYkXR7f2WrwPVQEv40kcD,https://geni.us/6k3v,1UKZAiRV8uAc7mnEd7ADk0PLL-4_6iWLs,SUCCESS
Smart Chessboard httpsgeni.usbzZktyj.mp4,1P8HOkYGQH0UKES9E5TjFl5J1JMKytTD0,https://geni.us/bzZktyj,1f3muKOKQ5AnoC2lFS9EyNyQPVnHrSJMJ,SUCCESS
Rotating Stroller httpsgeni.uslA5mX.mp4,1lmc5HA11piNsL0Y6YIiutaU4uWGst7Cs,https://geni.us/lA5mX,1jf9uKxQJJRlzjklg1l7anVjWm75tg_rG,SUCCESS
Cupping Massager httpsgeni.usGs0vBcl.mp4,1BIOVegKwmoBk5bSuwRvFsh-sDnLCkMnc,https://geni.us/Gs0vBcl,1G954_0nsi7F8ZV8Dg7B3r-oFGQ0eXEvj,SUCCESS
Air Purifier httpsgeni.usaBvLi.mp4,1ST0zlRiSWYgxo2ewU1frkFhEBAVpaPhY,https://geni.us/aBvLi,1RZEZvrhuw8U5XPPPtHoOYYhxuQFlxvFL,SUCCESS
Bath Mat httpsgeni.us4fjQVAK.mp4,1NpuKkK4fkSQlGTCeguZ3ZBrW-s34JGY6,https://geni.us/4fjQVAK,1V1iMfaGpFq5bjHb_Al3qkpoGJV0D3iOj,SUCCESS
Cake Carrier httpsgeni.usi1HNB.mp4,11zW0zcSsVeLjXL4r3PHY8gXtYSSgjyfB,https://geni.us/i1HNB,1yks8_FrpJPoF8fGl1ac0OAb8lhJSBqCY,SUCCESS
Ceiling Fan httpsgeni.usBjSY0lB.mp4,1I_pnOeniZZn5A_xH9-Nm0SJtNcG5O0iD,https://geni.us/BjSY0lB,1ShIV_cGkHL722FHTmx2xWat9hzcb1bhf,SUCCESS
Digital Inclinometer httpsgeni.usqGXmQLQ.mp4,1xMgndfZgDyf7UtLoLVjrTr_xOW36EFQ4,https://geni.us/qGXmQLQ,1n3YLLISN-dpky55nb0bKTPj9_dgNoj0A,SUCCESS
Dryer Stand httpsgeni.usdi00aL9.mp4,1SHopkknLtgDkPQQ3C2WkD36nyBTN3vE_,https://geni.us/di00aL9,1OvNMmyNxu8IpyAOvbdhRKKu7FI2Fcn6e,SUCCESS
Electric Opener httpsgeni.usJ62TpX.mp4,1a6es4oy-A70kfDk_kn_hYJ-VogK0Cd5l,https://geni.us/J62TpX,1GirnUbcNRD3mGTx6KAfEBES4opJJZVSb,SUCCESS
Filter Pitcher httpsgeni.ustxbYKX2.mp4,1Ge0nqylQJ0oQ5lZtmcP6y3hKQmCKTwFy,https://geni.us/txbYKX2,1YUrcAJRhZIEsKoI-Aj8HCBtqXPEFMDkl,SUCCESS
Hat Organizer httpsgeni.uslsYQaoh.mp4,12S5wIQmMLi6n4lWPvHMHunzwXJX8aOKn,https://geni.us/lsYQaoh,1jessXXNv7GmkJSqvG2LOLBcROOu7XQXI,SUCCESS
LED Faucet httpsgeni.usi1bY.mp4,1Z-4zti2SDM0J5nYlCRaTseJ4iLEqRvsn,https://geni.us/i1bY,1vWI6u_oPnhxgqbgkz3DyhVogcQgU6P7E,SUCCESS
Lunch Box httpsgeni.us9kbITt.mp4,1qfjDqteVNMBUcbT7YpoEk3xE2wiUkB7S,https://geni.us/9kbITt,1xciI1A9ksHFol18vzanwbxoWE76vPhG_,SUCCESS
Pet Container httpsgeni.usuZ8K5E3.mp4,1hcM696oc9eWRxqh66zQhA5v3Fmbtp9u0,https://geni.us/uZ8K5E3,1_NqPm3I3A33tWtG3BEqcq90NdzoTAAuO,SUCCESS
Portable Bathtub httpsgeni.us3KU3M1B.mp4,1MpMfdGlbXhqeJn9PX0bMPnr_SYwjUifs,https://geni.us/3KU3M1B,1oXXRZlHmxEkQJWSuAZshx6CYPw5dWuqj,SUCCESS
Puck Lights httpsgeni.uspNQoDb.mp4,12bWUqiQj3NdaVIKr-DjB-L_mztosfk8M,https://geni.us/pNQoDb,1wvpimUMB_XuF1NU0EiEjGLUfkLb7m6ta,SUCCESS
Purifier Table httpsgeni.usEPTOoDh.mp4,1nfEoZ6nYsePOYHVLuufpD0E5J2TD8fX9,https://geni.us/EPTOoDh,1F-W7RM8N7EBf_4IilSiofpgVUoyikFq3,SUCCESS
Rescue Device httpsgeni.usV5ZqRJb.mp4,1mT2HMnJgXC9UF1uOSNdnvS9hhQbft1hN,https://geni.us/V5ZqRJb,1ZvBeT_Dej_UFK-7vNER3oI8D5WUAnNmb,SUCCESS
Seed Cracker httpsgeni.usUHMJDA.mp4,1jVCRnFnt_weKZq5JU4OYUkeS2KAWl5PD,https://geni.us/UHMJDA,1vcsQEN74hijv7tFoN_1zBEwp7RtH1DkS,SUCCESS
Sensor Can httpsgeni.us0J0hTF.mp4,16OCaIP7WaKSgGQZNPUzWd-SaXWJ6rs4K,https://geni.us/0J0hTF,1xOiMQ85yLcermQVmpdHlrxgPd5aNGKGn,SUCCESS
Sewing Machine httpsgeni.usgqRML.mp4,1iaGNzKmRFb2o8R3HFXucjhKvJ7prCUb-,https://geni.us/gqRML,1TIPmFzGOEFIFpi9yJe1ifj-q-nif-vG2,SUCCESS
Smart Lock httpsgeni.useI4j.mp4,1I7B7M8Et2WdMl75SuKlS0MndIVR1jkLu,https://geni.us/eI4j,1hgxNaaJ59zjOBnUJrLINV9-A74ZXegD1,SUCCESS
Smart Roller httpsgeni.usCBKC.mp4,12to1UQgmxdznYCruoBgWHu4x73g5mLTj,https://geni.us/CBKC,1BYrJCAmrfWWtNvY53P8fy7GU_Yuqysvg,SUCCESS
Soap Holder httpsgeni.usiVsU.mp4,10HPsLawiB6FEl5bepFr1fDEp5XEYffuz,https://geni.us/iVsU,1a2a1U1aJbPkICfRJJwEX4JgzGLZZ-Nm4,SUCCESS
Game Table httpsgeni.us691vZTb.mp4,1W-WTPP5eNynFyXRwkQg2zr8OHB6UGAkr,https://geni.us/691vZTb,1aCdYslsBO-SSR6sayVZlgItwbl2jMI2t,SUCCESS
Futuristic Skates httpsgeni.usBrcuB.mp4,1jPMfmddpDLdYCrWcleMSLhYKcdj-c9jw,https://geni.us/BrcuB,1KgJo05Ne14wDNV7yZPYgMmeBUL0RUGe-,SUCCESS
Flying Orb httpsgeni.usZb8jT.mp4,1cral-GlM2ij_ofbSCZkap37QG39eoZgf,https://geni.us/Zb8jT,1PwE_fWsqQv7W_Fz4U6DMnVi6o1U4ni80,SUCCESS
Dragon Spinner httpsgeni.usE6SN5T.mp4,1iRBHtU69TzcSzgQ_m61LJmpw5uq6ct6z,https://geni.us/E6SN5T,1pnQkCuxL3q8I0x-R_WZMEbIV9a_nitBA,SUCCESS
Doorway PingPong httpsgeni.us7yPhO9U.mp4,1aT1eQ-1qwvCegOlzfnzB9AG1NxSfgJqk,https://geni.us/7yPhO9U,1wjSAtx1e8nECpt5iuyIgC9kCaCGt-KnX,SUCCESS
Digital TicTacToe httpsgeni.usBlsof.mp4,1HaNOiCGWbE4Riuu_2cn3e1UB19pC_KOl,https://geni.us/Blsof,19KBda7Kfp9rfpNWOm3Ts60RSHGzqLzgk,SUCCESS
Bubble Blaster httpsgeni.us6ZoBlPy.mp4,1L8zVm780bwsSAyraeV-8__CZhM5uqmhZ,https://geni.us/6ZoBlPy,18xwbMwwpyFFQ6zv_YyW4xsTevkid61dj,SUCCESS
Web Launcher httpsgeni.usNYRFfv.mp4,1LJNX5cSDPj5LLnxu9YqBzAAgYmnrvq-z,https://geni.us/NYRFfv,1IXmwp0tQ5srV9XTZ4-SYhu_NAumKMAfG,SUCCESS
Slider Fidget httpsgeni.usxBRD4.mp4,1U9j2I7UNRaHjk0_G6ljsYxUzhJ2nVc3M,https://geni.us/xBRD4,10XrSF1ZTwWJOax0n5iMVJMWnDpORU1La,SUCCESS
Rope Launcher httpsgeni.us88lH7.mp4,1cNJGcOJ7WZZR9sJDMeW_U4skvoFu-iCV,https://geni.us/88lH7,1nJyPm3UhHzgSMriFkwQEVI2YNuQO8eUR,SUCCESS
Retractable Claws httpsgeni.usq851I.mp4,1UwQDaL7-XehmSnaPSTQTYiCLClcneHTy,https://geni.us/q851I,1JN2i5mKkQ55ZNusLEAX_pe1bJdtEDa7G,SUCCESS
Recoil Mouse httpsgeni.usH1PADB.mp4,1VDlGrXt351sXpEeCul4nwcojJNT3vGHQ,https://geni.us/H1PADB,1soX9ya-nPJeVX3YMrJ5axpoyuU3WdE5K,SUCCESS
Racing Truck httpsgeni.usDIYjepu.mp4,17iqQgqddnmweaK7K0jKZBRtbhw1-RIL_,https://geni.us/DIYjepu,1jrqSuZTAJLTHtSLTIQw6oc9SVEoa88Ow,SUCCESS
Quirky Instrument httpsgeni.usDTBSU8y.mp4,1rE96VSsDijoY4v-1nftwsoYfnrNFHQZL,https://geni.us/DTBSU8y,1SkrYDYW3BzKf9oU1DCCsT0vINLCAmvWE,SUCCESS
Pop Ball httpsgeni.usBlzvyVJ.mp4,1fXGtNxreSyiwNLIZhnUSG0fm-ZYz2gQR,https://geni.us/BlzvyVJ,1FfQVgXA4IWuJrn0mYLOz_jVC3B34Y6mC,SUCCESS
Pin Board httpsgeni.usYUiYL.mp4,14s1OgETxipBn8_CivaQTWjDNFM8jbkiw,https://geni.us/YUiYL,11nYfbfA1brlXEZaNKm5n2WwEAbt847Jg,SUCCESS
Moon Shoes httpsgeni.uskZQeB.mp4,1cEuTrMbFBdoBwgLNuMC9thM8GA6Stf_1,https://geni.us/kZQeB,1sTYt3OCkxe1oxf8xAc96Qb9x0MaAlpUg,SUCCESS
Mini Soccer httpsgeni.us2JYv0.mp4,1m09zS327oCv2i9rRKRssLC8AhLmHQinY,https://geni.us/2JYv0,1HtI7TLOlNNKhtCU2x3-Im68i-KEnKEtH,SUCCESS
Magnetic Battle httpsgeni.usw30N.mp4,1pYqFOzIqOSheu0HtNsGyVaUW4zzH6nA8,https://geni.us/w30N,1tdVVkoisEgHQFYMTi2AknkxGaEnf00WQ,SUCCESS
LED Frisbee httpsgeni.usAxBlFd.mp4,1RHV0hvaTnB3qTEO-7PBtBLKDQQ8uA5cd,https://geni.us/AxBlFd,1joCjIpjNTmdJWFGSsCqwj0Jh2LXp8YiN,SUCCESS
Learning Robot httpsgeni.usvpmH5U.mp4,11a7D47tNOHhpgz0b0AC-E0aWoReinwye,https://geni.us/vpmH5U,1IQ2jPVoLXXO73_eM1MSx-idDDQSSkSzN,SUCCESS
Inflatable Dome httpsgeni.usXFhA9.mp4,1_Q7T5Ex6DM-aYntDZa9pVf5lRFdDW3jw,https://geni.us/XFhA9,1sBl47tRVRsPO0AJ3FO69BaFv2S_dD-1P,SUCCESS
Glow Board httpsgeni.usXebwD.mp4,1gee9pfk17OvSsZxQck1DAoynC6CPIlGZ,https://geni.us/XebwD,1ZaPkilTs_tKgTFnKzih6gA7KbJYJTojv,SUCCESS
Gesture Car httpsgeni.usVjVjA6M.mp4,1HZkaRIN9M9331PHfbMZ1EsIJPaeDwhDU,https://geni.us/VjVjA6M,10qgfLbvfCY5BO1QYxEa3Zr33Elh13Fxa,SUCCESS
Spin Scrubber httpsgeni.us4IH60M.mp4,1OApJBhkqmGO5hXHfz8rEznPQ24qVoWL2,https://geni.us/4IH60M,1XXBqG9N1dU8Js7w0pJkFd-6sSMha5tLH,SUCCESS
Rice Dispenser httpsgeni.uscmXn.mp4,1WclcbQRwekzjbBPfCRkjHDR2DFZEpWWE,https://geni.us/cmXn,1tL5CwCXweor7u33NHmfLbX3qpWoVcby_,SUCCESS
Jar Opener httpsgeni.usuHgj.mp4,14tqgfbt8l-OdytOmIXgOETEt8lxg3sLl,https://geni.us/uHgj,1ymuszgEcm_WMmYM7fH0dCtjxm7pNakVb,SUCCESS
Grain Container httpsgeni.usSoBhO.mp4,1k2NT6nj1YGRP1zGeiEjNo--iZYJfdnxa,https://geni.us/SoBhO,1n-RarDud-TsVfihR2ifaLZLo5mVsE60p,SUCCESS
Citrus Press httpsgeni.usQTJtb2X.mp4,15R_Iuvx9Am7spINz7ptGs6_sPgRsaNAf,https://geni.us/QTJtb2X,1XDZr0uaMBgI1t6rE_VMybacWVoqaL-6C,SUCCESS
Oil Sprayer httpsgeni.uscY2aqA.mp4,1MdW1u6z1K_cmMzrhDhDUbGHJUecC5qQu,https://geni.us/cY2aqA,19VndaFItB3hWPV0lqgP8uJ4FXpuTGXO8,SUCCESS
Snack Box httpsgeni.usZNsZa.mp4,1uiAeUOg8TMrkRN-jSZrw2Y6bOy5eCeDH,https://geni.us/ZNsZa,18PgrHQR3i-5RdUYJQwSIu7VNtY2VTpvo,SUCCESS
Fridge Bins httpsgeni.us2MrLq.mp4,1JXFDzHLVr-cYVkF15Iexr72mVLQXIS-D,https://geni.us/2MrLq,1u6xBkoKDCULPovCgAEaDJOUkMhghwqYr,SUCCESS
Oil Spoon httpsgeni.usP40FP.mp4,15KKq0WrPpFRN1bm_vSnLZeFNo_2Q64nO,https://geni.us/P40FP,1bu4Jyc1nIKkWv1JvNWcyBqbIOGhO3p_o,SUCCESS
Bowl Set httpsgeni.usA1jSDP.mp4,1LpdDARKKZ5bhWuqaYSUe9Wl3EczNSuht,https://geni.us/A1jSDP,1mmeXlhww2sjca3XgzRA8_N9kvC3tHdEE,SUCCESS
Mini Tongs httpsgeni.usGJ1Jge.mp4,1nU8r1v5mvmOIw85Nyp2SJm-G7I8ylrBR,https://geni.us/GJ1Jge,1oFLrArDZV-peCO70DR7BVD7mgwxcjPFT,SUCCESS
Ice Crusher httpsgeni.us6ohJx.mp4,17Vf4vVtITJ_UeMqadl_9Okq-CHrEwc3l,https://geni.us/6ohJx,1fE_swhVgFP60DsTjjlrxWhVYNN3giRlq,SUCCESS
Breakfast Pan httpsgeni.usaH19dRr.mp4,1f6EMaD9kGQgUQ6CTl90AKDWlsQdaU7uZ,https://geni.us/aH19dRr,1Ve4uJBuPQMwJ4kkauwGWnJihrtAlM-UL,SUCCESS
Tool Organizer httpsgeni.ussAvFM.mp4,1CCaik4IFUt42OcHRpUCENBvA7C27oi-1,https://geni.us/sAvFM,1HVKmAeuumWIQyqPWToFYbhR2GdFeG433,SUCCESS
Garlic Press httpsgeni.usQetRi.mp4,1ZBlPX1VhrMkMK67O2REbaac9P2FoH7sW,https://geni.us/QetRi,1oFH4iQwReR2DL0Rc1Ezsctvi6Fht_7NY,SUCCESS
Cutting Tool httpsgeni.uspKBGd.mp4,1y4jxxo0-TZYBlVZ9mj5TYKTuUvKVHAlj,https://geni.us/pKBGd,1d7m6AIeZAmbdYzVgkx4bbh1z4nWbK5fR,SUCCESS
Flour Sifter httpsgeni.usnT29i.mp4,118JKdWmPHYw-C5_zk8wy5yB_UNmLPSdv,https://geni.us/nT29i,1vaYZJeQBC5bNyrFgr3VYomzkXfzaA76e,SUCCESS
Cheese Slicer httpsgeni.uspFhDf.mp4,1_EVWk4bdFtZzXmlgbSi_lOnKk-Gzr6A2,https://geni.us/pFhDf,1-s-J_8I8vL7adpuCTQbfESju9wBNk_45,SUCCESS
Fish Scaler httpsgeni.uspBhZPgj.mp4,1AYiktiNA2LXHJ_NqUWTh_0u5AJUqYoVv,https://geni.us/pBhZPgj,13ERRnTLkqmrQwsDZOaUodONcH0zLkT3I,SUCCESS
Pasta Maker httpsgeni.ushrvA.mp4,1GQyL7HJU2AURHrZH2VYVAPoKHWc5qQ0D,https://geni.us/hrvA,1AwlNL1gA2Veb_2RvpaEUf7eI2V26C9Fd,SUCCESS
Lunch Box httpsgeni.uslPSPLEX.mp4,1bMddqIWmoJVHGDK4X3I1wRrsZNJx0j3v,https://geni.us/lPSPLEX,1H0nzd5BjaWODPtn4dpt3ONOWQvSq2IZC,SUCCESS
Rotary Grater httpsgeni.usB3qCQi.mp4,1nH6_ImBi4XePrzHFP9MVwkMpeooQTEry,https://geni.us/B3qCQi,18_fi2bEeVB0Cj6ije3yEdwXg12sRD_tE,SUCCESS
Stackable Bins httpsgeni.usCzamqwt.mp4,162BFURwZJSrnZNbNygrz8fmynjbPcT8J,https://geni.us/Czamqwt,1kivOpvzdtXSKmhtwN_c35RSAm_tw3mn8,SUCCESS
LED Table httpsgeni.usinvXAT.mp4,1fW3raClA3bxKx00PkEXlOQNSN9048u0Y,https://geni.us/invXAT,10ZEg7AVx0IKVaL6gmrHNhXO0C2ygyrLk,SUCCESS
AR Glasses httpsgeni.usvftp1bT.mp4,1he4wmUiepvJsh5yAnnG46Rp2cGJzF8P4,https://geni.us/vftp1bT,1SlEMrvc5F3VvYBBG_O9EWvjx2AYCdXW2,SUCCESS
Lounge Pool httpsgeni.usqTmnFW.mp4,1ZpksiPLM1S1O7t_5cjq5IxHMLKQEyDDl,https://geni.us/qTmnFW,1RU-6SfdF1pamIBll9eKmHaDtPR5hOWsB,SUCCESS
Water System httpsgeni.usx6A7zj.mp4,1Wphd00r1bpYncr1p-4TEAmJY_3kYanU8,https://geni.us/x6A7zj,1KuImAP2RgiQ7Awbdb5NZUr48ZzXq3T9x,SUCCESS
Alarm Clock httpsgeni.usDyk71N.mp4,1hmx24u1RltA0VNqdljSe1k6xFPHd041B,https://geni.us/Dyk71N,1ZsRO3ypSR_1spGjxQWHe7L6_7ShHQflv,SUCCESS
Gooseneck Kettle httpsgeni.usTuIJlcT.mp4,149UZo64vgaG56KtfeRrGfOK41k05m9At,https://geni.us/TuIJlcT,1SZzYUbwH5fJ99w4E9aqi0fyz-KE9_BZd,SUCCESS
Smart Ring httpsgeni.usEWB2PL.mp4,1t63OpEEF-vdGzqd9oo5vBqnyThS0-mmD,https://geni.us/EWB2PL,1bx5b4I8ovANTmJG6akoV_gdFM2zQvoyh,SUCCESS
4K Webcam httpsgeni.usT78J3FQ.mp4,1g-jnY08LKOINyrgUw7YHHOHHjiW_iwCP,https://geni.us/T78J3FQ,10qZ_lQqQM0JTyg4yfAoTMXj8CcWbuifY,SUCCESS
Training Bike httpsgeni.usJaLgUN.mp4,1okSPICWc_IItA-MWAd-spnw0mkCk6gJZ,https://geni.us/JaLgUN,1GSnVLeqdWSspAe5KZMBm4D8CYU9DKGtj,SUCCESS
Infrared Heater httpsgeni.usL9Cd4.mp4,1OVU7Le6xnTbhxc3O9Do-kYp2N_HAvRkq,https://geni.us/L9Cd4,1_JQJv9izj-U_oJIGxNXMCo3RyUkzWulv,SUCCESS
RGB Tube httpsgeni.uspnq1zK.mp4,1xbLrG72CNuoa9TOv-jerAeJEVpT7RRDC,https://geni.us/pnq1zK,1AXquOiTaG9wzGZYXvzKmAvbxNVwsS6Xx,SUCCESS
Hover Pen httpsgeni.usHCVmB.mp4,1euGd2gc1TStzlB7NNjAdlkFLiT_P76P3,https://geni.us/HCVmB,1YJ2m4hWAX6PQMVrUoSViMc0ulXiVg7Vy,SUCCESS
Window Robot httpsgeni.uspFaBX6.mp4,1PY20j1-XlZ4jQXqlCCaM86zX3LTYHfQd,https://geni.us/pFaBX6,11qudWECdNKpPDb0ANxItbkQH0jMOpsHK,SUCCESS
Party Speaker httpsgeni.us93vY.mp4,1GOVtW7nzTNGENla_I1VKD9Adq_6p9Xhj,https://geni.us/93vY,1HwpQ_F0twkTSDyJ2mcNLbpM9NJK8Xjjf,SUCCESS
Air Purifier httpsgeni.us3R0EkN.mp4,1hZm7-1Reiz2Td3-dWoVukicqRHTrvXJY,https://geni.us/3R0EkN,1JGefnBQySX5atfcmY6zXeJpBLtinHMPz,SUCCESS
Smart Doorbell httpsgeni.usOg4tVx.mp4,1_CiDVZW-7AoBGoj5gAsCkZ66BWuk7haN,https://geni.us/Og4tVx,1BFP3zpTyX4O7jQ3oA121HlyGT4ID6jtI,SUCCESS
Smart Fan httpsgeni.usMwAtL.mp4,1eB9ZbjuvVy5USV_y-Q3vGMvw2sWiHgs2,https://geni.us/MwAtL,1j3Pln3eSUoffstyboiq31d825x2BLe8f,SUCCESS
Privacy Pod httpsgeni.usAd78V.mp4,1m0avU5gJ0kKRVZnS87xP6f9vWV9Kx7TM,https://geni.us/Ad78V,1Lcrw1NrZgsnwnP8DT9vq9X-R4kUQ-dlb,SUCCESS
Vinyl Turntable httpsgeni.us5B5t1V.mp4,17Qc1ReM6b_kBzK_Ih_VIqSj6QnDmOL9P,https://geni.us/5B5t1V,1rTd_Z6KUNfOBp5JOCI81tyjnjS2qj-Pv,SUCCESS
Nap Pod httpsgeni.usoHHIrB.mp4,1cYfwdczX4W4uSlq3OyW5tZTjPahfUV5e,https://geni.us/oHHIrB,10HoybNuPRrzJ99s7ymRIWflRGxfCl0pn,SUCCESS
Retro Display httpsgeni.us3K7Y5q.mp4,1QZdBtLtl2sXkfAV_Ok7a5QFfhJKnP5A3,https://geni.us/3K7Y5q,1nzUrfxfaTgExRtdZP3UXpR1ocGFqEZY7,SUCCESS
Turtle Coaster httpsgeni.usjMN2I9.mp4,1Yf7M4Jj0FoOTHo8cOyn-ovBjLGwvtvBX,https://geni.us/jMN2I9,1oZKah-mep_ttGHZrqOHhPtVvOjlCxebn,SUCCESS
Turbo Fan httpsgeni.us7CBzR6F.mp4,176vc8a8FrFnSyJgCFSXOF75Zwvilivza,https://geni.us/7CBzR6F,1tH7JHT21U787k_a2NxlrSCRPiwq9trf5,SUCCESS
Therapy Glasses httpsgeni.us4sEujO.mp4,10BtlEmi-D3vslCicAdoiJfWVtVxv1gu3,https://geni.us/4sEujO,1P0bfNRHEBXzce_f0ipNrw-mzbynLHHA9,SUCCESS
Smart Sunglasses httpsgeni.useCD2nt1.mp4,1n3M8vUc1GLwPYxq-xxAypZYPQI6-XNrQ,https://geni.us/eCD2nt1,16WUceZfGyZ4ooPnqiqrwSWTd-eoyGmZg,SUCCESS
Scalp Massager httpsgeni.usepsiOM.mp4,1D2fDisVk0SiSiIDnXB_0wByN3Y5LwwUj,https://geni.us/epsiOM,1-XhJaGA_CUX5rvZ-2QgeP_EzzSwRbfmE,SUCCESS
Retro Keyboard httpsgeni.usiRNBwDa.mp4,1AdBUsA7f6x1_HltSrPkpeN-iCcDq0ggy,https://geni.us/iRNBwDa,1cX_qkP-3SjyUTi9tiYZYYZdnjn2k2Pbk,SUCCESS
Pool Cinemas Concept-.mp4,1UihL5alWJVWdBIVksNEWUCMvTmUFfLvi,NOT_FOUND,,SKIPPED
Pellet Grill httpsgeni.uskKjS.mp4,1mgi7CmNuIaGp-u0NozhrOqMdG9pY-lqn,https://geni.us/kKjS,1ljkw9O9AVtihh0v3yHyRh9xhu7RfYfZL,SUCCESS
Neck Light httpsgeni.uslHrOEz.mp4,14jT5vJHiQsY7_jeJ9EXcB1Xx0_IYuVOa,https://geni.us/lHrOEz,1Ico7-Zj2FdIh7N1Yo_-qZyJJgs5v5PaR,SUCCESS
Misting Umbrella httpsgeni.usKfuR.mp4,1oY7SE7u_eyZtucPNCaq-tcVCGJNWKfPB,https://geni.us/KfuR,1QbUIi4CZga5O5p-odg7mXC8gVP3bXpRG,SUCCESS
Mini Cooler httpsgeni.us2j8iz.mp4,1ha0UeszX7EyDbY2AmUXfxMYzpUW7Mf1u,https://geni.us/2j8iz,1IqvOXZW76G2ayLzR2LX9vJuyCsB3Tqst,SUCCESS
Jellyfish Ornament httpsgeni.usBtOq.mp4,1SlwDWn701p7v-wv-a6h1Yj1iFhKTY2Ea,https://geni.us/BtOq,1ReOnc37JxDa1qRfoGpidmWNOXyopxHIh,SUCCESS
Headphone Speaker httpsgeni.uslSxBh0.mp4,12dDUu1kT_XCENkJlxw0fSzCL-RxQ0IGN,https://geni.us/lSxBh0,15bWLcMdq8rrU4m8pm2XCebrNw4kg5HXj,SUCCESS
Gear Lamp httpsgeni.us2VTxHfM.mp4,1w-s_UkellmsO7DRxf3yt7-d_iZhl-UDg,https://geni.us/2VTxHfM,1Bv9tpRmAXSm7wySv3g8VGk5wneVoGKMt,SUCCESS
Fan Cap httpsgeni.usfjOWA.mp4,17it9kigRaxD7KQH7NEVBxsfKjyTgpQu0,https://geni.us/fjOWA,1M2aX7w6Nixnim66MO3Cdc7aKD2aesrDG,SUCCESS
Dual Leash httpsgeni.usoy9IuY7.mp4,1SkhOOcHVF6o4i69Zj4-vFEGAr_S_-7DU,https://geni.us/oy9IuY7,1qb7L5mjhtL758lBhfhH37cmYelwcZJV3,SUCCESS
Droid Toaster httpsgeni.usKwI3.mp4,13VkYaZW0rX3oaDdaK11NUit_Cj4Roj67,https://geni.us/KwI3,1TRzz-UVJeGE4_9kpwn6HBsBxkENZ6q2S,SUCCESS
Desk Lamp httpsgeni.usrr9shHl.mp4,1Kpj1w4wug1DF5DGCuWDZtaLtHHSDVEUg,https://geni.us/rr9shHl,167qpPoMIF03Ejkq55D__RnmXyQpjqW0F,SUCCESS
Decor Knob httpsgeni.usNA3qVQ.mp4,1OKEh1bMrYfjP4-vY-WQC_Itio-3BlIc9,https://geni.us/NA3qVQ,1EUv4Is9lze2m8zY-42w-xI8gIehyJ3ao,SUCCESS
Coin Bank httpsgeni.ussqAf.mp4,1Z2GM5p_0Fcduo3sZrmfWePEnFteJZo_F,https://geni.us/sqAf,1higfw-pxIuCl1reW9VdlnKrFwSNBFysZ,SUCCESS
Chess Board httpsgeni.usQ6KP8Y.mp4,1SBq6MjejpeP-AC5GPK-KV4M85B3gpgFR,https://geni.us/Q6KP8Y,1r8WpY2gogdNpDJjvNGgdINoIx525g2kd,SUCCESS
Zero Lounger httpsgeni.usIGJv0.mp4,1SSLgBTBAMekYc2GrqBDi99xL4yWOdpV7,https://geni.us/IGJv0,1PRj6Hmx1ShlTTWVDLuZZbUq_64SDfsaG,SUCCESS
Thigh Trainer httpsgeni.uswr5F56.mp4,1ORM4l2hbNaFRAqbL0TqL9ULhjQOlOypQ,https://geni.us/wr5F56,1PivobrmKydJ3NeUvC8BH446xsSaw_vSf,SUCCESS
Therapy Panel httpsgeni.usr16AYSb.mp4,1ZWRH2cqcezHdXxZwXuTAEh89iSZPOn2m,https://geni.us/r16AYSb,1OKSJyHn0uNkz5t43lSfS4JHkIk_CjFKn,SUCCESS
Sleep Mask httpsgeni.usUzo5.mp4,1aguyvKKiwdlUBMqggX_TLTRr5-39GYpZ,https://geni.us/Uzo5,1DqxlSaNdoNDxwkG8nqLyttZ0QS1NUAjH,SUCCESS
Skin Spatula httpsgeni.usz02Y3eh.mp4,1iA4enCFmh-citGHI2oKgPszsT5Zd16ab,https://geni.us/z02Y3eh,1TSxCyL4rL1KGhhHldMiKDtQ2KuHyRGMg,SUCCESS
Massage Roller httpsgeni.usmLkfhT.mp4,1K8tmLIBgda-v-1NVu1ZgTqjBUKnGsn44,https://geni.us/mLkfhT,1_47wIowzSqZWhKmTUszodaO2AcXVRaCJ,SUCCESS
Massage Recliner httpsgeni.usQX8GKk6.mp4,19hxqYNlputDC5P2pd268UY-2C7qNqr82,https://geni.us/QX8GKk6,14DVeeIlnQuNh3rkxEEAjevWhnPrBmQbO,SUCCESS
Massage Pillow httpsgeni.usNu0BRSE.mp4,1YSxbC9gTXlWW1Nc8f0B6Uvo3HIAx4Gg3,https://geni.us/Nu0BRSE,1k7HJCcBiqoBTgMR9WXDuVnnBwc6PGOL8,SUCCESS
Leg Massager httpsgeni.usspDY2.mp4,1bnrwEO-oJ1k97gOyFg1Bphuucf4N4Zq9,https://geni.us/spDY2,1PjNYZn2sKe3OuwSJzMLCQp1-kG-ZpdiU,SUCCESS
Heating Pad httpsgeni.usbRz11x.mp4,1ffJaCRKb1vkHMopDj97jwstsTHwAH-6_,https://geni.us/bRz11x,1DwRcOWtQZyllqoZqSQ0fVKfs6c0wQ3bQ,SUCCESS
Hand Massager httpsgeni.uszNPin.mp4,1hXajkuh9b4wyecRlXVMy-RgmfyEU76bD,https://geni.us/zNPin,1_z4SJL_rRrMRLV0wzAy1ni8z_LH9tFqG,SUCCESS
Foot Spa httpsgeni.us0gsEih.mp4,10pn3LP3CCD9M_SpFCz1wnHb56yjcSTVH,https://geni.us/0gsEih,1Z4tyW4Gdz11xvGeyHate3jiPS0YPRGJ-,SUCCESS
Foot Roller httpsgeni.usqiBJh.mp4,1lLxRglP06ypBh6tjs1uiibTjXp1ecFqQ,https://geni.us/qiBJh,1NDWOWPdHLvJY00Cprtxuy0DwY0W4WFm5,SUCCESS
Foot Massager httpsgeni.usosggUA.mp4,1eFKQ-Qthsq-ukg3untUswA0lSVv8pG7K,https://geni.us/osggUA,1QoBLJwPmXaCe31w-DtTD0K-5dDjUWysA,SUCCESS
Foam Roller httpsgeni.uscAIH.mp4,1rM0Kbabvqqx9tRNosmzBTrXzqKt4fQbC,https://geni.us/cAIH,1wfcSgp0IM7N9X1W1N36eLx2dxjMQn_u3,SUCCESS
Facial Steamer httpsgeni.uskpdf6.mp4,1ioLvIHK5ZcdcPqvGV7YvZTbOGTHqx6zg,https://geni.us/kpdf6,19HpbS-7nimtGL4Iq7GI2GqNQRncBpTbG,SUCCESS
Facial Massager httpsgeni.usT7NAm.mp4,1jEKblA1kLodPOFFnsIk6QcYgA5wiQqxZ,https://geni.us/T7NAm,1CAGuMsrrhFAHqD6A6CroCdDoRM8oblsh,SUCCESS
Facial Brush httpsgeni.usTVdd8c.mp4,1JGv8Z7GZTYFa6D0oalWVSE-NAiMrWbc_,https://geni.us/TVdd8c,12OxltxwIUBlnDfgr-6hcDq7NrPJ9nKXF,SUCCESS
Eye Massager httpsgeni.usbAzdGkC.mp4,1bu5s3ZwjxTZcapH83PtiW9IzoS7hun7Y,https://geni.us/bAzdGkC,14gl1_52eP6zOTeA5touADmT6Lotxc4AZ,SUCCESS
Electric Flosser httpsgeni.usMVkOJ.mp4,1yrMBOnN-RChtyqHv-vLvD1Glh37Rbx_b,https://geni.us/MVkOJ,1auWRJWZIBBrjnTENz3N8WvmCnUOymXN_,SUCCESS
Calf Massager httpsgeni.usr7Ke53.mp4,145Vs3Y0SrY7PJYYod8Ax4UNhO3Qs1tPE,https://geni.us/r7Ke53,1QzT1ZF_IIj-RwzUHejMJvnv53xV-Uji1,SUCCESS
Bath Jet httpsgeni.us9BBBAt.mp4,1PjNKqhu59sngQxpw2rM2s2-T8qT8_3cC,https://geni.us/9BBBAt,1v_Gh7nwFkBvfQ3cSymHqKIzoXzVaUzhq,SUCCESS
Back Massager httpsgeni.usslWxw.mp4,16_QdfUwswTXPrB0dpYUOIaOpzrXQy8uy,https://geni.us/slWxw,1mJW-5EpSnzpinbFUc341u9d6ydtAe_BK,SUCCESS
Storage Rack httpsgeni.ushFugfi5.mp4,19lj6oo5ACjL6wGXg94ral20lfYSDoTqJ,https://geni.us/hFugfi5,1qEhEFZ0AGCX4XzswVE_odggmBvoXv45x,SUCCESS
Stackable Stools httpsgeni.usveNbB.mp4,1cZcu0YVYktnTNT0HW_hEXM4FY3AJi_ju,https://geni.us/veNbB,1N5k7h54JFigZ4sDCr2KTqgprBZjyhKa1,SUCCESS
Spice Organizer httpsgeni.usUCjp.mp4,1iTAoaL_4MUCrjbtXEY6hGjFQcQFPNl3H,https://geni.us/UCjp,1c5Y6zj3dLI-v82oooET9N55YKUGkILlK,SUCCESS
Spice Drawer httpsgeni.usuogA.mp4,18cfazWmL4eMyTEy8_g1grkQk9zkcVR-X,https://geni.us/uogA,1W12D_8D3ryQbVzgvuXWcmSRMDK1G9bMN,SUCCESS
Slim Cabinet httpsgeni.us6punf8.mp4,1wpsC48gtA1K5L2WRwXOUtPbMyd4WbvSK,https://geni.us/6punf8,1j0L1XxPAp35US2WSTYC5zSFeEGrDdyGi,SUCCESS
Shoe Organizer httpsgeni.usBt1t5.mp4,1YUq7ksLoogI4vxFSy3wFz0cV1pEMOua6,https://geni.us/Bt1t5,11MtLmFs6kfNILOOBpU5Xb68LZoeoIAvu,SUCCESS
Pull-Out Organizer httpsgeni.usHP31n.mp4,1ouDtwNYZKNwq2IXucWl-t50qzQP78QSx,https://geni.us/HP31n,1JfPEI7yt7i6mWttYRV3f0Wt1oRr9MjP1,SUCCESS
Mirror Cabinet httpsgeni.uslnAZvW.mp4,1lmZGeASRCVRavEGCOnE_1LYEF_IAvXJ4,https://geni.us/lnAZvW,1nhyACf8WXshTt3W5jhGJkxNGlicuSgnI,SUCCESS
Lift-Up Bed httpsgeni.usRs3oGrZ.mp4,1P4-RuDWcEDZ0hQPJdRx7lHXUQ-cYcHvl,https://geni.us/Rs3oGrZ,1r9j21pXs7KgO4B8nwLPjPQuPRWfxDK9x,SUCCESS
Folding Ottoman httpsgeni.usctsK.mp4,17dybwNPl6ZADuS17L34c2Kn44IblPqzd,https://geni.us/ctsK,189u8f41fm6uSpX1y7B9B5K8YOnbhGS9G,SUCCESS
Folding Desk httpsgeni.usrflOaKp.mp4,1paGuKE7ugTxOe0nEZRALwYOb51OF98-T,https://geni.us/rflOaKp,1IYDB0J0XkpuaGNxMG3ZqZAfIMXygmEGM,SUCCESS
Folding Chair httpsgeni.usDfhV.mp4,1sNr9a31HyuSqnpXI1qEgOZRmT5BmDe0X,https://geni.us/DfhV,1SaUCh3Rup_Cx7tBH2Yd0f2E749DABkdL,SUCCESS
Folding Bed httpsgeni.usoPS8c49.mp4,1OCdUWljrFgcCnpmPYnqbBzcJ94XhvnW-,https://geni.us/oPS8c49,14mc9D52pRKLH1X2fKb7KqaAJwsqCv5Jo,SUCCESS
Foldable Desk httpsgeni.usBCOHLl.mp4,13fs2fJsAPUGf7ECMbNm8TKwJXe89XOHC,https://geni.us/BCOHLl,1caCEb0uS4XZn39MHln9WBptlwACxZMno,SUCCESS
Fold-Out Workstation httpsgeni.usN2TaAa.mp4,1i91go-GmrSqDZD3yP6CYPX_W_Rf5NYEK,https://geni.us/N2TaAa,1Uz9yfkZ9_WSi4sKbc6v7R1bx0IIDSJEs,SUCCESS
Drying Rack httpsgeni.usEvi2oFM.mp4,13B60JejfbTR4hJW0KJn5lE9Fo4OVxKuP,https://geni.us/Evi2oFM,1xZ895EjiMbMlsps2PmisP0-RSHxd2o7g,SUCCESS
Door Cabinet httpsgeni.us1qvygRL.mp4,1JvatjSz5lQmvlRpuVRzjv7F2R1CjDD5j,https://geni.us/1qvygRL,1lbZ7idygLc0AoO-ePDyW8ztIQLyl6JGw,SUCCESS
Dining Set httpsgeni.uspAApNBV.mp4,10oQ8R0hS2ooYiOtQvbTseVbxgtkPMyUu,https://geni.us/pAApNBV,1ndcE2ofLdM_toroIRa0dNZfdW1UgPjOk,SUCCESS
Couch Holder httpsgeni.usjdfnJ.mp4,1dsspEm1CACXWTpVMqTZPP5ClaaXkm0Zd,https://geni.us/jdfnJ,1lbngHfvRqQTfuIfxuTTlDsYktqynMxQB,SUCCESS
Convertible Table httpsgeni.us5P2wC.mp4,1jWJ7j7xsRL1zZAmi60GSCPVWHfsncS3K,https://geni.us/5P2wC,1gZkaDsFRr9atx36vEssSHXgU2ltJLVQd,SUCCESS
Compact Desk httpsgeni.usgUTn.mp4,10gWWDkSIUway9Xs83RARagEcwTf2jf2V,https://geni.us/gUTn,1qia_88anKb4dMv7JsJZu5wVoxq5KpgtJ,SUCCESS
Coffee Table httpsgeni.usLiSMK.mp4,1NO6FjJW8FpwFAel8lZfiU-IlmRlojywA,https://geni.us/LiSMK,1L0Old1UeJgShiMjb5MGymnx5sDiEC3Xe,SUCCESS
Cabinet Bed httpsgeni.usDxQwyf.mp4,1prD8mFKxxNG4u5CYXY4vrrh-pv3dlBV9,https://geni.us/DxQwyf,1ILBlgKX5l4fOF9RIagyRI4dOToH8Mq8z,SUCCESS
Tech Bed httpsgeni.usj7DeY3.mp4,14eTy_djGQk7kgvQMLgoaRGZv4d0VB4jv,https://geni.us/j7DeY3,1re9x_MAoVhepfnhprWR6oW1g5dou3tpy,SUCCESS
Smart Nightstand httpsgeni.us8dzLh.mp4,1OPsNLrIhJUnoYNGPNAdrI2NINSpI-2t2,https://geni.us/8dzLh,1S1lyHdQAGjjQDYCxAX2NRu2WWHc4i9os,SUCCESS
Coffee Table httpsgeni.usaa8B.mp4,13yxdOYyi9CThu6U1WMjOoxTxN1kCVgEN,https://geni.us/aa8B,1428QXKBu03v6j57PCMBYBF0zamLY5bCs,SUCCESS
Rolling Cart httpsgeni.uspjUW.mp4,1gwjyF_g3EWTB_QVbVD0JQ8v1VjBk-xTd,https://geni.us/pjUW,1y-unaxSYlREMV2pNvDiQE3BhpsuaLKK3,SUCCESS
Wall Desk httpsgeni.usNBmc1QK.mp4,1cOidBulYh5jF9QToQRhypeb3_2c1b-sz,https://geni.us/NBmc1QK,1Mo8lWMSuR8sqm0X6YZFrbNfBoLkMgSDq,SUCCESS
Bathroom Organizer httpsgeni.ushp1hrC.mp4,1mpTYcv4_ivDWn_WNPEHou7R09ZvzcpfE,https://geni.us/hp1hrC,1N2mm7n4zVwhMzKDZq4WeKPH6PeeEETHV,SUCCESS
Folding Bed httpsgeni.uscRAoWek.mp4,1X0NeRMadiqyNGhzNZCHF-atu25pVq-HO,https://geni.us/cRAoWek,1IwAKz160wppSExJmq3Yz6cQtlVaum6_4,SUCCESS
Round Ottomans httpsgeni.uslkp0BJ.mp4,16JkAxpk3sbU1EWABHZQzMv1xfXJiO4_z,https://geni.us/lkp0BJ,1PQkUpH0Om-QZn1OK8BK15gEvzonfJO8v,SUCCESS
Lift-Top Table httpsgeni.uskZlI.mp4,1Wu66rXH98jrOyLyKYwVthbSKWElE9aZk,https://geni.us/kZlI,1DVYLnB2IynyThwzlZ1dSYwkmHZOeGgBR,SUCCESS
Travel Crib httpsgeni.ush8cQNVN.mp4,1UdeQgWV2rjL4OftHN1sn-S64-_6X56zn,https://geni.us/h8cQNVN,1LEiKfAv3LqD-eXcMT2stGk5j1HmCifoL,SUCCESS
Tree Bookcase httpsgeni.usOYGNa.mp4,16tKXhpY0b4FA78Y4qdAkz97RL_T2badg,https://geni.us/OYGNa,1FhZZlqAtc-94xvM2IshBRxGnXQ4bCfAy,SUCCESS
End Table httpsgeni.usRVMdh9.mp4,1TaAYZ59f_i20_DEPq5Hehek8Rbg7dOIi,https://geni.us/RVMdh9,1WD-BreK3dzF28TCpOAQRnk8DNIdKkjoP,SUCCESS
Shoe Cabinet httpsgeni.usboK1.mp4,1CoOzou2bd5mh2hOGET85ztrZsLtkgjLK,https://geni.us/boK1,1Jljh1E76fMjVU541-yDZXZQkUZL7aaI5,SUCCESS
Jewelry Cabinet httpsgeni.usQTfL.mp4,1b6rK5va2D_Ky5k_0YLVHzQIIqU-9stsJ,https://geni.us/QTfL,1XdlH5-tOvPwhaXYys_Oz8gi1yXStdzcQ,SUCCESS
Storage Bench httpsgeni.usy3ecpEq.mp4,11IiTRpdWX-ZxcMEU1UkyyjlateB35x_V,https://geni.us/y3ecpEq,1nVmxeGF32ZxDQUFHPTRldBI-alblpoj3,SUCCESS
Sleeper Sectional httpsgeni.usv9j5q.mp4,12K4l6xvB7a5xFIx9lfdsoXxwU2FKmn9b,https://geni.us/v9j5q,1IXFdDrKTXrmo5bBpdRDqBB_jj84miVCP,SUCCESS
Foldable Desk httpsgeni.usyS3Amq.mp4,13oDBHAFxgsTMw853DcjAeq793yhdKQSU,https://geni.us/yS3Amq,1aLEMKeMaLEOiI-Cu0vGUroMH_AUNaHDQ,SUCCESS
Futon Sofa httpsgeni.us26qBt.mp4,1zOyrsQ6BhbNFWiKgXHEyxtAtpT2ExqEn,https://geni.us/26qBt,1PNxFAkg5toaN3Rqk46yfEc2c9PP4DORJ,SUCCESS
Murphy Bed httpsgeni.usovutIA.mp4,18PDy2u4DbAfYQcx36gpyeSzeF0l22bcE,https://geni.us/ovutIA,1cl8W6MXOBvZ4KIpnusUceJ6ViwMULyt-,SUCCESS
Expandable Table httpsgeni.usVqpLE.mp4,1ferxKrS4AZvO_vQtBmXQyokOIlrM3Bsq,https://geni.us/VqpLE,1d2BQ84eB-GlbEWbePBkhuGeD0OGx-odg,SUCCESS
Reclining Sofa httpsgeni.usEOiCQre.mp4,1Esn2ZVvikTwNvwgaUjL0yCidnLzv89pt,https://geni.us/EOiCQre,1wcNEpNdb1z2gEmI_qtZT4b7cr7CV1tpB,SUCCESS
Storage Ottoman httpsgeni.ush69MH5.mp4,1Piq87ghJJaobroeGsm4Q1042cISvDiA7,https://geni.us/h69MH5,1WSRzprTMxyd4ImyuqMm1cZZ6vR5R3SSR,SUCCESS
Truck Tent httpsgeni.us5bOAM.mp4,1aFFtM4r_VYpm_GkfD5SFqlCog91qEqoZ,https://geni.us/5bOAM,1yxycCFxIgzCH674_yf6BMXrVLj5IQcot,SUCCESS
Tire Compressor httpsgeni.usBVUP1B.mp4,1KpASWT-F4nChLPy_3xmnK_9OSQqp6F6n,https://geni.us/BVUP1B,1Tmlv96Wvg-y0SfOxyaK7m8s6b0UbC2gH,SUCCESS
Sunshade Umbrella httpsgeni.usw3B71gF.mp4,11_eD1rUkeicezXYiIvY3Qh9UeDpp8Jzr,https://geni.us/w3B71gF,1LtsIBy-BoDwmAUvV_Afp0z3Sg7_4LFIe,SUCCESS
Suede Organizer httpsgeni.usnDATV4B.mp4,12tHXoFOVlZH2euvKhYxVB8GsYae_DNDx,https://geni.us/nDATV4B,1x16h_vITRLy3x3_d3n38Mg8u_hYNvISk,SUCCESS
Steering Desk httpsgeni.usghr7nKZ.mp4,1ZMAWI2nMaiVJOmykE4sG9YQqcN7eV2-6,https://geni.us/ghr7nKZ,1e9D1BSAGBj-hxS8Vi20E7d5GGZdDGnxy,SUCCESS
Steering Booster httpsgeni.usn1uC.mp4,1qjVDO8sjDIa0rKjSzljzgabTKLRdYEu-,https://geni.us/n1uC,1KpfM_oRRSprYAZMPD8daIUsWHZcgDJBO,SUCCESS
Seat Cooler httpsgeni.usiAEM.mp4,1lhEZnxxSVHezEe0k9qgZXeO-LQd2jIjh,https://geni.us/iAEM,1Ij-yUvdnQcPXPWz9wAFbYpqVfvlg2p24,SUCCESS
Retractable Charger httpsgeni.uso9lNGx.mp4,1C8B-eb4T6YJSXOVlrZGr8J_3updQtKqd,https://geni.us/o9lNGx,1OrpbxI8I8a3JWLPOy5J2qkVC3r4x9ucA,SUCCESS
Mirror Mount httpsgeni.usV0HX6o.mp4,11XvKOrDRttcCdtrm4WxBEp0sj59cHgrk,https://geni.us/V0HX6o,1Z1V5HtcwmpTxm_kvqR93_PAZOrwZ4eT5,SUCCESS
Mini Fridge httpsgeni.usTBmV6k.mp4,1WUAQ4h5uZI8AR5ea_8-lxwfWwWKAldBW,https://geni.us/TBmV6k,1Aa_LPEwVihtDAKkim8C3YTiN5TtKZmKY,SUCCESS
Magnetic Holder httpsgeni.usDEcM3t.mp4,1NcTb7ndTfyeBptP5RQZ4wH1axcfs1ATh,https://geni.us/DEcM3t,1vKA-PNOwco9mr_c7gVxZ3Z6j2LgLwqye,SUCCESS
Latch Step httpsgeni.usktzpU.mp4,11hlK2G72vtNk2irP9JOoRmWgt611KWSv,https://geni.us/ktzpU,1kJqTA-hx2d67l5dNC2D_pD_Ve4lliP9U,SUCCESS
Inflatable Mattress httpsgeni.usKw7yGB.mp4,1qas4Mdq1sCc2fkoguVwiL1KQGzqJIZ3o,https://geni.us/Kw7yGB,1Lo7yxANHFgd2Di6GRtKL7J9gG1NTkDSB,SUCCESS
Headrest Pillow httpsgeni.uscN0qG.mp4,10DU62UCLYFQkq2e8NqtASj4Q_H4onYsC,https://geni.us/cN0qG,1oYo-xQIRtJh2CWxQRGQ1k4M2kt8GqGZa,SUCCESS
Handheld Vacuum httpsgeni.uswqjAxHu.mp4,1-z8o-be2wauTOezL7kp5CdbYnqSS2v4p,https://geni.us/wqjAxHu,1GyaHDSMXMP00yGt4tLfXJ0GJ-szqprO8,SUCCESS
Folding Box httpsgeni.uskaW7O.mp4,1GPBxhmg5oL6tj6XuXv1eLFdBQNdFEXJV,https://geni.us/kaW7O,1Kgir_gr8cyWFXFmOdJGX0-EIIfrTZV4t,SUCCESS
Foldable Crates httpsgeni.usaF49.mp4,1dYD3N-eYRmg-4ZN-N9Yvl_Hf9oThbc_Y,https://geni.us/aF49,1PWwXlRdkNxeKo84MQexme7MHllhsEZ3A,SUCCESS
Dual Fan httpsgeni.us5NiV.mp4,1PBTJZ2UhZaLCJvsKddgmxNeCkREDKGyd,https://geni.us/5NiV,1TV6jo5h4D4doK388Dj11nT57bZOPGVFZ,SUCCESS
Clip Visor httpsgeni.us15fEB.mp4,1gVo1vLw6OsUml8koNSwbIhQi9AAUvowI,https://geni.us/15fEB,1nVs74oBNAysSkYh1b3MKlJGKgamUdIEG,SUCCESS
Car Tray httpsgeni.usMugArGk.mp4,1kU9fmytEsdNXtF58U3gVQMuuEBvcVz8X,https://geni.us/MugArGk,1LcFwy7mBK3MyxnPL7_o-fByvk_zKzpdC,SUCCESS
Car Humidifier httpsgeni.usvcpbp2e.mp4,1fG1zgp4InVgPYdeocaCjKi9tvytTCyR1,https://geni.us/vcpbp2e,1vIf1JcJWWlznMMAKTUPIjfLP3J_4Cipf,SUCCESS
Car Bin httpsgeni.usb6ptYD.mp4,1yduqN8PXeOt0chgW96Tqpmi0k4YMfhKC,https://geni.us/b6ptYD,1iOqVQuuFFOJSk4ftIljP9q77EHFxo2mL,SUCCESS
Backseat Organizer httpsgeni.usbSFam3k.mp4,1rf5pi9deF58l3HmEF-BBcY6J7m9GP3Dc,https://geni.us/bSFam3k,1ojQOcILeY4f6PRxc5er2pqOaAhYzDeez,SUCCESS
Armrest Charger httpsgeni.usepMzez.mp4,1cFfzqasthiuEtpB_6hJ9JrMltJBKC0Lv,https://geni.us/epMzez,1GWCvxSot4hfpfx_3liUjfbcutqOljREo,SUCCESS
Travel Pillow httpsgeni.uswUZcY0.mp4,19lEbLphJh4HeJ0dYppoH9KjS2WmvxL9-,https://geni.us/wUZcY0,1QLPd5drTCMrHQhSoqnCiH8EA3zabb4-k,SUCCESS
Steam Cleaner httpsgeni.usB94C3Wr.mp4,1x4U2iarOQKwnLqyU3AoLPLD_vL-pHMRq,https://geni.us/B94C3Wr,1Rl83dmGS5WtdekbKwosjBgYcGXSxlAUL,SUCCESS
Spin Scrubber httpsgeni.ushTa5.mp4,1yo1WOPCgS9iIGnBhYXbXO-n6C4y0ABvS,https://geni.us/hTa5,1LeVpmcan0Xcx5bF2oRU-bxNTWiLAtMxS,SUCCESS
Smart Wastebasket httpsgeni.usYDOBWzQ.mp4,1XLiDG5vdGTZZRrbInRBZXlR5sdn002gJ,https://geni.us/YDOBWzQ,1zaRynNBNzikcO6i1e7jaX_02dQZZ03M6,SUCCESS
Smart Toaster httpsgeni.usAOtx4.mp4,1XPvFhn6ID1L3OTP4vpwnKDLoR4-mfN3C,https://geni.us/AOtx4,128uE3wvBaD2ulz3x0MxNwKgOyGZuxp8E,SUCCESS
Sleep Mask httpsgeni.usrGTWZ9.mp4,1tiYSei1VlQWi52MeDJ59HJqS_fxnOIH1,https://geni.us/rGTWZ9,1hMaK9LLHBEd2eSoa3nTwZHb8aaQne18O,SUCCESS
Puzzle Board httpsgeni.usVQVdg.mp4,1R3FszZgFQ-ygtOgcENC-yrD7oSrdy4_i,https://geni.us/VQVdg,15qzEnFgjEc95jYZxpVLw0H2T4gOgVMrc,SUCCESS
Phone Holder httpsgeni.usddvA.mp4,1vKC840p4Rg2Dlui1mbOC-15OY88HMdaA,https://geni.us/ddvA,100FJlqlkGzcctylZgGUCJg38b-wNXKQ5,SUCCESS
Multi Cooker httpsgeni.usX39F1Bw.mp4,1-SkIsKZGeycDhdVSMiCdNsmIRQZEgCcD,https://geni.us/X39F1Bw,1ljTBiS1cha1HP6u-eRU5hB3q9pPftNSN,SUCCESS
Massage Ottoman httpsgeni.usUzEr.mp4,1t6w2-GbxD563j0gNezF0BfvxFuSlah7Z,https://geni.us/UzEr,14uNetNJYtRWIUh6q3r-8NbZ_5F6W-ByF,SUCCESS
Lift Table httpsgeni.usofGFw.mp4,1hSJZTeOvctgLhRGjchbqWxqR5_vqIB1m,https://geni.us/ofGFw,14HGzcbXSzLX7ClTNe59uGbCnNDLniPro,SUCCESS
Laser Comb httpsgeni.ustTFkLa.mp4,185913UjSjl_cZqRfxKGcTG2_ZNVRP52n,https://geni.us/tTFkLa,17ahGfAmrnNFWBtMtdRDyv5muaI3xZYF9,SUCCESS
Laptop Stand httpsgeni.usXnC6vw.mp4,1WS05CQolo1p-3NyMjDsK4w_fhUVQk8qg,https://geni.us/XnC6vw,1WGxNyp3YriIMyCZuYbY_rJWJ3wFQIlpf,SUCCESS
Handheld Steamer httpsgeni.uskZ5Nwx.mp4,1xk5YXXfbqzhW7FgTgQtRBNeChvOF8O46,https://geni.us/kZ5Nwx,1IY7PItwlzcX4gfQkAAdjn16X4nlEGyT3,SUCCESS
Executive Chair httpsgeni.usZUBUBz.mp4,1Ck0K3032qznIIK-Ay4LqdZMqLO8YNp84,https://geni.us/ZUBUBz,1a6HJWJdv76ZVjRD4W7N1fWfADouQeU8h,SUCCESS
Desk Heater httpsgeni.usPgb81f.mp4,1CtkU5ZjKp1OXpw3QrrIHLvSAzh49ZXLM,https://geni.us/Pgb81f,1SLBJmaAQ4_MD4hNKgFl0UXzpWK-goSmo,SUCCESS
Can Opener httpsgeni.uspzxMXA.mp4,1RM7YdJGGQg6vXy5fx5EEU7wniFTe4leP,https://geni.us/pzxMXA,1t238e_3eBhnmIWwq1rly2xr2BLIAlaXu,SUCCESS
Callus Remover httpsgeni.usgSc9gqz.mp4,1P0FPrvM6eujCrXrc061oe1bbHLp2NTTk,https://geni.us/gSc9gqz,1mfIcpOnd3nIjrmdo6EgoYIQGAYn-uPNb,SUCCESS
Baby Clippers httpsgeni.usIZw7jO.mp4,1F-RCar2hfnWi5oAiflp0HPBaD-urTxxE,https://geni.us/IZw7jO,1-iaCcdfHTGL_54qBkmD_zOYPJti_LW9P,SUCCESS
Air Purifier httpsgeni.usyIBE76l.mp4,1tO_3XxnjQcNx25k7ZEsQwq3s6XdQdlzE,https://geni.us/yIBE76l,1_NQoVBcrGr0SvqMcG-XgNe6TvgudHuK1,SUCCESS
Adjustable Armrest httpsgeni.usIXHBAwG.mp4,1Dfb1UnDWVj_JBw5vjI3MLLtoTOYgFRRn,https://geni.us/IXHBAwG,1Qeh3_LkFAnnP4PkQkA5iQnprVTHr3aqx,SUCCESS
Inflatable Cabin httpsgeni.usvfOixy.mp4,1veA0ibkB3p5ojaEumGRpOhko9s9Pq8cE,https://geni.us/vfOixy,1AsVl-xKxBlIMqIe5z9VS_2N_EYG9GDm8,SUCCESS
Folding Table httpsgeni.usR2LVJ.mp4,1Yq34ZZZD96GoQaekLQwxEp3VvjibBCyG,https://geni.us/R2LVJ,1AVYYe2-Afc9HMINMZ-ENecY35xiCxX0R,SUCCESS
Camping Chair httpsgeni.usBsweVN.mp4,1e5bN7hTsf-gsG6cG3JFHm1GOhww5CItZ,https://geni.us/BsweVN,1QxYqMBsiw6ukraEOXR34-rrxTyWAnZ5D,SUCCESS
Spa Bath httpsgeni.usddv9.mp4,1Gyw8tBwkD3SsdnV_17hoTBO4dXplw3kD,https://geni.us/ddv9,1nbBMugSzP6I6ltoGj14rzcZFu0tm0sp0,SUCCESS
Umbrella Hook httpsgeni.usQFBfN.mp4,1OnO6VpnVpTVNcw7bGHyT_tpxTvdwhWxG,https://geni.us/QFBfN,13t6Gx6YMrVH54MI7FJCt1RS9gP1pWTkv,SUCCESS
Pocket Pump httpsgeni.usEBAOwt.mp4,1mP6eMDyInxvHOCs-x5mv1C-D5FLbpZME,https://geni.us/EBAOwt,1veg-r_rcGLxxK_3aSxvY0QEuV7m7D_UK,SUCCESS
Rugged Cooler httpsgeni.usTrCrHE.mp4,1Dv5mHxBhygfKv9C9YJHMb3kTSHeOo34Q,https://geni.us/TrCrHE,1zSHQJJeIwFAQULIwENi3NfIZo8hRtbbJ,SUCCESS
Rotating Grill httpsgeni.usRv8pJ.mp4,1nU-qnYJ6ULDxA0bVUyJ6nyZ9XZHGOIhb,https://geni.us/Rv8pJ,1WlpQVTzNogED2jd2_yglnMuGjnhMiNuR,SUCCESS
S’mores Maker httpsgeni.usm5AyAb.mp4,1OyUBY7RLsTwLvPQBJsIVW5eLVw5CvRZP,https://geni.us/m5AyAb,1hAbjzqnbd3lR3lRpQhROqQeGEJBTHYD7,SUCCESS
Sunscreen Applicator httpsgeni.usiIXE.mp4,1YjsBwRK5KrmYE4w9qQpD8XyzUoSgnRVn,https://geni.us/iIXE,1l1_0sm_VBxVXuYPM-QOhx5Ly0jQg-Fgc,SUCCESS
Cooler Table httpsgeni.usiUxH.mp4,1kYoMAfFbvE7SaqAPo1KYfXw4EBHAOaUq,https://geni.us/iUxH,1gt4saI4Uf7V5hgV4KJ9nT9ivMmonc1_z,SUCCESS
Umbrella Light httpsgeni.usP6juHe.mp4,1iGCm7ZgQbq8-jUux4x3YWy97-Ijo6Wqe,https://geni.us/P6juHe,1i_Lfip1A361nCZ7LOAIHcCO1ES0_CCIx,SUCCESS
Mosquito Net httpsgeni.usBwvZvrh.mp4,1a5AlzUHH94in4oNhBI8AD4Fs_xTb4CJU,https://geni.us/BwvZvrh,1bs_CgVAFiwVJyRJAiKlppMmMbuY1xPDG,SUCCESS
Pizza Oven httpsgeni.usFKIM.mp4,1PqWy1uLJIa1P_BiRDAi5atp1MJJsFYTE,https://geni.us/FKIM,1HF4G1h4gELHq_6zfH74vzGYX2M_mhqur,SUCCESS
Telescoping Skylight httpsgeni.usDuMK.mp4,1xWfe6v_Uesy6KGOoobIOoCuaUe1hY94m,https://geni.us/DuMK,1cRKOtGay7-P6QwlKXH6vADB0wccn1KwD,SUCCESS
Electric Grill httpsgeni.usJS3Bx.mp4,14MlOZ0kmNctauOV6HoHoN0GXg_IlYPL7,https://geni.us/JS3Bx,1j3bQT6WPpuAGSTUHnA7KLX0DAFgRZ72p,SUCCESS
Dome Tent httpsgeni.uszkQHsC9.mp4,1Eh5Qr4WURwzcNDGgsv0vygm_gifNB1Pf,https://geni.us/zkQHsC9,1Yq9e5f98FYY7F74lPyBlPl9m6IHzbfNe,SUCCESS
Camping Lantern httpsgeni.usiT18F.mp4,1wfdByJ3jO1ISApVwgDvVXMKL7rx0PhFb,https://geni.us/iT18F,1zsANwB5hrIx8XzlDWf-cXmVUUAaCz1Dh,SUCCESS
Vader Grill httpsgeni.us8A0YoJ.mp4,1Q_Ent9hf88BHXsqBXDlaUu_KDZXaJWmk,https://geni.us/8A0YoJ,1l1KxHZbkln9-XsgebnoLvTkwola0se3W,SUCCESS
Rolling Cooler httpsgeni.usGoJyYa.mp4,1JBwni9DV-CHmQjWNq8r0bVHqam6U_N5F,https://geni.us/GoJyYa,19lU0be1EomT4MpT0la9DAphZ7RpC-pW_,SUCCESS
Floating Island httpsgeni.usnsfT0.mp4,1He8sYOVXt3r1L11I-cKHLzZAY49xkkJQ,https://geni.us/nsfT0,1aAPUvAkUpdxRmWz7afH7aKdjM0t6C5HP,SUCCESS
Folding Shelter httpsgeni.usJcGjs1n.mp4,14L40C1ZY8QWIzKhfk7NevufNQ7JjtCQi,https://geni.us/JcGjs1n,1zRkH2poRqt-7p7pr15OHHIbfW1PN4Tcl,SUCCESS
Inflatable Chair httpsgeni.us4nl2mqN.mp4,1MBW9DIthgzYjGCoL5Dp5exlyAU63ALEs,https://geni.us/4nl2mqN,1MQ7du1cQdPDzogpg3VvtBZ0jUy5fNUN4,SUCCESS
Hedge Trimmer httpsgeni.uszmYRIa.mp4,1C0UWY36gyE52NCsxfk5q1K9QMdsX55zB,https://geni.us/zmYRIa,1tESSz8XPaBlLW_7_WH1WDvzrqrPmXvVe,SUCCESS
Mini Grinder httpsgeni.us2jOrKD.mp4,1Rotfd9bb9aXYrO8TJflfTT2WWt4dccic,https://geni.us/2jOrKD,1a5lY5fQpndT8dEmpNQQJsaqjWzdq48Nm,SUCCESS
Spoon Scale httpsgeni.usE6ih25U.mp4,1eyKaJclKUPqAo8S-ZLTIiJ7oqlaFlmwg,https://geni.us/E6ih25U,1w2E6ZhEqOuVHWD-zWm8rwKoEtLtsXGaC,SUCCESS
Jar Opener httpsgeni.us6MAhcBj.mp4,1CICIAM_uNjVZCXJQZNcDalbLsOJ64V_z,https://geni.us/6MAhcBj,158guTaW3xfbyrpL99FtM1miT1a-_qlEp,SUCCESS
Pet Carrier httpsgeni.usJKtm2.mp4,16AUPT38N4JDScpb6Ca01J00QiUii1jia,https://geni.us/JKtm2,1D7lHm16AqAbrlsJIuPH4MokNeGhLtj3k,SUCCESS
Sponge Mop httpsgeni.usbiqCAeb.mp4,1HqmmAwGGHrYgce_giXF4SyelFdmAuiXL,https://geni.us/biqCAeb,1F1oFuWa_2RFyrgQkBKu0teJQWCzxUq8V,SUCCESS
Lunch Box httpsgeni.usGA2HXb.mp4,1JZq6_riz1TMANn0dBx_p-qOfc7BaSFTZ,https://geni.us/GA2HXb,1oH-e9d_4XQwjlTA8Z5NGnUCC0ZyRzVEa,SUCCESS
Paint Roller httpsgeni.usOBdAcRz.mp4,1CyUPuEHp3rr952zYPaPKug9fF5uuK38s,https://geni.us/OBdAcRz,1iLOGbOcP4mkvbumqWXN_DKZz2QXPIHlE,SUCCESS
Sink Strainer httpsgeni.us5buzS.mp4,1S5ly7NqZHaHu2NTpWCvs7k_8BYcIPGp4,https://geni.us/5buzS,1MelDHt7UD0PXu18ZyjcZUn0clvNJlrOt,SUCCESS
Mattress Lifter httpsgeni.usc7hWRG.mp4,1QXOnAl_ZqWzz5XWbMwy62V_yNvYxxhUc,https://geni.us/c7hWRG,1xDEkUEE0zZk9FohSBVLmHkGXbEl_zxds,SUCCESS
Heated Slippers httpsgeni.usc7hWRG.mp4,18lmQNzAg_uA3bMxMb-GIvQWZR1o1B2MC,https://geni.us/c7hWRG,1QfD5HYerm3jKie2mGVgCZ1VU58LNkK63,SUCCESS
Cutting Board httpsgeni.usEfjLY.mp4,1rO3JG0jL3G9rRMt3qNr-LzMe-6i_DScR,https://geni.us/EfjLY,1OvpJCPdb49yg7f61ef18X3WF7Z1gK_RT,SUCCESS
Splatter Guard httpsgeni.us08YJA3o.mp4,10fFgygx46aMEP--qBu4bM2yCFbFHJC0p,https://geni.us/08YJA3o,1_V4EhY-avu0UaKo8ECuUYTVx60XeEjQZ,SUCCESS
Toothpaste Squeezer httpsgeni.usyPBW2B.mp4,1PfFqN3ALhF6FJwXq7Yo81BRfTn_o8WSt,https://geni.us/yPBW2B,1MpxU2wQtrnMkRNkKdbCsHHaH6l2VRHBi,SUCCESS
Air Cooler httpsgeni.usOouG.mp4,1spQB4EhNRHA_8F-R-MLg131EkuzGyr__,https://geni.us/OouG,1i4m7dO3cfWSVwo5lAEGpFBksbxbW7sRV,SUCCESS
Grocery Handles httpsgeni.usFBBYK2p.mp4,1HcC1YOoPB_qBn2EAi5wMInb2OVZTpJp5,https://geni.us/FBBYK2p,1GUGK7TzAXiteesaKyZnhYMGUZ1m6kBRY,SUCCESS
Touch Toaster httpsgeni.usqn6AxmO.mp4,1cxCQ0Rbiw7d68iS4pWMCcJ-esjp_jwvf,https://geni.us/qn6AxmO,1dIChu2VdN5I8P1ogOlMCxBpTmyX-Eyj9,SUCCESS
Smart Bin httpsgeni.usE5Qx5.mp4,1Kg2cx58yQzLbueoUvK0OThPPjEmGnL1b,https://geni.us/E5Qx5,11eXuwZYnpr4Ex2Q4e_-Nk0IBZoZ3yQ8o,SUCCESS
Slim Organizer httpsgeni.us2bB1q.mp4,1MCY-nCITvArvspoWrgvzZT3Ye-TOfOEY,https://geni.us/2bB1q,1CfGj0tyQaA7QxzB9_mc8-CAABpe4yFeS,SUCCESS
Cleaning Brush httpsgeni.us8QvOg5.mp4,1oHjys1gjo3ybXxJyuVgP3sLnvTtRZ87f,https://geni.us/8QvOg5,1Zj4iNhVNfxugOK1odMQswo465ISBzCWe,SUCCESS
Electric Peeler httpsgeni.usNJtCN.mp4,1FFu9rTcF7Ds-9BFMNSAE_9FdawEGNcRN,https://geni.us/NJtCN,1Ueii12jMA0I6GmBTPrPqQIKlSQSbOhuV,SUCCESS
Dumpling Maker httpsgeni.uswxu8.mp4,15YiBAJdV5Hy9iOf9aZBXfA4yOoj0yXn_,https://geni.us/wxu8,17t1w4MPMePd4_umEsyCL5hAV52TrVMmT,SUCCESS
Storage Cabinet httpsgeni.usrPZPs7.mp4,1Fk2_np0vH9Px2zGSp2fmlBiGO82RI3CY,https://geni.us/rPZPs7,1IlB0QptZDYEnMhLaLDG-nW9rlymgeaOh,SUCCESS
Herb Keeper httpsgeni.usq9BVU3.mp4,1a0lO2ApmpW9pE1eEyO6B8ZbIrMFiU4_I,https://geni.us/q9BVU3,1m94o6X920gpkbQjFGnv2qWiTPHSDYxme,SUCCESS
Vlog Camera httpsgeni.us40l24e.mp4,1HJ8uX1ui6x9qPV4wzb0hMVJuPy__yORx,https://geni.us/40l24e,1qO5Fg-PHvfXuXrlTeZ6-CWin66BHsqSp,SUCCESS
Trip Alarm httpsgeni.us5PXsjj0.mp4,18zadjpIQMY1zbridlWNIZs8lkaUyLr9C,https://geni.us/5PXsjj0,1USsLJaIr_EKx9m3PNVGOWuZMITNMccjf,SUCCESS
Stop Alarm httpsgeni.usOVBnR1.mp4,14O8P5rrENQOar6nUbFdGAw_M9q3asDJJ,https://geni.us/OVBnR1,1r9rRCVHMnJtpzOZnv_I-l0lRioQ01vLM,SUCCESS
Smart Padlock httpsgeni.usjiLrF2B.mp4,1ThRn5oQ9KhPYljU9aPvyGLhykcMjUYYY,https://geni.us/jiLrF2B,1nHJdNj8kk-adTmozCR9iHbtPGZPt8BVo,SUCCESS
Smart Knob httpsgeni.usGcWk.mp4,14Fu38p5PAwkCAu94uzTU3UAfKiCnRUFR,https://geni.us/GcWk,1sX-NpMpzJTcYb3chVa-fIfDXarBVET8V,SUCCESS
Smart Deadbolt httpsgeni.usPBRe5er.mp4,1acb7Hv06OUX3eFaTQRmRbl1mxuCXd8lW,https://geni.us/PBRe5er,1PPklCEGoJR3lGLwyX1JdYpspa3rZmRSs,SUCCESS
Security Bar httpsgeni.uskz94D9.mp4,1C9eHek1nK1IK4FpSGxyIQH5RisikVxeJ,https://geni.us/kz94D9,1qlzeNHxQupa6OPpo5-xOWIDDJhpzARHQ,SUCCESS
Rolling Camera httpsgeni.usFx1t.mp4,1ClF0l5bUvLAqL9TwfH6jQKig3X7O3w2V,https://geni.us/Fx1t,1Fki31jIgnjIZZT93N4AshsuJ77lQTL9B,SUCCESS
Property Alert httpsgeni.usFIL8Zhs.mp4,1cCJCKENxMxplKuEm21mnmlEDuE1XX40S,https://geni.us/FIL8Zhs,1RcLHy52bGjkjDsPqSDA1vkcezgaURyUj,SUCCESS
Patrol Robot httpsgeni.usAknkK.mp4,1TC1T11ZogS2ytt-byRfCycNcsiX12fMZ,https://geni.us/AknkK,186FOB3zQsYXb7q5Bb9CEj3Px1i_jOwtx,SUCCESS
Outlet Safe httpsgeni.usUlKeq.mp4,1W1v6jbkysesYNjs758mtrM9qffJGkFDd,https://geni.us/UlKeq,1na0O_xediWwx97s9B5NV9lp1Ywmz3N9K,SUCCESS
Mobile CamBot httpsgeni.us6SZ8m7D.mp4,1O-mrC4m9qayPEtnKT2gnCJqtR3X5ToC5,https://geni.us/6SZ8m7D,1NTPjzh6TK7zxfql1_ko-TusQdyTZGKwJ,SUCCESS
Mini Camera httpsgeni.usaLPd.mp4,1dYd9_aeEXazTCQnSYy5xiipJD9sdGq8K,https://geni.us/aLPd,17D9DXYdZhG5hhvPGrz93APuy7jwqJwlC,SUCCESS
Key Tracker httpsgeni.usAGagK.mp4,1ghL9UCX5-DNfiRyeZO4fXS_eRip81R74,https://geni.us/AGagK,19AlE_OF7uQ0kSlDY-lnYhiPlVAMHfptT,SUCCESS
Driveway Alarm httpsgeni.usujKmuBM.mp4,1LugZPV6DVjHlOA1zUBUc-i_jIwiPklqC,https://geni.us/ujKmuBM,1-oU_ozX2e3xbGkKarW8UAAWJfxSOh1JL,SUCCESS
Doorbell Mount httpsgeni.usLBeOr.mp4,1cug5eS7UA7cyqGk53JhN00AISaOi0COn,https://geni.us/LBeOr,1iISmDO2oxsUETnhFi_GYa5x1RTlkrlAA,SUCCESS
Door Reinforcer httpsgeni.usaFdbAS.mp4,1-akIOvH-zIuqagAkq2HS_NI8dW-34M3r,https://geni.us/aFdbAS,1sMTAbHQEgA-G9W-VuSviymmw-3yvEmds,SUCCESS
Door Lock httpsgeni.usLkg9v.mp4,1K8EoGtM75V_-Q66WOtU1kcWcFEQjfRcY,https://geni.us/Lkg9v,1UmX5AVApOlJ9PZRtPNSMyXLpRcWgXvEg,SUCCESS
Door Jammer httpsgeni.us0HBvC.mp4,190hGrA6YOZcOcO5QEq28gzZgyH4gZ5k8,https://geni.us/0HBvC,1mIEHgXPcPPb54UltBSu4DdNdAUTd7V-T,SUCCESS
Camera Rover httpsgeni.usZsAHT.mp4,1qO8MLiQuC4UqBGWXhSYiR92Ebaj_pWl5,https://geni.us/ZsAHT,1PyMssDDgxh1UocwmIQylx_zzUTRmFxx6,SUCCESS
Bulb Camera httpsgeni.usCsPYq.mp4,12W7FTwgx6xHNstekG1sHG10z1X-RbHRB,https://geni.us/CsPYq,1EtT589cyH0qfSLhZuXgVcXIEOdy7AfIi,SUCCESS
Bug Detector httpsgeni.usplmq.mp4,1S8e44x_eWxC3L07gOCBuhUW2wdtbnNI0,https://geni.us/plmq,1OoWjAQ94RTmlKujobfi0TgnAi7mkv_fJ,SUCCESS
Book Safe httpsgeni.us2G9qMDl.mp4,1li-k8DUlZwHFAgPQaGZTNR5JWfceilIj,https://geni.us/2G9qMDl,1wN2XP6d6DlYUoAuokJu8rR5MihAVOuuL,SUCCESS
Alarm Sensors httpsgeni.us69r6nf.mp4,1I1IRQUa_owRRJ5FDTrwQyR85qn0LzGIP,https://geni.us/69r6nf,1mJMhUYOInNKXJEQs3DcvqGo4N4InmO4y,SUCCESS
Voice Recorder httpsgeni.usmr1dSch.mp4,1qUqnw9cDUnhCCVpBXjMyrUOuYUyw2O9V,https://geni.us/mr1dSch,1qDlqCiGiY6a5kMO6k7QEtGrbU8yURNiS,SUCCESS
Translation Pen httpsgeni.uslpv9.mp4,1TVQNqyNvz-6hki_ecj26viKgESDJOz_N,https://geni.us/lpv9,1hOBJ2PwVpWnB-3FzwDrUV1q0Toy9y-TY,SUCCESS
Thermal Printer httpsgeni.use0ZYdSX.mp4,1aSfffK3PkQCjB92SK4-B3SbgYXuxg4qr,https://geni.us/e0ZYdSX,158qN3EpmKhWAW1L9ONXHRWsftSYG0_Oi,SUCCESS
Tablet Stand httpsgeni.usFfE6Is4.mp4,1_L2Xa8K7-Xxp4YNexjCduNefKaM9PWvO,https://geni.us/FfE6Is4,1wspSvisL9iFEqKpqrLQ90Ys1yIW7CvKj,SUCCESS
Sticker Printer httpsgeni.usbTRj1rk.mp4,1nr5jPSaiz75ycfCcZtSvRkOJWweuBwZR,https://geni.us/bTRj1rk,1gMYix7SL9CbqP9u0l9x18zfCmiPLJXdO,SUCCESS
Stationery Case httpsgeni.usfB1E6E.mp4,1SJWmCBgLvJNnQ4Eb7VrstbKN9PjtWmlt,https://geni.us/fB1E6E,13PUOu7szbIc2ljIgX7-x5LVngjy-9DuL,SUCCESS
Soldering Iron httpsgeni.usK0vBTx.mp4,17E4spzNGavlBf4sUvkmiIrk5ODnHoB-7,https://geni.us/K0vBTx,1Pw_FFmjID7XGbrvsMWeP8lEUIeRrUok0,SUCCESS
Smart Notepad httpsgeni.usE4B1eS.mp4,1JwHETl5pzDE0qUaHHQ7Xs6C64gfi-LOi,https://geni.us/E4B1eS,14ac00JAXmdrMbsfDSesC6h9xnlJFb8gr,SUCCESS
Printing Pen httpsgeni.uskqAN.mp4,1jYEGryS1d9imVHucdrrgqFg4bQux-H7A,https://geni.us/kqAN,1kuWhOZLRHo3rGvooEFnxjP_hXOHbLFzf,SUCCESS
Power Bank httpsgeni.usZAg6O.mp4,1eJ56Bo_ejv2yMhj1oH3iFomg4iE0udNH,https://geni.us/ZAg6O,1HqiOo-N50gkRiNDOQZ__-Hs0IBf3KIwL,SUCCESS
Portable Fan httpsgeni.usoLGXZB6.mp4,1USlys0wiyScTfxQ88YghlKYMXHeSoP9K,https://geni.us/oLGXZB6,1QeYvYjDbTZ9s7a_D6C8Yo-2HN2x1LncY,SUCCESS
Pencil Sharpener httpsgeni.us5rSaY.mp4,14If-KSkhKp4IbfOQL47X0xYFzRnN_anD,https://geni.us/5rSaY,1CLIUAudarSOr5QCX0z5H7i5vpy7oo1Dm,SUCCESS
Paper Cutter httpsgeni.usgslI.mp4,11FDVC5UqO0H2VXHD-RFW4CMwPl0ZYPXm,https://geni.us/gslI,18jWv1yovYEN4HbYyiaJkcl5Z1d5oyvHO,SUCCESS
Multitool Pen httpsgeni.uspDVt8q.mp4,1YDsrfGsRQcCQzCe2O7O8yIiX2VKBb8ep,https://geni.us/pDVt8q,1GcKmJwydCJhpg2PzRyt6MsloB3QkRXi_,SUCCESS
Mini Vacuum httpsgeni.usUyBjm0A.mp4,1Mta-gQtCY2rBGn9iYMUV4m2O7kO9UePG,https://geni.us/UyBjm0A,12aXQa0FlM0GJcWLUYEWboeWQGQejltX7,SUCCESS
Lunch Warmer httpsgeni.uscpJrDiN.mp4,1487BMkyfIYWH52HbmDc78D3xy4ZgoADn,https://geni.us/cpJrDiN,1Gj-75XD0Jeye97NtRo8pcYibdRTAGXcn,SUCCESS
Lap Desk httpsgeni.usxLWAFzq.mp4,1BOsCIxFH0YLOfyHNRwaj82-ga1RAlIsJ,https://geni.us/xLWAFzq,1Mi0IjsEOz5-URMDFvDS4eLbkppp4WBMH,SUCCESS
Foldable Keyboard httpsgeni.usGX1Rb.mp4,1hRLVgCFeSl4YwEfrMiNwVW6bNTfasgP_,https://geni.us/GX1Rb,1fj8H4I-DnInVjJOUuBC5M52SHG-0Qyrz,SUCCESS
Electric Scissors httpsgeni.usNWkS.mp4,1Og9gBut5ZTva-kHEeAc4w-zGwsOWxIf8,https://geni.us/NWkS,1uvpCAUPiBnwxycNfpQM94qPELbdQsED1,SUCCESS
Drawing Robot httpsgeni.usqeOpEru.mp4,1_1rG9Cd8tPgk8lndDD7IDES1YZ1e53YG,https://geni.us/qeOpEru,1SPL-bp6s_LBBqayOew0Ziq79KsJmCc-j,SUCCESS
Digital Microscope httpsgeni.us5IlBXb.mp4,1JdRQ8zeQitMTJ8wQExWybxe2i8YtF5cs,https://geni.us/5IlBXb,1OYiY3bgXqsVPpMh_cEqDyhq_DE5nfd_0,SUCCESS
Digital Measure httpsgeni.usoj2ou.mp4,1ju02NO-B-WVwbxc8aeneh__MmTSqaayw,https://geni.us/oj2ou,1_j_mXGS1lb8BcAiW-7X_PbzD1Z0fbDu4,SUCCESS
Digital Hourglass httpsgeni.usxPZ8ac.mp4,1hKfH6ZC7AQeXAVblhumg0Fuj4QnU9lil,https://geni.us/xPZ8ac,1Tny021V8AHejrfkYHfzZQnhxNaEWIkqI,SUCCESS
Table Connect-.mp4,1HtcA35_dNIEmtfzD1ligwE0Y4jWST-nj,NOT_FOUND,,SKIPPED
Mask Maker httpsgeni.usRT4Y04.mp4,1vw1UlOoaEmbtQocqfyDzrExi0pM65bat,https://geni.us/RT4Y04,1fgH0zsP744_g2AQI0WPL0uX-cPtvW-rt,SUCCESS
Gravity Recliner httpsgeni.usy1Vc.mp4,1LmntZy_rOTu5FbRaCvKCGA7KjJgjIztQ,https://geni.us/y1Vc,1uK50j5lj4wl40lvALvNoCGzrunBDyncV,SUCCESS
Pressure Monitor httpsgeni.usstSstZ2.mp4,1FPXw-LVMgr7NmojCWARMZbUGgUlYMtFT,https://geni.us/stSstZ2,1rtppK6N09tPQpXC6Df7YsZYIyRih00Xn,SUCCESS
Eye Massager httpsgeni.ushM7Oz.mp4,184uygxsSKQbO65U67taySeSAE7rQtGF3,https://geni.us/hM7Oz,13IKCeCuUG2kV0AomTxsvupZ_6kbtiETc,SUCCESS
Beauty Wand httpsgeni.usfqzI85.mp4,1rSVvJp7qnw27mqOEauN6kwyT8udqsnyV,https://geni.us/fqzI85,1i2Au2uY-UKNmhjCLPXSZ5sgJxCmypJFx,SUCCESS
Stick Chair httpsgeni.usPRaA1.mp4,147kNYx_u8x2_EXaM0vD3cJRpsDAUT4dN,https://geni.us/PRaA1,1s04jqepoYFj2o1EGvnb9p8FJnYo8jnN6,SUCCESS
Walking Pad httpsgeni.usNcv5N2.mp4,1-H1wkN74LscKsCjHFrDXqSmPKmtXZKQQ,https://geni.us/Ncv5N2,1k-U4K4bquMGA7D6T6f0zpmG95Tzq-pg7,SUCCESS
Smart Ring httpsgeni.usT7NsM7j.mp4,1GJu0PumWJmNhOQ7XKfeHnJBzHqKEqbVL,https://geni.us/T7NsM7j,1i8GStVAP0PR9-zBWeEjl96EknNNoYLNu,SUCCESS
Stretching Mat httpsgeni.usie2J0U.mp4,1cVmMPeHsr6UWt8f0T3H3dujxuE6YxwBd,https://geni.us/ie2J0U,1iYT1W_mNEx1J-hBTNhRkuEDRzdD1jxCQ,SUCCESS
Head Massager httpsgeni.usUsiks.mp4,1j7q5NpWWicsiShLSwGGUKa_SwmS1zx7L,https://geni.us/Usiks,14Y0RwO6XYwlkx0puODE55z9QqNNuYPOU,SUCCESS
Shiatsu Massager httpsgeni.us9FOAj.mp4,1903IQEhBWjarRKWDVPTc2WhClDQZW0N0,https://geni.us/9FOAj,1ywHTXL5wdFn9BZ6uEN4Un6LNSiWEo5MZ,SUCCESS
Compression Boots httpsgeni.usxqMXBL.mp4,1oK8ON3rjV5g6YD9xX8O3D88H6zRjQ-qV,https://geni.us/xqMXBL,1Cr-axKZRaIidiMrdECXV9DS6sd4PAT0l,SUCCESS
Heat Lamp httpsgeni.usRBR38fc.mp4,1-Kifdeph9IAb3IjLA_Y2_a9s5qM4qM4x,https://geni.us/RBR38fc,1KSrtL0PtE4-cBkGZJGdBYtT5iJ4V9Wox,SUCCESS
Neck Massager httpsgeni.usd9x55w.mp4,11o8MA22x6U3_lemYch1xfrr_CZBrlIMf,https://geni.us/d9x55w,1D_ZP9hLO3lOkTVhCG1_pKSnve1jwkXBZ,SUCCESS
Smart Toothbrush httpsgeni.usmdGEo.mp4,17Siwha2HuTfsiQ3xn9InCoz11sWFDRzV,https://geni.us/mdGEo,1pZneTNodSp8BrrsvicwBsgHAyY9zHWDF,SUCCESS
Inflatable Belt httpsgeni.ustCEU.mp4,1SdsNgPEhuZKto_i3u8n45YcCVnqVo1pR,https://geni.us/tCEU,1GYZP9YNX7tNuwZSsTrV85B3f1PMZQ16q,SUCCESS
Massage Gun httpsgeni.usSnp0.mp4,1d7mA9Z4oI-RDzYXd1JCAEeDwcJ4YAD8S,https://geni.us/Snp0,1g7L56LirNRaR9nizwBQKmqv08ciO2_bJ,SUCCESS
Foot Massager httpsgeni.usy9N0d.mp4,17vYtOfYVrr8gMmMyiV6fcMfso1HJN43d,https://geni.us/y9N0d,1ark895iegQhvhofjpo-WSwRR40IeJ_Xd,SUCCESS
Nail Trimmer httpsgeni.us9qGS.mp4,1g_4U4zajFrYM-g_rwWJ4xvx2epsv4Q0J,https://geni.us/9qGS,1KRa0iUV2SnOnUfZPZZEyGCxptWavWASk,SUCCESS
Pulse Massager httpsgeni.us9Y0LKB.mp4,1ENOSGg_i5ntGi6QIjR-GxxYtQ4Vp0L7c,https://geni.us/9Y0LKB,1cupqEKncfFnRprsa_oiHVa4JMGpTccRr,SUCCESS
Air Styler httpsgeni.ushXCFbh.mp4,18xMXC5nP1dOR0KE2p-yrkS9l6AQ_-P06,https://geni.us/hXCFbh,1ZN4oh4CPR9rHcVW0UZ4iR8pj5PtLmgAN,SUCCESS
Foot Roller httpsgeni.usTgsS.mp4,1HhMvvjYgrabHRi4NKQ9fB1BX8NyJ_-P3,https://geni.us/TgsS,1bscXZ-TyniUn1Sw__JJRHLbosrHvEJL7,SUCCESS
Scalp Massager httpsgeni.uskMDg2c6.mp4,1ORnyB_DaHN2NeRj_LWB40gPNb58zJLhe,https://geni.us/kMDg2c6,1GLLXm1RJRwtpoYZubuS1_77QFHXIpXF9,SUCCESS
Water Treadmill httpsgeni.usBe7kz.mp4,11R5-1qieueAA89EZR2waB3KDFT0SDKJy,https://geni.us/Be7kz,1pMd9BpAovkKmBnAV9c_yYAQDRvRd9I91,SUCCESS
Sunrise Clock httpsgeni.usazmPzEK.mp4,1XUUtXclfMq2QNbOdnEVfibZxLSXdKye0,https://geni.us/azmPzEK,1emEX9cUe8MZzQtq0C2HF1QWmTZHIp78Y,SUCCESS
Space Heater httpsgeni.us59iotN.mp4,1Vi1lvWutYW1ocBSBOoOuj4zuVNLAmmBe,https://geni.us/59iotN,1dievauaLOKeq_YxRJ7tt86uZuMkb558g,SUCCESS
Sneaker PC httpsgeni.us8ZCgjf9.mp4,1p3rtXbKxxbs9Gc2jxBsuvQuJ9Lz7xAD7,https://geni.us/8ZCgjf9,1UfsOgMH1O1i-gijU546H0lnNwaU2xVQy,SUCCESS
Smart Chessboard httpsgeni.usxOL4m3.mp4,1SGsULh60OJd4wIce99V-bVrl1yJQvPzN,https://geni.us/xOL4m3,1NM8dsITqir6FkJ8ftEagIHZ5xdQqTXiN,SUCCESS
Security Rover httpsgeni.uss2l6z1.mp4,1GSVHQeSc7IEz1oNZnoOkxjbcwVI-d3q5,https://geni.us/s2l6z1,1CtlzS59pARtR-Hsrm4DrwhRYXL0UJJaq,SUCCESS
Ride Suitcase httpsgeni.usacZripW.mp4,1ua_tBLkVjJys7ARd32wCOkVr4-lSMZKu,https://geni.us/acZripW,1E9Ny9mmxQ3bn6NOn3KaKBkoNkEYfyWk9,SUCCESS
Pizza Oven httpsgeni.usJNOFyG.mp4,1l1hztoZAdwIqpvcJO4Vvgd7IhLIMd14_,https://geni.us/JNOFyG,1oeJ2FY1wsgnBGYKWkTsIQSpjJmj5reMP,SUCCESS
Pixel Light httpsgeni.ustbBKGd.mp4,1PHe--l2my4Pq_1VTrA_oIeP7aYl2POhi,https://geni.us/tbBKGd,1JUEeOQYAr3DqzCiEJlVHS3mS9hUDo5Z-,SUCCESS
Mini Vacuum httpsgeni.usvr4eq.mp4,1e1eqf_k1KtXPsyo--9GGqJPxt21wPh9M,https://geni.us/vr4eq,1RaaN0pnqXyW2SzS2arbZNu8KebINrpbU,SUCCESS
Jar Sealer httpsgeni.us6TR89.mp4,1qy5WqwEkRWrTELTGRzqx32eABo-9XsN5,https://geni.us/6TR89,1aFaGgGkk9nAettgGpcJvtetPj_UbtI_D,SUCCESS
Heated Vest httpsgeni.ushXtcjc.mp4,1Zd45D7TuqtONIaPneYpFhJnMx0CP9MTX,https://geni.us/hXtcjc,1CKs4Q16oD5PEb9ODpAK6kcF5rFZOXOMN,SUCCESS
Grill Robot httpsgeni.usYc11V.mp4,1i9eohFzQ4AxPCOUYkx1ee7YkYDcy2H6t,https://geni.us/Yc11V,1XYZ4nV4jSiQ512IEYWGhm3-zH7vjBBmh,SUCCESS
Gorilla Sofa httpsgeni.usXXxP.mp4,1BuvEHU3MGX3HRTxg9Ot-CgeM1itK1oxK,https://geni.us/XXxP,1R3rw9a4nypKJ3GUeD9UhvdxWm7ujm6ez,SUCCESS
Glue Gun httpsgeni.usYHbqO8.mp4,1l21TqOtt2a9ZWnP8oyLvh8hJlwmKqlTl,https://geni.us/YHbqO8,18Em5bN29FzDQkNmLti51IMQf3xD2Af1Q,SUCCESS
Exo Suit httpsgeni.usfpThM.mp4,1pKhtp3OSPYbL0qXGlc8qhvei7GKWhdTX,https://geni.us/fpThM,1GqJbl0ZPIgnD2gDNW1nMuW0Ld1ZX0L7o,SUCCESS
Craft Machine httpsgeni.usm6ki.mp4,1Ww1SERYqxe1IaoUTA-7s9xXYrBkGXI_5,https://geni.us/m6ki,1TBSpMsABSb15cYjwxSMvPCrgdk4hpDzO,SUCCESS
Bike Lock httpsgeni.usKYa5wC.mp4,1tCNaFPPoEF9es0eTIFJ4X9Vszef2YopY,https://geni.us/KYa5wC,1x1p3aVgVTgcj65n6rWmVJn971hQKN7tT,SUCCESS
Baby Carrier httpsgeni.usN7sMvv.mp4,1Y_XAMwmM4ZXEeFcPSd7ecwhUAiO1SuvL,https://geni.us/N7sMvv,1r0hNqj_2YqG-VuxVTGb4uc-EPLO7y6-Q,SUCCESS
AR Glasses httpsgeni.ustaVjHW.mp4,1FgsAR-11wFbRezQGyr4FOCXc2FZ0g7Bp,https://geni.us/taVjHW,1XCtBPte-T7TTXpvJl03Zpn8XSfs3Hw3Y,SUCCESS
AI Webcam httpsgeni.usjei2B.mp4,1pSnWHXSiSEcTulap5SIiey5cFgBkmrQC,https://geni.us/jei2B,1CXFg88FFmBf7mSi5tmjoDBwFfodwwk5e,SUCCESS
Induction Cooktop httpsgeni.usYSxpoh.mp4,10EjghFNYxdDvdfe_DKdgL5T2g33ahdRU,https://geni.us/YSxpoh,185XXN9MlWsre5okct51obUZ0Mij_z66w,SUCCESS
Pan Strainer httpsgeni.us3HZjVm6.mp4,1tdG86j5MfX4rxhWfpxg-Diag1LTOEVYy,https://geni.us/3HZjVm6,16_O_z7H22TL5hORo0tq8uKAdkyBAn7WH,SUCCESS
Dessert Stand httpsgeni.usf9ovm3I.mp4,1NP4b4F-1PixilO-JNSAllQ2DbHaND3P7,https://geni.us/f9ovm3I,1j-H88Z-hCqASIC-hrGzMVgGod_93eFOd,SUCCESS
Citrus Juicer httpsgeni.ushBwue.mp4,1QthxKMdK42A_Bzr-3psaUBX4CPcgqEsv,https://geni.us/hBwue,1vvwHIYtQBsp-c1tNLRJnC1VjbrSiecD4,SUCCESS
Jar Opener httpsgeni.usTRuy3.mp4,19IcTtZ8saagLOLA3G2VDqOfK2lgH6-sY,https://geni.us/TRuy3,1iWi8xQipQpli7cS4P8k0iVLEvHFBVz0I,SUCCESS
Pineapple Corer httpsgeni.usBs0r.mp4,18-Ed3GIgBu3bFJjvId66vHPqwryO33-_,https://geni.us/Bs0r,17ijKZkeRuYCqCcV69XF6zPLWZm48Spo5,SUCCESS
Ice Creamer httpsgeni.usmBKasj5.mp4,11EXnAsM-NZBsevPh9YJpHdudaDf5yeG3,https://geni.us/mBKasj5,1DJrdY2AHJIfg8CX58E-JBapdzZhamyBZ,SUCCESS
Electric Peeler httpsgeni.usPNpnLee.mp4,1UCDGMCdC_zHbDJg0gy_qUALYxgFbbgqp,https://geni.us/PNpnLee,1uCPbXyNgKNJbDuMzA9f4eGUbrOx9sP8t,SUCCESS
Fruit Slicer httpsgeni.usjapPa8v.mp4,1T1x1nllulH0k9prkYzRkB15jLLccbbuL,https://geni.us/japPa8v,1t6tTKMLIXojMRpOmmG0dOWnX7dTFtmgI,SUCCESS
Rice Cooker httpsgeni.usoGZN6Fx.mp4,1tjT_yzTxsg7h30gANL4rrJBaeD2mOqb4,https://geni.us/oGZN6Fx,1hV__jv7J5XtLk489wMxnsb13PP91MXP2,SUCCESS
Silicone Lid httpsgeni.usGijxQBQ.mp4,1j8dQiV1qxhYwGzvHeKeXNH-6xb01I0BY,https://geni.us/GijxQBQ,1h8giXV9_RdrDdZrQDTVqkqDg8a4nia2f,SUCCESS
Soda Maker httpsgeni.usNbd3.mp4,10YLsRR95t3vomMqvVP8Z5H77YmgoXLZM,https://geni.us/Nbd3,1ClMCvM7bslHLwEeFphis_OYKoZm2eohz,SUCCESS
Food Containers httpsgeni.usBvWwM.mp4,1mo2Xf73vkJct4XcL5cUo72KGgXnWCn6e,https://geni.us/BvWwM,1WFQOe2Egou5rk07Ocahwp8X3NNZcDjzP,SUCCESS
Ice Maker httpsgeni.uschV3y.mp4,1VFZaaiygzPpZ5VcFGb6UleCh-4lWvmWB,https://geni.us/chV3y,19hIFpEScuBog4RSfkyNWdHCuvPuIfoaE,SUCCESS
Yogurt Maker httpsgeni.ussTaaBK.mp4,1r86AloxjyYjTOEzNXbMuLsggd6CBVXp0,https://geni.us/sTaaBK,1W-cPLVh5SaOSJuJTdPEn16d_gx8y2yNi,SUCCESS
Tiered Stand httpsgeni.ushlRBal.mp4,1DRQ5r-vP5usEGisze23XJKVaMQS-byGn,https://geni.us/hlRBal,1WMY_Oi1-9TWq63vr7n7iMexvMR-SK2wf,SUCCESS
Measuring Spoon httpsgeni.us8wpjB.mp4,1_doGGqo3WE37OEi3YVwZIACciwUQkRmn,https://geni.us/8wpjB,14YWXrN5C4_7dQSHnsDOBoHkNhCrwQD8F,SUCCESS
Rotating Pot httpsgeni.uswBJow.mp4,1Tp0AxGmkmcsaWoG9YauxQU3kyqWAibbo,https://geni.us/wBJow,10cPug_ZIrE_siKAR2Pc2Re4pW-CXJ5mF,SUCCESS
Sink Strainer httpsgeni.usHpY6Wr.mp4,1_pPVNLfoiZ7nW4BT2YJqdQrORQgfrASK,https://geni.us/HpY6Wr,1deREPlJP6O6a-hO9PnsDm25nlhCVuAWh,SUCCESS
Indoor Grill httpsgeni.usWFfcz.mp4,14tlvTssI-RVj2W8icC-5YWD1K-zNLkn_,https://geni.us/WFfcz,1HUh8T2FzRRAQriYlMZB0tchkAeUKyJEa,SUCCESS
Double Oven httpsgeni.usLsNVFua.mp4,1GpB7t_h6rvnXehSU62lCeVUTMhyf1qfM,https://geni.us/LsNVFua,1oBYU7r5FfX2dNw3XgJ6qE1IZdjWpgOn7,SUCCESS
Under-Cabinet httpsgeni.usmXfBOjw.mp4,1DazKfAFKVg1J0jVz2hZVKmAnuAsjWDrW,https://geni.us/mXfBOjw,1a-fJCLld4kuqVQcdsMXOw_E4aMf08pO5,SUCCESS
Smart Lock httpsgeni.uspKudFTu.mp4,1rxIkDYUwLmDP8SVF9jOkSx5DUS049KCW,https://geni.us/pKudFTu,1YSJuvPtQph9GMjftRus8WgYr2kcyNzXm,SUCCESS
Smart Carry-on httpsgeni.usBPfo30.mp4,1NeFH0nu-Uf6Eo6b-YqOXHIKbV0hlyEuN,https://geni.us/BPfo30,1UUUK8qptkG8cjnG2F6YCf2D34Jv8GKbT,SUCCESS
Selfie Stick httpsgeni.us0vK8o8.mp4,18cmcphbqhzEd0Xs37TLu11DVCg4qaOk4,https://geni.us/0vK8o8,16gUTj10IRz0ndJDjXB8xPxxncFG5EGGe,SUCCESS
Pool Lounger httpsgeni.usDytO.mp4,1595IOta_QOaKtzwonT3FAgU6OdZa6VKM,https://geni.us/DytO,1nVm2r42oumeZ9CqR6kgoLWPtw8TQDM3w,SUCCESS
Pixel Mug httpsgeni.usj4zC64i.mp4,1oTM-skv4PmZoy5qylpGICSYJWhaSgGDS,https://geni.us/j4zC64i,1T37I-wUSu20SuMz5acWH5F47R3xbjaJw,SUCCESS
Magnetic Charger httpsgeni.usql0zuv.mp4,1gAA6RHpTgq7L-OCovQi25GfcOw-VoN4Q,https://geni.us/ql0zuv,1BQknukirCBHDH46Y2TO20JjPaRccZjwn,SUCCESS
Mini Washer httpsgeni.usjv6xVMa.mp4,1Cujqn19o_hD6PN55meDBok7TETnGwuvG,https://geni.us/jv6xVMa,1IslZ-PBfwN8r5wNSCJfWZ9nVW0Wrp4AA,SUCCESS
LED Nightstand httpsgeni.useyyffi.mp4,1CCYw2XWMyOKtGb1Tejtwjw3VXBC7axHv,https://geni.us/eyyffi,1CygtBhatJW5I_tMVKRI6gza-GZuejOsn,SUCCESS
Hexagon Timer httpsgeni.ussmu8M.mp4,166xiSGIunKotpItXUYqt5jt6PmBxfTgN,https://geni.us/smu8M,1TX5dBt4t1bRT87IUEH4muUgTOREUmPOx,SUCCESS
Folding Cart httpsgeni.usGX9W7.mp4,1z9eVKnvJZ56AzPERHelDSkJChxaC8eaw,https://geni.us/GX9W7,1ulcQUW4DsrhozKgR1o9ZXWnI8cAzpFQy,SUCCESS
Floodlight Camera httpsgeni.usbRPasJ.mp4,1XAod69BuZuxqP3ltJIJKU7YyPG5HvbPq,https://geni.us/bRPasJ,1LdWb-W6vy9Dtb2MXC0iMKaA5_4B56GKc,SUCCESS
Flexible Strip httpsgeni.usI1kkhgH.mp4,1o4bGrQz5eX5q2u5KKNQjul7kfuCub7NI,https://geni.us/I1kkhgH,1OhUoaIG5GSlFmBz9MtR2TM98371VawuV,SUCCESS
Fabric Shaver httpsgeni.usYdqZuS.mp4,1Nfi9D6HaGBNCdAGY7WmAsqUuOEIl51Tb,https://geni.us/YdqZuS,1kNLcVxKqZyBwugjcBTYiJm9urKwvI-Gn,SUCCESS
Couch Caddy httpsgeni.usxyQN18.mp4,1CpzAOr-orfxLrz9NDfxfoKwP2enODxnJ,https://geni.us/xyQN18,1DbH4n3zFF8YweXqJT6V8xU4QzFF040yT,SUCCESS
Cordless Vacuum httpsgeni.usR5CX69.mp4,1YcNLMA5uou0M6QOSkYY3IkQqBmghQPr1,https://geni.us/R5CX69,10Nu9d91wzV8XF-s9b-_BwtoNefdkWccf,SUCCESS
Cleaning Kit httpsgeni.usCvBUvP4.mp4,1Mjll2H1FvBgtrmOh1X-t42HdBbgomZHi,https://geni.us/CvBUvP4,1pXpRkQEsoS1yvRRhJ-mUOPqSjQWERKAl,SUCCESS
Boot Dryer httpsgeni.uskDVZ8.mp4,1vMMfjLvGr9m4IwsPpCxTNUgFJZd_2uJy,https://geni.us/kDVZ8,1DclTqEikHIS_V--R2T2b1VEJZr2388Fs,SUCCESS
Beer Dispenser httpsgeni.usiTxa.mp4,1UVSA4wQFNUz2b0EYvnChI7nXPrOga3mF,https://geni.us/iTxa,1FbqE77CHULvzRthNLB_oBK4NH9Anuclb,SUCCESS
Automatic Threader httpsgeni.uscA0HV.mp4,18mox8GLssqNl5dj_neXV-K39CxXyirVu,https://geni.us/cA0HV,12UF7T9pJeVsagVLbbauaXp0EAQKvO8PM,SUCCESS
INTEX ES httpsgeni.usW5TjLK.mp4,1FORUv4-osP_kShMRnIj0lYsjgEI-sfYT,https://geni.us/W5TjLK,1kXSNIc2Ligtm5FG_8mLobHm3uQ1zBxUX,SUCCESS
Handheld Vacuum httpsgeni.usWoCX.mp4,1ab-_agwCL2tookYFhza6j36or4rlGFuo,https://geni.us/WoCX,1_4aGP7jDDz-5Vxc5UtqmbboNHczssGE0,SUCCESS
Bladeless Fan httpsgeni.usI8esB.mp4,1rz67tkZb2E0f_OD4i-wpifZ_2dZBmWuY,https://geni.us/I8esB,1bzaJ4APA2ZhSIaX47u5X0I9DICxzrms3,SUCCESS
Floating Nightstand httpsgeni.usug0UV.mp4,1gZHFrmn8M5iEeQ04hYw51r0KX-WaCtVU,https://geni.us/ug0UV,1SFwgMhO_lAA5jrDejJ2ZevlevfdyyzlI,SUCCESS
Hydroponic Garden httpsgeni.usF2UUWl.mp4,1H4LKgeiAMv0XCNKObAiKVP5CbqcDzJhh,https://geni.us/F2UUWl,15TqYxsUuW1JRRs08PCOlocfuc01IxFff,SUCCESS
Swivel Chair httpsgeni.usBHAYB5.mp4,1SOc5xr24JiADU0Cuyo9BVUgiaUkS8TVH,https://geni.us/BHAYB5,1XF1w7JPXnDA1-KTGP6dD3Kp-iROq5vGX,SUCCESS
Triangle Shelf httpsgeni.uswL3A.mp4,1J_K4FbcYHVe5VqbKJJ2pqls2zBhLTLM7,https://geni.us/wL3A,16GLEE-c_aQgbxLXleFogMHsQhbEA1910,SUCCESS
Umbrella Light httpsgeni.uslfVJCm.mp4,1fEydyz5Wn8ZlfXU4UR5tKmeV0fGfWNqj,https://geni.us/lfVJCm,1OvaCG3QcBKdxZgL6WMZUbg-cW0vpSOHz,SUCCESS
Drying Rack httpsgeni.us0rDAMR.mp4,1cF4uP8_gDK2-zyf4xPBt2rhy_FUzwmHI,https://geni.us/0rDAMR,1v4wB91GpGkk3-wxQ-kn4feEoPRvpZQcA,SUCCESS
Faucet Extender httpsgeni.usVQu2f6H.mp4,1fkUj1966rqvr64hAGi_v-TUxoW7w7qJS,https://geni.us/VQu2f6H,1zPx337h3TpkKf531SO_51sIMeCaZ99OM,SUCCESS
Rolling Table httpsgeni.usevpZ8QY.mp4,16dXDzBVkxdBjKmnSMV6j8_ptzM49oJEp,https://geni.us/evpZ8QY,1EEhZZ8eZ2_D2kZX5BPvg_SF1ZFPJGc15,SUCCESS
Phone Gimbal httpsgeni.us7p4W9z2.mp4,1UMYRsP9UUsCv2rvdYTCGJn92d9DSyfke,https://geni.us/7p4W9z2,1GPxtMj7Qcxl7o5Sdr7NTzf6AI1-Ao9dd,SUCCESS
Laundry Hamper httpsgeni.usHmzYkol.mp4,1mQmhescIf6Wx_BFw74LguIDJdnChEOhx,https://geni.us/HmzYkol,1eF1Qm98bJGuPkc_keehRqmqxRo9iUYQx,SUCCESS
Rotating Tower httpsgeni.usgZde.mp4,100z1bARE-9cAnN6yPYn5ymDdKs6nQtTc,https://geni.us/gZde,15vvIh9hP6dNWjlulpekyNu2zQV4iviX5,SUCCESS
Charging Station httpsgeni.uspOctG.mp4,1Qh7sGLVeJ--bxC_eL-EKo5O2TZXWCM6K,https://geni.us/pOctG,16H-VuqnDbnnZunTh4ADJIRpdOrr_Xr2x,SUCCESS
Hidden Shelf httpsgeni.usDjltBs.mp4,1YkcbQx1eB4LsHMwxRnou9uYUV2udwRRO,https://geni.us/DjltBs,1UzwKNEDpKACzMzkzBNnGSs8uw8jkGIPX,SUCCESS
Pill Bottle httpsgeni.usrSm5.mp4,1Sjhl5hlG_B695Qe6zZCIRPkrQJnPNDrV,https://geni.us/rSm5,1ozAOe8miG5SbwURywxoUMAubIpcSL75I,SUCCESS
Lift-Top Table httpsgeni.usuPA8S1.mp4,14MiE76TsjMnikKdMLPh3n1HWdOIKD1vb,https://geni.us/uPA8S1,1is6DPDicrUCOGIUaB6cmQr8P_pADgr6f,SUCCESS
Mirror Cabinet httpsgeni.usGXIff.mp4,1Eg64tP3alPl1dKeFacpaG5ZV8gqF7ozs,https://geni.us/GXIff,13LY43PsQ-q7vGUYPIF6lQstUjNNMZ2uM,SUCCESS
Foldable Cart httpsgeni.usECPy3or.mp4,1W6zPf48L6G0AxmEVJZfrfUZ47JkFQTGz,https://geni.us/ECPy3or,1IAK7LKkw26wg7RyAmfe-oZwQfeUoyYOH,SUCCESS
Laptop Desk httpsgeni.usOGc2.mp4,1s1zzld_72hCVNiwB73aM_pACChNn-s72,https://geni.us/OGc2,1HIA-E1B5ptOdgl2sV_5am9V1OOXChDdW,SUCCESS
Patio Umbrella httpsgeni.usIZMFak8.mp4,1v8jHJPv5DHxg62orH_eVAUyIp_-cPagA,https://geni.us/IZMFak8,1BmFjQh6lXE4zvVuE3Yvb_cDeWmFs86Rk,SUCCESS
Teddy Ottoman httpsgeni.us94PqWB.mp4,11esYIL2h3A3tcMTDpIcV8yzfJYu5m9GM,https://geni.us/94PqWB,1nCulgLV81SQEyNCDVsnyk7f77g8-ZukM,SUCCESS
Smart Table httpsgeni.usH2O2boM.mp4,186SgoI8ER0e7ODjzxjHoe-aSa5jbHsY7,https://geni.us/H2O2boM,1W8-21PhWwxm45OkQ6t4YBbmEuS00F5Rj,SUCCESS
Cupcake Scoop httpsgeni.usCkKBI2.mp4,1Q_s3Fam_mjt9h09afZ2qoWuCkr17_gxx,https://geni.us/CkKBI2,1eegbzKL01-CfWZ1tBYwhneSbf7SsQED8,SUCCESS
Washing Machine httpsgeni.uswO1EWcn.mp4,15Rkx3g-QeDnSDV1O_fVIjI2mga_13dak,https://geni.us/wO1EWcn,1aPQv1ZGwErA9cpxjkkxjoDsPq2WVdJfU,SUCCESS
Steamer Basket httpsgeni.us015gBF.mp4,1zg3b54lha67LA1yPOJmJQNmZbUp4YCMh,https://geni.us/015gBF,10ZmzlrsGMeR3C2gS-KOyPWvlpRdWJ0R-,SUCCESS
Spoon Rest httpsgeni.us6vt0M.mp4,1r9y-DX-yJLJ9JB18mwaMIVxf46LJWrTt,https://geni.us/6vt0M,1fpn5kplhVSAQFCKDEoHO2uqe81SLjwGs,SUCCESS
Spice Shaker httpsgeni.usy8BJSRM.mp4,18FftAR5dH7P5Vw3B4ViIUWr2hhu0lT48,https://geni.us/y8BJSRM,1D8vkuRW_UQQhDeSw1gDTCvGzYZFMFYpI,SUCCESS
Soda Dispenser httpsgeni.usY82Uby.mp4,1uXo46QzFuQi1wlZK93hBfGDqgzAMnAvT,https://geni.us/Y82Uby,10G7e999b5A02E6UjuFqy0RIGU2tw-Fu0,SUCCESS
Sink Sprayer httpsgeni.ussBdO.mp4,1NCjNb4NW1_lPZF_mU2pArhOrKA7mTyJy,https://geni.us/sBdO,1F0Bp0AotlySezY2HSdm1yBUpZmSnCtOS,SUCCESS
Rotary Grater httpsgeni.usU8qhb.mp4,15l2pntKAsO1hTmtR1jPmfAMeKaOa4Yf8,https://geni.us/U8qhb,1_2O9fAPrBHQRjox3RCdiQjJzeEa5C3X3,SUCCESS
Pot Brush httpsgeni.us9YiJQ.mp4,1zL4RBQtieck9QeEwq-8kvTAxe8GznuuW,https://geni.us/9YiJQ,1rHYsi3V39TXHiH1k3XBvtEOv782xZ_8h,SUCCESS
Peeler Sharpener httpsgeni.usA7bMs.mp4,1RUkBWG_ZoTPumFwJkkC0IJi0NaY65u5t,https://geni.us/A7bMs,1S0GdSB5HJaZC-mzya4dgVtOlE78Evb3-,SUCCESS
Peel Catcher httpsgeni.usbkT7Rew.mp4,1Rq0w3-lL6KxSGMQ4GK4T3-93EkCqj5iz,https://geni.us/bkT7Rew,1-oSmOQFk9uxN-t04IbJOpbdeSz37oXdx,SUCCESS
Meatball Scoop httpsgeni.usYgpvp.mp4,1xTXT8tA66slXcQjeQ9WTOcOSkXHcygp6,https://geni.us/Ygpvp,1No7LrQuFuQqlfuC8e23nMqSIGyyxt0Ni,SUCCESS
Lime Juicer httpsgeni.uslBNN.mp4,1fdL1mj_5VmsrRxezrsL-wvU13LtU2HLI,https://geni.us/lBNN,1QJ8wYRd8Us4L4e7AkXCwb2qSWxcX_B5X,SUCCESS
Jar Opener httpsgeni.uso8wM.mp4,18XzvoCUHv4reN4r0zf85U5cTVlbuS6FO,https://geni.us/o8wM,1NrcCwR7ZE3r_05beOFWQMgRUdNFNWKFR,SUCCESS
Fruit Peeler httpsgeni.usAAwhto.mp4,10PRa_CmQagbPGuSOoF-fedbui-op5VAd,https://geni.us/AAwhto,1yLiS-SotzpLhgJQMvPQWjv2nXImKsm-c,SUCCESS
Fruit Carver httpsgeni.usonDNIA.mp4,1Ej_vdnJTj2SJL0fiitVZMgM0i5CeMZJ8,https://geni.us/onDNIA,17OEwm6CaNv-2YOXi2Syw3ktQjwegqUbb,SUCCESS
Food Processor httpsgeni.usGS04U.mp4,1ytXzMEK5oDiqUmCjgIsOo4Vs3awdFW_E,https://geni.us/GS04U,1kcsMztLFOGY8tCQ3Xdyha82vUaSbB3RW,SUCCESS
Egg Spinner httpsgeni.usMTIh.mp4,1YwrUxufod3bQ6rAENuqiNP9ebvrDxNsQ,https://geni.us/MTIh,1bKIgomqbONiV8ZN2lSjnfn9VKwLLwUsB,SUCCESS
Cutting Board httpsgeni.us9jFpA.mp4,1AVTXYRvlW1Cv5iuaNRIB8sURxfXwZ1dF,https://geni.us/9jFpA,1O3K4Iz_Jqxdh-Zh3fCoS1EF1Su_5wI0a,SUCCESS
Core Remover httpsgeni.usa6Qg.mp4,1v9mZxMV0dbfRf-8HmgFLJyovVNszo-7C,https://geni.us/a6Qg,1N5Qyfl8gepdNNBfziTbPeiojsGAYJPmG,SUCCESS
Coffee Maker httpsgeni.usrB6b6lz.mp4,1BmxBYO0u_QwiXp__sJKVPpfv8snPbdrx,https://geni.us/rB6b6lz,15saDp_5xRVEPFyBrj9D7iwqWUopDSnnY,SUCCESS
Cake Cutter httpsgeni.usxuntnp.mp4,1c0S77zg8x9EfeJtwm0FdFSPtejSdDjR3,https://geni.us/xuntnp,1UtuYFnlBNax460fQUU00GbFBd1iLGngR,SUCCESS
Bottle Grip httpsgeni.usDR0oxMB.mp4,12ctV0lwmZCS6HJjFQgRI9zwQzONseyE-,https://geni.us/DR0oxMB,1SupiQYx_fL2hwSqnS3EOQCTqD1GY-gL9,SUCCESS
Bag Sealer httpsgeni.usC8MZBB.mp4,1PzVcDI9nPp6eSPJNhvtlK69WX7o3Y7Bw,https://geni.us/C8MZBB,1JdcGe-l1y5leiR1ZcJyKfzSqHojo4hFW,SUCCESS
Staircase Storage-.mp4,1vgX9uoCcYZPlCaYNKnU-ZLta73dbeJrl,NOT_FOUND,,SKIPPED
Bread Slicer httpsgeni.us6zEqghB.mp4,11TaBA-amTs-ZAmDwUa4Om8FSL5ZRwgNG,https://geni.us/6zEqghB,1CEWGcydiLS5V1-I-3byWpeL6jgev3VBh,SUCCESS
Dish Rack httpsgeni.usYtRV2Dc.mp4,1GUgHWoIoESELOUqY-VoqHE72dZs9QGCO,https://geni.us/YtRV2Dc,1f24YcOlI07U7fRB8Vq-fNEbPobGfC92E,SUCCESS
Storage Rack httpsgeni.us9HzA.mp4,1xJRnZbqUPUR7LW4uGkjorXyC-tlryzSz,https://geni.us/9HzA,1Xzi5hUKZ1wfVOinAESZdDdxj6d-qc8jy,SUCCESS
Batter Dispenser httpsgeni.usHuImXFx.mp4,1ZDV9F-FmLAEIMT83tdl-YESqxo6u32KI,https://geni.us/HuImXFx,1tuQvkA5i4f0s7xsr_soDnaQVDquBjWY3,SUCCESS
Can Lids httpsgeni.usuReiRj.mp4,1-bh1Zi4-HEbDsYiRL1VxTz1WaeOCA4fD,https://geni.us/uReiRj,18OoEyXRz6elQUOC4Se3w8OoZkqX1yeg4,SUCCESS
Cold Juicer httpsgeni.usrqcNYT.mp4,1BRGEUDw9o0OGfWw4Jv9SshZOdAEsJqed,https://geni.us/rqcNYT,1CRSuaRKuXsOm0JcKX7baw3ychqFS6pTn,SUCCESS
Cookware Set httpsgeni.usNyON.mp4,1Yg1TmvHjBbtpB1AIW6ibEE8hZL9dHwVZ,https://geni.us/NyON,168mG3bon5Yp3gEouyn3tuJfgEv44Q5U4,SUCCESS
Corner Shelf httpsgeni.uswYSUwT.mp4,1K2Xznn9bSJwHUVL3fhyYv3SCkUBoxE41,https://geni.us/wYSUwT,1IiRDNlzfmlRUMKXeJq5CGEv0P868IBDL,SUCCESS
Dual Cup httpsgeni.usSBHK6N.mp4,1iwnNjBdZ1S--H2qAFTiyyFOzsTN5WzF2,https://geni.us/SBHK6N,1ELXBA7yKI5hQuP5PEoIReFW--Ddc6ytX,SUCCESS
Dumpling Maker httpsgeni.usJHXiOj.mp4,1a10qiN_x5InrMwihnvgN6VUHYR9eByBU,https://geni.us/JHXiOj,1PKfz-F1PtY2eVHHTmsigQ2auiKwjlKqm,SUCCESS
Electric Chopper httpsgeni.usCFcsSG.mp4,1Pkt_BlEgERk_AUiO5f7AQvfpVFaRMAWG,https://geni.us/CFcsSG,1ruTDRI7ME_-Arv9G4arJ5pDdkk--oQZT,SUCCESS
Folding Bottle httpsgeni.usQwBJo99.mp4,1zh_T4xtWiOkgZpMVLfJo7yqVUzXsAUVQ,https://geni.us/QwBJo99,1Jqo9_wWONRppO0p6QZok9JUUVW19u7dj,SUCCESS
Folding Plate Holder httpsgeni.usEQnvl.mp4,1GVUcaW1PLcJ3IEoyvLldv3AE21cOnINg,https://geni.us/EQnvl,1dI9dg8Fl9fMk3uy20eBhn9x1CXhv0DCJ,SUCCESS
Folding Rack httpsgeni.usqN7rzsI.mp4,1fuO28mSRLeV2hYdollG9rVA7PnY7JGM4,https://geni.us/qN7rzsI,1VArznNiCcldtZ3V05OpCgYve4wxIGQ8e,SUCCESS
Ice Cream Maker httpsgeni.usEv0NET.mp4,19HRdMA87_lmWrVuVZLY3nr0DPewcRAId,https://geni.us/Ev0NET,1gsU0pLomFyf9Wp6kyo9u8Bfm5VPoDduj,SUCCESS
Wood Container httpsgeni.uskBCgl.mp4,1DQ36lrg4RY28z78V4WvG78QdkJjw6E3w,https://geni.us/kBCgl,1Md3J8Fwh0i_gfQ9LI6nhNXu3BEF09xdS,SUCCESS
Water Stand httpsgeni.us9w9GT.mp4,1YaCrWVJazyo-oKYkgUWG-YCFbbHxlkwi,https://geni.us/9w9GT,1grp2hrgJdmBML-0KFSPI9bQew1fjn5rX,SUCCESS
Sushi Roller httpsgeni.usJZUIoG.mp4,1uFHzs3UKaIjKB_VSVnTVvWfm74kkolhi,https://geni.us/JZUIoG,11PhoYiOxiFmGvYDYmZf6-pS9Y31iL0c-,SUCCESS
Spice Rack httpsgeni.usOIQoc.mp4,1f8uCoYjH_azMOJEIEiVRUhowmzvXvRjX,https://geni.us/OIQoc,1Rw-4Fn1Pu575fQ77j0MkoYRjEAOXI2-I,SUCCESS
Snack Tray httpsgeni.usiAd38H.mp4,1jAht0sWoIe8A7BSoKQs_1CmKf7KlVonr,https://geni.us/iAd38H,1XpGeDoJIrzwNQAQeXdDKvKuVqtm1CLJU,SUCCESS
Iphone Bed  httpsgeni.usABRM8nO.mp4,1-om_oWi8dUpMpWT_wkD8M4AT3i8-k5aY,https://geni.us/ABRM8nO,1jZXQwMNqLs6C1Yb_uu5fnUg5-aN5kqqw,SUCCESS
Ergonomic Chair httpsgeni.usuXOVXZl.mp4,1JO4oJnsZrfF9GydCMhtadXMsZbUYB1J_,https://geni.us/uXOVXZl,1tpNbeTvxTxIK21FcMSp9DQAIXkiPbUUx,SUCCESS
Touchless Vacuum httpsgeni.usmrFdLh.mp4,1OmLJKZIDDjodfpndPf-oIaD9rd2f4wNG,https://geni.us/mrFdLh,1mBV4cUtB2f07A3NH9iAHUNDsXttnqA6a,SUCCESS
Sofa Armrest httpsgeni.usDTyBddZ.mp4,18lfH6QCLH0jLqZbQVO5KoOH6ZM_SBsxK,https://geni.us/DTyBddZ,10GLoC4Dohw2dr-s8FOPbtTjgdL_oMIgH,SUCCESS
Lipstick Holder httpsgeni.us2cSAt9.mp4,1aoTyoiFINK-RgobuMhfXKPEHJzySxuAl,https://geni.us/2cSAt9,1ERX-KjYF8agz4OdDJKE7SfQUstSJlaQA,SUCCESS
Sensor Bin httpsgeni.usSOD4.mp4,1gphUvQqKBv6fBc6P-9q-ue8QaRwUHbBD,https://geni.us/SOD4,18RiSuWNUq-EtdNIa-JHOeo1tE_fJeXNE,SUCCESS
Wall Ironing httpsgeni.uszyaFlzt.mp4,15Ad2rRDxPuymuBmpoNQGQsPLn8XGFXkW,https://geni.us/zyaFlzt,1KaZ55D-YwcPL2SK5L-7--AO1PmiiwVX4,SUCCESS
Drawer Organizer httpsgeni.us6He8VF.mp4,1XeyZdpy6iQ6Esuv7Vede7VbZ6zVeVmQ6,https://geni.us/6He8VF,1ng9q5CuTRuLV_brcvQczjTo9VemKX118,SUCCESS
Secret Shelf httpsgeni.usVyVOvHB.mp4,1qcfwwl-n8k3wg5E30nI0xARfLjH-zB-r,https://geni.us/VyVOvHB,1IREjzhx6YJ1X2-JVeEVQCr1fs0gLrRz8,SUCCESS
Leaf Coasters httpsgeni.usLJNuGVQ.mp4,1uAlPohjpLugDj1GIkEwnV5HYyV_YcCSA,https://geni.us/LJNuGVQ,17EUFiVRer2Gd2sWRPpwcigeTTDBWs8TV,SUCCESS
Folding Table httpsgeni.ushNeK.mp4,1iey9ZxnyF_ysjnWg9C4GPzaOVQ4jtKtd,https://geni.us/hNeK,1PxAu6p_tHsxOVMAqNWYZBlHWXjS8z1wk,SUCCESS
Flip Clock httpsgeni.us6EK9db.mp4,1l5z8wX9zV0ZgOwsbD_vZaypTvBezXDk1,https://geni.us/6EK9db,1tldNXQ6-qO5nG3URlFGaQ1eD_9eWGDni,SUCCESS
Door Stopper httpsgeni.usaLvCta3.mp4,1uRwg6Dp9Ll2x-n9kqCQcvgBBOohewptq,https://geni.us/aLvCta3,18lHuNpoSdo3MZ6mdjlc-wCaOvXerBgR3,SUCCESS
Smart Flowerpot httpsgeni.uszBCq.mp4,1DYUNlaYA4omQkJd0iBxa9_PqfWlQ5mgt,https://geni.us/zBCq,1s79BdCRtgA83UT1r85oy2Gwob-IGwXhu,SUCCESS
Outlet Extender httpsgeni.usArmMAWA.mp4,1ee2ft1eI6bihC2gktMQ1FUbO_8RlvT1P,https://geni.us/ArmMAWA,1-1eNH9Oybm9Td5n0q2YNSQE6t_k5XKmD,SUCCESS
Pantry Cabinet httpsgeni.usNQd2u.mp4,1kCURfdJSNNcUMV8Z4RmaKNBoW_L1QovQ,https://geni.us/NQd2u,17Q2pPjdDKOHQnvzMpdUmVqSj5UMyN6r9,SUCCESS
Sleeper Loveseat httpsgeni.usgMuRaB.mp4,1F_ft-FFTOtjiRkzkfCUWzdJkp7Qzkru-,https://geni.us/gMuRaB,1bJsSLbE1IWOHjHK4e_9xwP5pH4bWVN2D,SUCCESS
Tree Bookshelf httpsgeni.usw5w9.mp4,1bumDYwGF6w2OkCCN047BF-6TBp7OhFI4,https://geni.us/w5w9,1vJ-jQZqJl96PVm_iIOCQnpaIrivHV6C1,SUCCESS
Shoe Tower httpsgeni.usretAd.mp4,1a_fJ4DB2DWeo7-eNUeIdCqAURSkoytUY,https://geni.us/retAd,1bvDB1EZmnuu4vPliyP2rd5Ralg6C9gSb,SUCCESS
Velvet Swivel httpsgeni.usP0hJL0J.mp4,1EI8UP8-i9L6qwmy4juS5RsjML09QSDKz,https://geni.us/P0hJL0J,13YvQfP821usYo0yZOO6KnbrpknzzDlDR,SUCCESS
Smart Nightstand httpsgeni.usS1yjbr.mp4,1PWmbskyODR_c6klkme8oe--1PZWPytDL,https://geni.us/S1yjbr,1sbaQIl2gom9pQ9Pmc4fus2wNiDAe3D5d,SUCCESS
Murphy Bed httpsgeni.usAyDe.mp4,17uRh3BKQGL64bwpJ2tnfuoEsVXpMvq6L,https://geni.us/AyDe,1xIzK5GqOSgb-SmEC8d0hcDn3uWWr8Z22,SUCCESS
Pet Pods httpsgeni.usMpXoGU.mp4,1F4fIJKXToCCWSSlFTTJKRh6FNzFDnBkL,https://geni.us/MpXoGU,1pBzSQpx3S6D6CQTUeV5ydnVAs14c6gvX,SUCCESS
Rolling Island httpsgeni.us4OmGG7.mp4,1GG-Ax9bRgEHNI6nwb_f6uKw9oaihkAr3,https://geni.us/4OmGG7,1M1hxQ0dDJ9PPwrf3MJFCFz9hW2bOoo-C,SUCCESS
Electric Pot httpsgeni.usahHGb5.mp4,16nZZ0FLOKS4zx1y9dTGSr-7OqPo87a9S,https://geni.us/ahHGb5,1qAknUxZh1f2wRndhj7D6ZQyt9SSGd6VZ,SUCCESS
Cleaning Kart httpsgeni.usa2mOA.mp4,15WAAp9bVbMZE0JBmNkAv8-ub27iZh80U,https://geni.us/a2mOA,1L_YMYtJqAjOqxYYLivYd2x1Ko8306kv5,SUCCESS
Brush Cleaner httpsgeni.us5YuXgP.mp4,1dc8pBEeY_iTbBmx_uUI4mEI9C43eSlTE,https://geni.us/5YuXgP,1m5kh4g7o6knv0slrtNTMirXcLa8Np-GE,SUCCESS
Armrest Pad httpsgeni.uspwbkuR1.mp4,1ha5Ac4alFjIWpTVEJvfBhLvU9htTRrDM,https://geni.us/pwbkuR1,1bRW1XsqHaMCXMb_QSzHIcBDkiXorb7Pa,SUCCESS
Pet Brush httpsgeni.uspiSUdcd.mp4,1SV88Ikm4396Ls3Fw7JhXnzIv6K0V07Mg,https://geni.us/piSUdcd,1WGqXPh5ply_xX5ZTSC0US0iCd12VYUnE,SUCCESS
Sensor Bin httpsgeni.usi7Pui19.mp4,1z7iu4i6_kUlsy2lZC7IFWTSQHNgLCc8K,https://geni.us/i7Pui19,1FWO9c4T98rVzoFkZ521Wn9Gi-8EgwdNE,SUCCESS
Rotisserie Grill httpsgeni.usgWnnuq.mp4,1DE-TPd4XHY0a_uXK1ijAgkFBEA2_qikX,https://geni.us/gWnnuq,1tqkAWMvxdSPAImCxs1fTWBNWGXQTJOTB,SUCCESS
Folding Dryer httpsgeni.ussiVm.mp4,1c6qxPV60cMnrGvrsntPh_DHr2BdOnzke,https://geni.us/siVm,1rZuzV9FtpiWmslqZngcN6hLz8HEw2VQa,SUCCESS
Ice Creamer httpsgeni.usbnJX4.mp4,1RHyjAzROXtRHdl1yPZ17SiXf1hUoylDM,https://geni.us/bnJX4,1v1gGXUMEUHN_7OLYmfKOmsKFz5SIXl5S,SUCCESS
Laptop Table httpsgeni.ushuAl.mp4,1or_kxSLOX2t1dvz0vgtwTBqjvIpDMMvq,https://geni.us/huAl,1raBODFFXOKlftfgW3J3kPTOG90Pt4JgZ,SUCCESS
Rotating Light httpsgeni.usCbgDGU2.mp4,1mEiFfDEIhJIYD8OvnzfOKwVPiToMqxFZ,https://geni.us/CbgDGU2,1idVLLzMxEpKKQSdsbWJKRmmWm6lGZ7Ys,SUCCESS
Vinyl Speaker httpsgeni.usnmcHy.mp4,1UQ_pxIhSn1_sNJf3SN10VDTr8ENARhdc,https://geni.us/nmcHy,1lmB8i2Iu18RkU-81PlZgktE5zPr1zjYc,SUCCESS
Storage Bed httpsgeni.usfteMP.mp4,1emg9RA8W0HBJWjOFpviDaf3TY3htuwez,https://geni.us/fteMP,1fEuscVjasmzdAWPbxg3MPB2vc7UqI-rN,SUCCESS
Moon Lamp httpsgeni.usmTPjVU.mp4,1ixvOi1s1oUwfJLXj7NWdQLRcYcxeuD3q,https://geni.us/mTPjVU,1gdUmUHJl34FfPUSqOgDxOe06x3qGFDpw,SUCCESS
Jewelry Mirror httpsgeni.usqyXB8k.mp4,19cmanT_BdagmmSq8jdeWHhCCJ1iJu3ug,https://geni.us/qyXB8k,1hzSlBuB2Rv8xeVbmzlhpbP1UGrB8KsgR,SUCCESS
Rolling Basket httpsgeni.usaSbGV.mp4,1w46Ax0M8Gr2asyLUvgYAxFWRkrSDL_0-,https://geni.us/aSbGV,1M0Y9sGqu2p79LMpExd28PAlrvUTM7cZ4,SUCCESS
Makeup Mirror httpsgeni.usnQZPtHW.mp4,15Jja-xOa1bG2gvzigbCYvbP_KU2eyPSX,https://geni.us/nQZPtHW,1zmzlZsduPOkBZOLIBXOjwlj7XKjdY4iQ,SUCCESS
Snack Tote httpsgeni.usTT1Ax.mp4,1jCKEelyaf2tfV0eXMJ70uGrICjyiBmBm,https://geni.us/TT1Ax,1u7z4uRuc5_vvKRfBUiIqsCCZRZcdaAKd,SUCCESS
Exercise Roller httpsgeni.us9gfO2AB.mp4,1wCW1omiwY9SZIZC8gE18gmYysWew6NnD,https://geni.us/9gfO2AB,1jxbqG3mTDsf0cGjeNQKydPYIGN5PrSL_,SUCCESS
Wooden Chair httpsgeni.usobRiYF7.mp4,11l5JXUN9b1T69wJk5ptOjSuod1-HCn7P,https://geni.us/obRiYF7,1I9TGnJpIXyYYSWn5N2gnh9gyKSH5EcV9,SUCCESS
Spiral Vases httpsgeni.usFbKln.mp4,1jcTZafafWer4DlO7yKLX604uldgF9nrL,https://geni.us/FbKln,1SDcHZ5fRZJiPur2gVM5zFrbvgjUvI_Ng,SUCCESS
Walk-In-.mp4,1cTKw5DCoNdoLa8-IJlZe1y8jkSO1RQ0K,NOT_FOUND,,SKIPPED
Vanity Organizer-.mp4,1mq0Frzmlc4z-oS684Mw4muujpVaw3Jwg,NOT_FOUND,,SKIPPED
Toilet Holder-.mp4,1MYrPgcV9v2UMai0Mdt-9x1B95LrSS28g,NOT_FOUND,,SKIPPED
Tall Shelves-.mp4,1NEcZlz1Lx3dhvH0dyrRS0XSEkuRpwFWu,NOT_FOUND,,SKIPPED
Storage Table-.mp4,118_ZXlWTK06Fpx8-kUhHR7nn68gruFsh,NOT_FOUND,,SKIPPED
Stacked Storage-.mp4,1OrMLlxY8UgZpyH8OJp05W4ULEce3vmfq,NOT_FOUND,,SKIPPED
Spiral Table-.mp4,1A-7ciquKWUWCBwgB8wMuP8l0f5_sMBRC,NOT_FOUND,,SKIPPED
Sleeper Sofa-.mp4,1JyjnYo9tWJwiDZxnuftNJPnGn2PaBaNv,NOT_FOUND,,SKIPPED
Shoe Cabinet-.mp4,1PmUdLPva0bCxWCsFSiSwwoOrqewL9B9G,NOT_FOUND,,SKIPPED
Rolling Cubes-.mp4,1qaao-9Zk-VY2IUae-XD6QwCGIf7APEtV,NOT_FOUND,,SKIPPED
Reading Nook-.mp4,1mXZnHMnjYWHN45Wk8Xpay_GoJGfqD7EC,NOT_FOUND,,SKIPPED
Pantry Organizer-.mp4,1AgE4v1oowj7B4EcDmzCcKKCc4Fg15ZDM,NOT_FOUND,,SKIPPED
Monitor Riser-.mp4,1n8zal4iLvkToW2ta8iHPbmBSUXiA8DPl,NOT_FOUND,,SKIPPED
Mirrored Table-.mp4,1D1nvfnO2vwP4wtWDMQbQpyiveCC6ERuN,NOT_FOUND,,SKIPPED
Mesh Organizer-.mp4,1Gk7S7NmHLye6QpFAz0Rr9tctLwNIKOB0,NOT_FOUND,,SKIPPED
Marble Table-.mp4,17J5Daw93c2AlvvjtffdPAKTeJ3PGHNuC,NOT_FOUND,,SKIPPED
Laundry Wardrobe-.mp4,10nqzFjCFrDQoQnU30Lv2AKd0TyJQbHY1,NOT_FOUND,,SKIPPED
Kitchen Island-.mp4,1Hda10dov5Leyiq1E6N0LDu4ur425PR1K,NOT_FOUND,,SKIPPED
Ironing Cart-.mp4,15ZFpUDlIIr3GKsR2c7dPsJsxghy4O7NB,NOT_FOUND,,SKIPPED
Door Shelf-.mp4,1WVFDWYSsllliUXAm_6SJFmUMh6kbrWSy,NOT_FOUND,,SKIPPED
Custom Headboard-_1.mp4,1BbZKfwLCGqZjOI9jdMCsKY5aT0VCQfSz,NOT_FOUND,,SKIPPED
Custom Headboard-.mp4,1cg0z4xtEtBzWLGlZG4xyNsfVheCjHmxz,NOT_FOUND,,SKIPPED
Wall Rack httpsgeni.usZAl8x1Z.mp4,1RwGlec13Ofr4ZCZLsOyScjjL5UYQ7lBB,https://geni.us/ZAl8x1Z,1k4HaqDSiYFvN9ECM2KoOBjuS5Vorv1GC,SUCCESS
Vanity Nightstand httpsgeni.usBf18.mp4,1hLUSyT8H0xgLUbcBtG5yxfm0KR7rYrmj,https://geni.us/Bf18,1rcyAlZciPCjYf5NBgdVNO4BmNpxudPj1,SUCCESS
Tumble Dryer httpsgeni.usUqVy.mp4,1UQk9kFdLIOFMgPi3Sz0Vx95lnatxL7D5,https://geni.us/UqVy,1vF7KaGE21QQgzWjoPYmahV2EaGY1RD4Q,SUCCESS
Spice Organizer httpsgeni.usWGhzdk.mp4,1HOO3_0uE62aosfoBhqakwFBurVQD-PCW,https://geni.us/WGhzdk,1m3a4TsSKU56kvLqzrXCC6fhqoYJKwrUl,SUCCESS
Slim Toaster httpsgeni.usSCTQ.mp4,1EdN2SX4-ORUIO6K9jMr9VTuiYdmZjN5E,https://geni.us/SCTQ,1ZbdpPlxsoFKx2ZFQXTrz4WUT8x2q0Cv7,SUCCESS
Slim Cabinet httpsgeni.usOf031Z.mp4,15zVqkMCytidrLetYFqx1FeBfx1S3OPOp,https://geni.us/Of031Z,1P2SgXgg9LlKHkhTUljLidXrgYMScrIoQ,SUCCESS
Sleeper Chair httpsgeni.us59ZA43.mp4,1QXvOeGeHmlvAaS_JFRdEt58974pLFE4F,https://geni.us/59ZA43,1HnMdWg9Lnp1KZPrbSYTZrrPJUAMP8H4i,SUCCESS
Shoe Cabinet httpsgeni.usRbspB.mp4,135wPaZPdvkLS3R7dUsJQ1QxKfOcjRX2u,https://geni.us/RbspB,1PWYJfdCCkjfCBmEf3vgE6xsGUZp1iviz,SUCCESS
Rotating Rack httpsgeni.us8lT8aD.mp4,16XiQykoqiepOjRpSqGzwxN9RW7Kiv_Nf,https://geni.us/8lT8aD,1-A88czNnRS_Ng8_HkRSkwpN9gRVARZMp,SUCCESS
Pull-Out Organizer httpsgeni.usXfZg.mp4,1SwE_FVE-GyHHkZ-56e87TBOgukwYQntf,https://geni.us/XfZg,1XK35SRWHRG9ChPRaTxcDVHx_vOo6VcE5,SUCCESS
Portable Juicer httpsgeni.usW17h.mp4,1kvwwz9H-LMRSz0qERr6S5bZr4tImSchD,https://geni.us/W17h,1V_8yYz9ei2LoNMwlk_2_gpR44Xu5GNGs,SUCCESS
Mug Press httpsgeni.usLlwnY.mp4,14zYxUw8IQF6FefNn2qhGuLZHe80z-8Bi,https://geni.us/LlwnY,1o10Xa28fCpWfeP8YE-gnPA5wdZ4BIBK-,SUCCESS
Lipstick Holder httpsgeni.usFZGbIe.mp4,1yKvME-9XN6Gm6Qs1T8DXYigwk37Gs38T,https://geni.us/FZGbIe,1x9zE2RRm6QWT3VtdhFbznPVjdH2WwbUp,SUCCESS
Lazy Susan httpsgeni.us9E9tb8E.mp4,18UoYwIuPv59uN18SLpnhVdNjFhjTAo6C,https://geni.us/9E9tb8E,1DbIayeEShrpwtQ8u5cPuyEIbHNBLGMug,SUCCESS
Laundry Hamper httpsgeni.usIHtBV.mp4,1GKbbjFSDUU9KquE1caRZ7o2TvZx3zygj,https://geni.us/IHtBV,1ehBFt4-RPEkHxcpG0mDEq1rtsYAZzDp_,SUCCESS
Folding Table httpsgeni.useBRA5qG.mp4,1x4wNggE5E2N9-hOOHb6bR2yLw1kG57lI,https://geni.us/eBRA5qG,1sMkctbOUSU8JHxJ9ihv57t7beGR_HRCc,SUCCESS
Drawer Organizer httpsgeni.usVXUc5BY.mp4,1lMLscstcyIa552vfdA1JUaxZXueshkyx,https://geni.us/VXUc5BY,150gop7JXYa7l0Nn3vM3ryfDkqTXzETbj,SUCCESS
Countertop Dishwasher httpsgeni.usVw3QK9.mp4,1UgS5cINyUOrzgKev0nHDUWqElmSM3h9K,https://geni.us/Vw3QK9,1ZNbfw2FUCwj_R0J5izH0gpa7VpTWBYQG,SUCCESS
Breakfast Station httpsgeni.usxLF56fK.mp4,1c0S2VxnZ9-TUA4xmMGWwxRHgaHZfCWEw,https://geni.us/xLF56fK,1IysLumx6fNunq7CnF9_IDcPRpYIvfH2W,SUCCESS
Bread Maker httpsgeni.us1zZBd.mp4,1xLRQwxB9VUfrw-Nu2N_HOIFrHKvuH4Qw,https://geni.us/1zZBd,1bPD6O2Jm13a_5Osi7fVETNTVuHfPBhKV,SUCCESS
Body Dryer httpsgeni.usDvBqzXB.mp4,11J47o34rCvrORXM3umPLyrLeEg_pBC4B,https://geni.us/DvBqzXB,1axq5-HnEIJJVxXS7tvPmpO7zblgzko78,SUCCESS
Bedding Organizer httpsgeni.usozHo4.mp4,1ENqQKmeBeGlW8rdFXa2hdMMbg4trYPpA,https://geni.us/ozHo4,1GYWOHJIbTGkm5B62Vx3x1fpJcluoN6Cu,SUCCESS
Beauty Organizer httpsgeni.usLs0xDu.mp4,1l9ab2uILjhfq0wuVRiPFb6NCcCCdyH6Q,https://geni.us/Ls0xDu,1rYNxKMX4vn8uehGbA9eVTnTS1xThZQzX,SUCCESS
Bag Dispenser httpsgeni.usJONmloT.mp4,16G9mFdeuwcklhPqbA2jkeBntp8xzRbT3,https://geni.us/JONmloT,18G_AgWJZe3m9zcjs-u4eS3fka1I5CNB7,SUCCESS
Water Pump httpsgeni.us03BHyS.mp4,1CuLLgOF9n4jWgryaSwNKh0Fil7UF1V4r,https://geni.us/03BHyS,1xvTYmczzgUMqtwd3QaCAwrotw4mOBlE0,SUCCESS
Dumpling Storage httpsgeni.usIiWb.mp4,1fQdv7Vp2GXTcnr1vEYqat_EnDkHnE-Ic,https://geni.us/IiWb,15uS5lFTDdIdjZ686yiwy_025spi-tV0O,SUCCESS
Collapsible Rack httpsgeni.usogYt85.mp4,13SBxyWJqYzsEp6YEgwOYbceXAelOsFfp,https://geni.us/ogYt85,1k7bf4Z9ZkPrhidf3xd-STgIHJ70fgM5o,SUCCESS
Yogurt Strainer httpsgeni.usLus6NZ.mp4,1d0fzwlISPlK7dkzgGrENaqqmkES6LH6F,https://geni.us/Lus6NZ,1vu-f3yQeqy0ILTCoohfDNvrEJ3Znwg1F,SUCCESS
Spray Dispenser httpsgeni.uskhrBLH.mp4,1cieNyPiqggHhsH-oejbxqxON0TWJs4Sn,https://geni.us/khrBLH,1Gpc87EZe326mBildlMZzdNdIQ6BD743W,SUCCESS
Salad Bowl httpsgeni.usWTuuwI.mp4,122KjFhE3nS1rB1LZVhCFNZ4NaWsuPjOq,https://geni.us/WTuuwI,19az4FO6ttc1CynEb8W4PWd9TwIz6jggG,SUCCESS
Gravity Grinder httpsgeni.usKeamWe.mp4,1fss9h4PRThux0whIJvMP4UCZG5UOXmBr,https://geni.us/KeamWe,1ZzmHid9u0tdOd4LwzkOw2rfCiOKr2W6y,SUCCESS
Smokeless Grill httpsgeni.usWoAMrBB.mp4,1YsEKRHRMu5tscKtr6tj5j0cHJz6nZbgd,https://geni.us/WoAMrBB,1X3EEAgKwf91kmSE6Bnhp6fTxe4WwVB1L,SUCCESS
Beverage Organizer httpsgeni.usnPFAg.mp4,1EVf8q8OtbWSPfG8YGFKKFNY7h-rs-1te,https://geni.us/nPFAg,16y3wm7pdo8hp1eFlbL9_3keioyRtDAb7,SUCCESS
Ice Maker httpsgeni.usS62ry.mp4,1ru1RGdXrrWCSVwEyKra0JzCgRF6pBoVc,https://geni.us/S62ry,1ENXF050i641ATHXSJjp7FjcIUeAMo83r,SUCCESS
Lid Stand httpsgeni.usA1RHR.mp4,13Og9XHCjt1mklNc9bc81duUUPeGv21Sg,https://geni.us/A1RHR,1V2-xVWrhzK0lKZDmtiN_ZdEvouvwBWOs,SUCCESS
Oil Dispenser httpsgeni.usA1RHR.mp4,1reiTgk0BH0CKpCxesHhfizY8G5OYerXJ,https://geni.us/A1RHR,1_QQjz4hgYTn_q1fj7rwOQ-6MfZeVo0Ps,SUCCESS
Dish Rack httpsgeni.usLDhOi2.mp4,12DewMvIj1qIIaBQfjxAWeqnKCfVYu--A,https://geni.us/LDhOi2,10RJxjj-6EIRtK_hCVrfHU4obBVfEed83,SUCCESS
Vegetable Chopper httpsgeni.usx5nq.mp4,1W_g4ImOoiD43I_UVDmm_BFgGiSP3IxKn,https://geni.us/x5nq,1ESJgB2XI0X0NzSWzWx1EGgzJLKTNlIC2,SUCCESS
Glass Teapot httpsgeni.usdMF2KYG.mp4,1fYbzZ48rKhwHStDRqhG_r2AhVRiS3Uu1,https://geni.us/dMF2KYG,1cC_Uojc9xJynGJeG5DirMHumuOW-NL2i,SUCCESS
Auto Stirrer httpsgeni.usRll0.mp4,1-RthiIz2cmrr4Ty-_lZ0H9P7Fb76UZzW,https://geni.us/Rll0,1xFMrGXwPWCc5bj4B17Rr5IFWFjQNr1HW,SUCCESS
Detachable Cookware httpsgeni.usftx7FA1.mp4,1CvWK9H577kYpVUw9lmtv3uX_R-o3SX1R,https://geni.us/ftx7FA1,1OaqGOZs3lfDsPuy9EZw2y6lzhS3S2Q_X,SUCCESS
Tiered Bin httpsgeni.usQ65xT98.mp4,1WcbJmi6VWcFLdkubg3S4V2b1ZMYkq6hy,https://geni.us/Q65xT98,1gkgEQH8x1_xuxSRWnL08Q_zOE4AsHOdd,SUCCESS
Foldable Strainer httpsgeni.uskxhnxa.mp4,1vYrjN6FYu4y3-84Z7buH6-azSDBY0d9c,https://geni.us/kxhnxa,1EIBxU4pZktuRlWn8rHF2h1PkZ3MxUBoc,SUCCESS
Stackable Lunchbox httpsgeni.usLAYODP.mp4,1_z5TTGFo8XmzxZFd9vjAir2m48r8AgbA,https://geni.us/LAYODP,1qXDsDtR6y6RP-cCj4loFnNG5ByOVn9dH,SUCCESS
Portable Dishwasher httpsgeni.us0aIdu.mp4,1x-sXiHbjz-gWa8Tc_WyiMM4IzwjT3nyF,https://geni.us/0aIdu,1SDStakNgliCP97wQwueUdhHITORD-zDw,SUCCESS
Adjustable Spoon httpsgeni.usFcFyjf8.mp4,1nrHPdL0VufNvrOfroC-zu0Zef7-Cftpv,https://geni.us/FcFyjf8,1N7gNkOnOzzOA-rRqHykhOfmkm8D3rarU,SUCCESS
Neck Massager httpsgeni.usdxc56.mp4,1eQhuRUHIXGeR4sx33Zbx8AEv2AcmTQCV,https://geni.us/dxc56,1Yjx1fi2RESRUzVxCrJ2PK-zROG8wHCp2,SUCCESS
Slow Juicer httpsgeni.usOwW5bx.mp4,1lMErSLM1p5B2ARWzsaPamhBAkrzOq8dV,https://geni.us/OwW5bx,12297i3V1pZuvrGXiLmUZGI8-wjzHC8f8,SUCCESS
Silicone Pods httpsgeni.usIQ9z79p.mp4,1rxNdC_c_x_h8uQOQtpPLD6X2QZLuv1Ld,https://geni.us/IQ9z79p,1wRCTF4A3BJN5HGvOgjtN8XEfAqiS77MQ,SUCCESS
Lap Desk httpsgeni.uskABdv.mp4,1CKK41ip7StbcUnduHRwISTGYqN_J9wWo,https://geni.us/kABdv,16TEowYYIRfQE4ecTzWD3C-gZIOa11hwD,SUCCESS
Sandwich Pan httpsgeni.us4uYPwq.mp4,1fo6mVNla4AY9DR6rWFwl7AmG-MVczPjS,https://geni.us/4uYPwq,1bYrs17PjeUgDX27Qfui5ytrdMDlNKoNl,SUCCESS
Curtain Opener httpsgeni.us5wKAI.mp4,1UFNJNtCrp-Igf-CemR1YP2mH1JTfHoHh,https://geni.us/5wKAI,1mTQu8RTpIWiI5CTNNt-F9uIRm77h96et,SUCCESS
Dustpan Set httpsgeni.usH76PWh4.mp4,1BTMA1ldxPPjArgKT8HWJVxqL6BkNzpe1,https://geni.us/H76PWh4,1oVPAHiFuZj4CXQdRxbji9n2FWJeTw8LC,SUCCESS
Flexible Chair httpsgeni.usZZqA03.mp4,1cHrztM-ru8m8LDaVYvvCySerzumAli4X,https://geni.us/ZZqA03,1J7EIII-D3d0YsBdveW0TpB5rcRQ6A89d,SUCCESS
Air Cooler httpsgeni.usFkIvLw.mp4,1CLVDb2S6hghJrzRKBwNKiIdngxEROaQR,https://geni.us/FkIvLw,11J4DTZ5yRrUT0OMfo__PG17fwKolCG1L,SUCCESS
LED Hourglass httpsgeni.usG79hm.mp4,1pyeXuhqxDnvOte8JyjEWxOzJhAmMwPkY,https://geni.us/G79hm,1iJLiwRvVGmOf-4UnCyWRnCIbQj1Hv5ci,SUCCESS
Charging Station httpsgeni.usnRg5aT.mp4,1O4LpORZUvJjtfh235yNgrt1KjDczcAuT,https://geni.us/nRg5aT,1oXcF2LBnbwSBzenoKgRpcyQHWNNAgkf8,SUCCESS
Range Hood httpsgeni.usCZB0Rn.mp4,1ilRgnUC4FjHHcxafqvwwigvS_3L_iAAV,https://geni.us/CZB0Rn,1ja9emoYxZbO8JBz57jTbMmarcesAUPjB,SUCCESS
Ice Creamscooper httpsgeni.usQIqCx.mp4,1ZRV8QImUdEUKaedFfAQkSzfJpAcGYaV4,https://geni.us/QIqCx,1jVsSHh1CTAwfZnwl_TVtmM2AP7xVLhgN,SUCCESS
Folding Handtruck httpsgeni.usbUiQ7.mp4,1nhhK5XbhUu6Sa8rkL5-MpgkjhyFUXEm-,https://geni.us/bUiQ7,1HiYI-qEYJrQsv6UpIZm7uL3J2J6LVaW_,SUCCESS
Cordless Sweeper httpsgeni.usl1AmV64.mp4,1NKIBmmkhdvyNNUQ8VBcOIqHEEskqrSKd,https://geni.us/l1AmV64,1O8mDHkQ-3t3t9IxDLgswjHk-pzvwUHK-,SUCCESS
Smart Iron httpsgeni.usclB7G.mp4,1S9ygl6fdbEqfJQ-SXDO0R9_-xCxgzNxB,https://geni.us/clB7G,1Iffava3isSdfGQ61ujbVVMAiKig06OnR,SUCCESS
Pet Container httpsgeni.usJDtTmg.mp4,1J-laEQhLVPzsVKgkv-TJt40hAdLUrxnQ,https://geni.us/JDtTmg,1584ZsD4nYRMdrnKKneDSUGytRmPnaMlH,SUCCESS
Touchless Vacuum httpsgeni.us359fU.mp4,1-gCrY-K6_GcDzZCv-KdEAY_IWh7zaafo,https://geni.us/359fU,11m9ROqVOgkO3qKz7jqTsCH_YHsckvR9M,SUCCESS
LED Faucet httpsgeni.usDhBprN3.mp4,1c4CuTkUHDbzdaMQqQ3IyXZ3KOZ75mCB5,https://geni.us/DhBprN3,1R8XhFFlL3rGDrkObJxN3E86T0hJoXqgS,SUCCESS
AI Companion httpsgeni.uswPhUcc9.mp4,1x6621r0Dq06PNJkqIOAQhBS6NnjmMtZ9,https://geni.us/wPhUcc9,1Tc17bZWmx_KwnduImMVZEmpt626zSi9X,SUCCESS
Smart Table httpsgeni.usiniF7.mp4,1IVupI8T1Oq6irtPVnVIE81NysHbY9v5F,https://geni.us/iniF7,1I-N0bZWs9Z6cbSdqOQPUdv-Tlvd3OOI3,SUCCESS
Bladeless Fan httpsgeni.usngeLKFQ.mp4,16Ggwf_04KU5uLcJX1Zq3I79ZWCASF_Q8,https://geni.us/ngeLKFQ,103XducLEW6CkbhhrXPvqOK12ZAJD0LGH,SUCCESS
Washing Machine httpsgeni.uscBryJ.mp4,1r_hkST_MUK1cwYPK9Cv73lgdm3sAO1uf,https://geni.us/cBryJ,1l0IqH8nbY_grIbTSHlMveLPc3DJ6h56r,SUCCESS
Smart Toilet httpsgeni.usu0Zgt.mp4,14atfejoXOOQxL0fs9sSa-Aa24ZYJejWj,https://geni.us/u0Zgt,154_IKKNGd_ASq9lSSnjy7hdifwdcbND-,SUCCESS
Utility Cart httpsgeni.usj2sgGM.mp4,16hdKs6PGg7o5T613abJYIqy380SwxnDo,https://geni.us/j2sgGM,10DgIYxgPi2yacrvpbP0vb7W-7geIi9uz,SUCCESS
Toilet Pedal httpsgeni.usM21TJj.mp4,1WJSxYvU2jjBB-KsSGZg9ISaxblcE_5ML,https://geni.us/M21TJj,1wYZQsblLqUoz8Vqe2d1Nt3csYF937l2f,SUCCESS
Spice Jars httpsgeni.usocQUQ.mp4,1f5TwKu5-Xoyb9OkC3meXUS_co4Yh0PLZ,https://geni.us/ocQUQ,1xAoL8RZrA5Ml_Kb1lWUq7KAmsvF4p110,SUCCESS
Smart Side Table httpsgeni.usi8rkRAK.mp4,14dOaggcfYameQFDzTtxGs7wVn0OpzziP,https://geni.us/i8rkRAK,1_tFBP27r7OopVH4zdOg--_Qn5GhsVnMJ,SUCCESS
Sandwich Maker httpsgeni.usbpNqd.mp4,12hhLWbCZmgItreo0BYoTa47PjqE_UO6s,https://geni.us/bpNqd,1x24jYs3cO1pUCJ9KPwOcqUu-DRe8fqpV,SUCCESS
Pouch Filler httpsgeni.us8HoDAS.mp4,1QNafBArlNZ5Xm2XlkioAoFXJpbncjqq2,https://geni.us/8HoDAS,1Wuv2DmtWZhlRliLqriV7pN6qnPQqGUOu,SUCCESS
Portable Bathtub httpsgeni.usrUO5W.mp4,1TeDFWKfDkyBqK-QXN9ar0rFhKjGCFuQk,https://geni.us/rUO5W,1fGQWaAMmwyyVo5rZ_d7-CzzPZI9262hf,SUCCESS
Picnic Table httpsgeni.us5Ec2h.mp4,1x6lSvTFnkYmdrCfEcOrNylkvp_oX2J1Q,https://geni.us/5Ec2h,1TRkkCoZ6Sodfa8373ApzI-rIP7OZ-_Wx,SUCCESS
Mixer Blender httpsgeni.usYmsY9.mp4,1j1G207VCivDsY9hquLMowOH6aF8YEjjM,https://geni.us/YmsY9,1_2QbuBBfJHjypHNWbxh8WFlZ8zY6PRcg,SUCCESS
Lever Lock httpsgeni.uspAsA7AC.mp4,1Ir8yiXLpvLs6OUgEu-asv-Puh4NNVtMH,https://geni.us/pAsA7AC,1IXyiaxpplRuA3zOYma-W7NAGQq2-_fTN,SUCCESS
Letter Opener httpsgeni.usX3S7.mp4,1MoNQ0OAKY8thq4y8qmDTGw7LAt3RGp2e,https://geni.us/X3S7,1OMPZjZvlSAkR9Hf8dwdRBPcOIsJn-fct,SUCCESS
Kids Chaise httpsgeni.uspbCGMBI.mp4,1l6ODppGKQZjYe8wbFZizO5ajfdtvWzE1,https://geni.us/pbCGMBI,17YmUQicyuhYQmscGP7SRKi857POu14TX,SUCCESS
Jewelry Box httpsgeni.usHsgVj.mp4,1YldpvlZ_YswCl6T49Y4ZvmAvgeNIVHR4,https://geni.us/HsgVj,1C3viKV9e2qdK1_FBn0QMgr3w_Zk0BF2f,SUCCESS
Ice Creammaker httpsgeni.us710jw9.mp4,1rYGwXylBiyqF3fJTvx1iSVjvLrDV7Xqp,https://geni.us/710jw9,10pih8oftQj93LIW79ZGbxSqtwm1Du9mn,SUCCESS
Hammock Chair httpsgeni.usLPcKjAb.mp4,1l-_2NJ5LvDJfWKxj1fnFwloYS5LqRkSj,https://geni.us/LPcKjAb,1t0Sx8nsTjm4q58rHk7QZqhaOl3V7jMEK,SUCCESS
Foot Rest httpsgeni.usD6eJrJ6.mp4,1SZls7yd8IXVqAuR4TNBTkTw7oPZ0nZ1Y,https://geni.us/D6eJrJ6,1zbaRBji36t269OomIlGto7zyIdisTkKk,SUCCESS
Cosmetic Organizer httpsgeni.usQJDKn.mp4,1I9Ux79OtpOxMFgnSjk5o1NsfbhRDkBVx,https://geni.us/QJDKn,1LV8obU2Peq3O6Wl5SFScWzgtndMSak7c,SUCCESS
Clip Fan httpsgeni.usWFczm.mp4,19a15X2oBbtXTnacPrX7hE86wdWmmUOir,https://geni.us/WFczm,11G2YmJxK8wsGxWfxZv2aEsbAms2JoEWx,SUCCESS
Cherry Pitter httpsgeni.usbwfF358.mp4,1OUd0UyFfbHY23IaU9gYE_1NsYlSuxGxE,https://geni.us/bwfF358,1ZPJCHCCU8C3iRl4vPT5_Tsns30vcEfxS,SUCCESS
Cap Launcher httpsgeni.usGSJBI.mp4,1AzD49FvkfEbo9vmdInC0C9W8SdNGiiG8,https://geni.us/GSJBI,1YbY1Jdk8iULjvRUP-Jhrvi-8QUffuTnU,SUCCESS
Can Opener httpsgeni.us6Q2M.mp4,1o-yrOpqBh_xYlqbnd52fnOsQBhaO-by1,https://geni.us/6Q2M,1fUiqM5rVEHe8ZBwvP_LAtIQiv9ZjmDRV,SUCCESS
Cabinet Light httpsgeni.uscv0Er.mp4,1ZpcTcfDkcWboQUj71Fhy-vak36EjAv54,https://geni.us/cv0Er,1VCTvCo3sCm7bO2hESBLBCKLchfsgk_DK,SUCCESS
Sink Storage httpsgeni.usO8Poe.mp4,1vsFqXgG0-JQL1jXV-h8sYPyWRHIv3AO4,https://geni.us/O8Poe,1e7Y4mDIysX9W5oe6xJQDnyhcvmc_phVF,SUCCESS
Plastic Wrap Storage Box httpsgeni.usC2yNMV.mp4,1iyq7-7jXGCuFo0VTi09Z6jmb_QjPp1MH,https://geni.us/C2yNMV,1OX70ekSHbsrkyHvU9W7zatKd-zNhymaD,SUCCESS
Fruit Bowl httpsgeni.usU4IAi.mp4,11t6CmlOQbfU3an6X82qgOedjeZ0VN7hV,https://geni.us/U4IAi,15RHNDAM8ja_R8fl9t4I9kjhOfR3O-jgw,SUCCESS
Plastic Wrap Dispenser httpsgeni.usOvZs.mp4,1z-KgMRKWxmUBNx58HizxVbfsMP_KUY-2,https://geni.us/OvZs,1e0YTKEl7hKT2wFgYb-Xwx7IghgUgT6Xh,SUCCESS
Oreo CupHolder httpsgeni.usuuc35B.mp4,1Wlgsn8oYST1QybkBIhU5RitFH4wg8-pU,https://geni.us/uuc35B,1J6gaDAVedAznc7jDg7MJ_BJX2NEraRua,SUCCESS
Makeup Drawer organizer httpsgeni.uslDA1XD.mp4,1-XNC5j5e7SC4X0W9gAKMaGTWdbZ584Pj,https://geni.us/lDA1XD,1DUKdz8QkOcXDMKEGFvVkoP4qz-pFdz6K,SUCCESS
Seed Remover httpsgeni.ushEGeT.mp4,1O_ufXt_1KvsmXNrtk2iOv3U5AFCLKaO9,https://geni.us/hEGeT,1kF5zIHOGlwtoFD7uuuc300oa1d6Den7e,SUCCESS
Makeup Holder and Cleaner httpsgeni.usWIhY.mp4,1wcva-eICDrQY_R1lDH9ToQNvhD7YEFI3,https://geni.us/WIhY,10Crxh4K4sALG7HeUCSlMOqv3zPpMw5BY,SUCCESS
Pot Organizer httpsgeni.usx2TN.mp4,1fpA_WA9851J421UJ5UTPHVPa0DrHB8v0,https://geni.us/x2TN,1MBmoq6ICPm75_eNGm3tyxRVL_hd3QjOx,SUCCESS
4 in 1 Sleeper Chair httpsgeni.usmz9glZY.mp4,140jDlA1eyQ0_gBOHXrwq0Lfvwc505_Jc,https://geni.us/mz9glZY,1Daf_bjIhXCXBpmWAPJVteFMxrjdrfhfg,SUCCESS
Eggs Organization httpsgeni.us4s8yy6t.mp4,1jKQAy-ZtPJRxzhHGzA_7ItRqSuigg14v,https://geni.us/4s8yy6t,1bbh48ZppHrbmc-X19lAA3UniMSMvzW59,SUCCESS
Handheld Nut Crusher httpsgeni.usv55SI.mp4,1HEFeu5F55mK8c_7kEVIrVPb5wG9O6hTw,https://geni.us/v55SI,1HWR4W1Bvi7dbD9hHeCMfQs61D6wpqVss,SUCCESS
Egg Opener httpsgeni.us26FbG4h.mp4,1BRfwSlPCpyOTw6CFKNicND9jhK8NUtTz,https://geni.us/26FbG4h,1lXDi9nY3C_4Sj5I5YC3bsvN7CR_XCzlv,SUCCESS
Plates Holder httpsgeni.usCp7AHI.mp4,1ADrEOu8yTsqq1kNu5k6ERF_BDDYRDJ0u,https://geni.us/Cp7AHI,1I3898PBmjUESoB84sSsjIICZ0TN9eUQ3,SUCCESS
Pot Lid Storage httpsgeni.usrJKfAva.mp4,1Ie88u-_6slU2NXE2Eewn60yWL0sNSatO,https://geni.us/rJKfAva,1lKP1Hn5SLmHmzmtpHvAhrQw32bE4RqaJ,SUCCESS
Fruit Fridge Basket httpsgeni.us8Z8Zz.mp4,1D00CpaQRPZKmAzhpGeo9ilSjmNWBd5UU,https://geni.us/8Z8Zz,1WYgqdvxPD8yJFqGERqEZAov086W5N9kZ,SUCCESS
Kitchen Art Table Spoon httpsgeni.usZyvP.mp4,1sp4SvZEBMZyU02Zi-DOoZUQZ-CJNSxp2,https://geni.us/ZyvP,1I-X3obuZwJd9bAqsNDIZf3o4mLzG_Qpb,SUCCESS
Folding Cabinet  httpsgeni.usCUuFA.mp4,1ZeCPa9i7zWo7NoxOP6Oymhefm8H4WoYL,https://geni.us/CUuFA,1ND_I8avNPGKiTx1CwIeDLKWPewHfFsbN,SUCCESS
Indoor Smores Maker httpsgeni.usv9gfP.mp4,1zUnbP7RtGZCFiBVrPn0V2hbkbdnrJ-YS,https://geni.us/v9gfP,1aemk49ETknywsXscndKZ5I7eS2DuaBOn,SUCCESS
Mini Vacuum httpsgeni.usdKG2.mp4,1njY6XwGTEDAIpS2tYq3uF1uPetKoNiyP,https://geni.us/dKG2,1i4dfj97r4BvaGnsaGVHQ4HkJagO5f8Ei,SUCCESS
All in one Pad httpsgeni.us8skARAq.mp4,1BNEDaAIRs6_wvYQ0GtMQwxyauLNW51Ki,https://geni.us/8skARAq,1EWC5kdPgjJ_Hs5sFGzfXrUL0771o5a_W,SUCCESS
Kitchen Drawer httpsgeni.usWV0sx.mp4,1RkAx4BTwpeVkHHzMSTwmTCJqklemv5iF,https://geni.us/WV0sx,1RoQhsDO1hjjvOZb7_KGNtP5K2l16OwOw,SUCCESS
Travel Kettle httpsgeni.uspQV1.mp4,1UOWJ9OtKwKgqz9R6uJmqh-vogZTLxq2G,https://geni.us/pQV1,1S8q20vZyTj_cpBe4ZrOm3dCJobbrvzkF,SUCCESS
Sunrise Clock httpsgeni.usubo7L0l.mp4,1X8CI1LOFygzE3fDQLXHvO2ibej6B2S5T,https://geni.us/ubo7L0l,1hRi9B9B7RPZDlpMWGXJQKgSy7jCxWln4,SUCCESS
Watercolor Set httpsgeni.usSr0u.mp4,1kMATkHuHIdSYdA4dgfL9lbX6zlNRF2jz,https://geni.us/Sr0u,1ToVuTl9oaaO_ekNVfQYxjW70w5SjscXo,SUCCESS
Water Dispenser httpsgeni.usZaKC.mp4,1lxZAGS5wk57fNM_pzvOqgZIoUg-pQMPa,https://geni.us/ZaKC,1EDD7btzesg2ZOwsQin_Wwbj0igBS3n2u,SUCCESS
Steam Mop httpsgeni.usUeSYTJ.mp4,1aHF17i3ia-Q5Et1fbiFYkBdiTBREjBkn,https://geni.us/UeSYTJ,1CUjOSR2-GFa5xV_RmYYgrOuif5Ds17rx,SUCCESS
Spa Jets httpsgeni.usYuFd.mp4,1IBLlx_MDDkgGBNHE8Hp3fshMSsTgULDA,https://geni.us/YuFd,1ZpU-UzWWd2BfWSL84zMW6lEFqZ68-XnV,SUCCESS
Robot Vacuum httpsgeni.usVN053pu.mp4,1xaKdr74eKkGj3oLqGROgzTfqcjf2sNvB,https://geni.us/VN053pu,1AxXDzk-tCDau9Em6LZmNRFn7pibBdbC_,SUCCESS
Phone Sanitizer httpsgeni.usAHUWMVw.mp4,1GNnfJTSADlm0SlFgOAyRVSHlXIM1VKR7,https://geni.us/AHUWMVw,13RZLEx5TMr0hkdJ2WxgaEQM7gguD2tLY,SUCCESS
Outlet Extender httpsgeni.us7COGt.mp4,1AWAs5SBSMpxYNquseHe4t2Sq8yRsQkBL,https://geni.us/7COGt,1Q_FSBIIR7WK08_82MQlj_8HuJvj9TS5K,SUCCESS
Mini Display httpsgeni.usqWy704.mp4,1AFUNAYlMorkfP7cd_KN8htNJeV47a2IN,https://geni.us/qWy704,19px1nJ41JeaAyrZfbYJ-cDrML8b2nMBB,SUCCESS
LED Hourglass httpsgeni.usT13Dm.mp4,13j9ofhmac49ZYD8ULwglA3sGEMCbDS0H,https://geni.us/T13Dm,1EdcTz_EMInnWXZTLWzfb3X2OwhsebxBe,SUCCESS
Laptop Stand httpsgeni.usJmCCSx.mp4,1628QrtMLnIk-km_nDvtMlu9o1gm5PX9-,https://geni.us/JmCCSx,1BhFCqrw6VUUQCjIbAxfuzAthSyDD1bux,SUCCESS
Key Holder httpsgeni.usOeFNpG.mp4,1M7OSSnpFTk_n085hCmZrE5ZIRVqU7aFk,https://geni.us/OeFNpG,15LoOxihPSB2UYCfPJVHeqC1-IJOAUoPf,SUCCESS
Indoor Camera httpsgeni.usm1grhcB.mp4,1TjtOO8HftvVtqzOogBuz1GPtLUHjMJNm,https://geni.us/m1grhcB,1P2mm776Rry9yOyvSc1ptDWeDfl_XW1U4,SUCCESS
Heated Scoop httpsgeni.us6635uC.mp4,1kO4CdwWsHGJOAvCZ9DHNsajjd7cOa1a3,https://geni.us/6635uC,1Wit1wvApz38BC_1CQRd0EH-c1o6NNMm-,SUCCESS
Foam Dispenser httpsgeni.usFlW2IcB.mp4,1L8WK7xX_plyBZff7IRZprUjgv6Xt3vPP,https://geni.us/FlW2IcB,10Luew7_DBwFqZdxhkAPEL64B1iNmQb3Z,SUCCESS
Fluid Visualizer httpsgeni.usXMR9xWl.mp4,1ZWFgIeH5q4je8T5Cr0fXVsmzIFWqfRPu,https://geni.us/XMR9xWl,1KZf6wSfIY6Y8KgmjUI6iR9LQYQOwrIoL,SUCCESS
Faucet Light httpsgeni.usuokMBI.mp4,1kTPCtG3C0NK-bBrA2GsVnQ748KqIB0sB,https://geni.us/uokMBI,1cnl8yWDukMqDCTrKfFqvOXDTkriTrbYg,SUCCESS
Espresso Maker httpsgeni.us3eiLq.mp4,1nnYpXcWwmesvhhbi0-Bv8_9pIuQb3L8x,https://geni.us/3eiLq,1yBB2kaj_xuOZtxwkMQpxbktgSzyAO7KI,SUCCESS
Electric Cutter httpsgeni.usBRD85Xi.mp4,1tb_gLsgIzWeQz3R-oQFyEqcRgMJXFJRc,https://geni.us/BRD85Xi,1niWdCU1CiW8vheTkWoGGAbalNwKQnMQ0,SUCCESS
Dual Camera httpsgeni.usrPgQ92.mp4,1JR7xW3EBiSr6mc5GCwc38MwG6c24AfhS,https://geni.us/rPgQ92,1GqCbo9hMxmvbXuBeu45dWSCf2g_LX5dJ,SUCCESS
Dog Leash httpsgeni.usgUR2S.mp4,1xPK7yzC4tmpxPwRS-mM4nkIq9M_2v4zk,https://geni.us/gUR2S,1Pu2zG8MIlFFKrw32Di2hi29evYwbVQ6n,SUCCESS
Bug Zapper httpsgeni.uso5v0.mp4,1jYjRuje4Igm4BGr-0bhNIMBLx1Wq-KC-,https://geni.us/o5v0,1rWj73zvL4HrDLZKKmF0-7pho3ZWEPySW,SUCCESS
Bug Swatter httpsgeni.usfVNL1D.mp4,1FcdPc36WxOrH_rpf9KKFf7rL0kvBBAiw,https://geni.us/fVNL1D,1szgUDzjXtPnhJCOp0uJS7l_FXTNUorwL,SUCCESS
Stream Console httpsgeni.usXAZUj.mp4,1V8fIqH_3JNDASoFHBvYP8PZUe0ljhUQe,https://geni.us/XAZUj,1ietD6K5GIPwN6tgTpCvoqEQG8ET7h3Ld,SUCCESS
LED Panel httpsgeni.usvbajYuI.mp4,1er7RVnQK9cokZyZnN-j3X40FI0WIlgcR,https://geni.us/vbajYuI,1RH5h73HrmdykDuJDHXd5plpefJhZY5IO,SUCCESS
Laser Tape httpsgeni.us5D6nMl.mp4,1JlUmARb4Y9qbDWjeggHwtd9edt6aDkoP,https://geni.us/5D6nMl,1oyjRQzc3o8HheWX6ZV7WSvao9Dn8LH37,SUCCESS
iPad Case httpsgeni.us7PyaoKt.mp4,19DEwqjVfZMW9wMK6UKs148OFjoBwbXYT,https://geni.us/7PyaoKt,1-U1o_DUxk6jr5PmkgtrYQb03dG59ruDf,SUCCESS
Heated Tub httpsgeni.usKrAUKJP.mp4,1eOihDoLbvGOQvti5Epy5LHoKATS8obDP,https://geni.us/KrAUKJP,1f2avt8M9eLddVhiDVBfLWmNPIraOCOen,SUCCESS
Gaming Lamp httpsgeni.us3fsXkWo.mp4,12g3eUeRI1ueOjZ4Kw7iYJw-neIHC67Ub,https://geni.us/3fsXkWo,1-cAVcwloo70EuQgqoXV-zXPc2Ibn1jSU,SUCCESS
Toothbrush Station httpsgeni.usCzK47OZ.mp4,1kuTiNd0RUuCf76w9TJeiGDTi48hkCfof,https://geni.us/CzK47OZ,16sWEJvxLNTuZjyr6hoAHdof-Mrk5w9bq,SUCCESS
Thermal Printer httpsgeni.us79VP8k.mp4,1StCe6PWrozpu-E6XJkxXLW85dkRNcGmK,https://geni.us/79VP8k,1xNEOAOUEI1eCz7LfFFlGkVCvO6OULKRR,SUCCESS
Shower Holder httpsgeni.usXd3A.mp4,1U5ovkZkdqXMmTxIIHdejT8V66pt2kvQ1,https://geni.us/Xd3A,1SgTWzYlw5ju9mA9dXaDpsz4jJM4cuBJ4,SUCCESS
Shoe Dispenser httpsgeni.usOraA.mp4,1vN2lB9EpZcyTFCgD2A7YYFU_iPG5oQn4,https://geni.us/OraA,127XQ6yrCQ2a8YUSKQPp0kVHou9yAfDil,SUCCESS
Nixie Clock httpsgeni.usAAarx.mp4,1yIzmhYLAOA8mp39PJ0PNtYLGGbaOrKFV,https://geni.us/AAarx,1JSKA4N8OdDDilTWhtW66ChrTYD-3kjyZ,SUCCESS
Motion Lights httpsgeni.usdt2yDq.mp4,1On17TUv9No9sTTYqXgEt8QRdJ25W2M5M,https://geni.us/dt2yDq,1FXO6098II0gBwVqYfNhGXpwGMLtGyFVM,SUCCESS
Mini Saw httpsgeni.usRe7qIL.mp4,1Jskjh2ga6C6TpAz2UYk0uLuUlRCaC0CM,https://geni.us/Re7qIL,1-1Adah_XNEX8_e7TYvvR7Er9f0td14EP,SUCCESS
Lounge Chair httpsgeni.usOZO4.mp4,1040RLebbrdfRlQMWX616KalVD_Y85UkH,https://geni.us/OZO4,1nkuizpwM3wLjrRFl1aVasax-nC1DK8Qa,SUCCESS
Mattress Vacuum httpsgeni.usNUNCxc.mp4,1H3p2ycixFeEtx9qVKmLvLjLAo-r2CMSi,https://geni.us/NUNCxc,1ZcEmMHe6eFxN5dtDx79ORgsA09O30T4k,SUCCESS
Fan Lamp httpsgeni.useRQRFie.mp4,1I4JfeFwdfaOAEo-naTi1SNvaPLuDtAa5,https://geni.us/eRQRFie,1PnBf6FV8b5117qSkQo9KesKQUV0SRdpT,SUCCESS
Espresso Maker httpsgeni.usBvOAQ.mp4,1362VNVt3SvkxfXLd674Z9Ld8wcfQcFYk,https://geni.us/BvOAQ,1PMK5qy7sf9OO4TwmyVqCGeby2mbY4xtb,SUCCESS
Duck Dispenser httpsgeni.us4RWHL6L.mp4,1OTl6zJvxmZ9EC3X_s2dnZjcTiJDTkudr,https://geni.us/4RWHL6L,1-J8wL5eVLy5_LcwQuD4q33Txenf_FiAs,SUCCESS
Drawing Tablet httpsgeni.usQ0lq5BY.mp4,10SRT26KgbYy6x2NE8iU_g_qPydRvTdoI,https://geni.us/Q0lq5BY,1atDg00ZITUUpfC4nNXNVCIdNzsBxVZDP,SUCCESS
Charging Station httpsgeni.usHYWs.mp4,1CFHVfnVkkWWlmUBiHYNenYr7_W_fYWiX,https://geni.us/HYWs,1lZaO5sYAwduzJqNhWKlQU4pF5Gncro6p,SUCCESS
3D Printer httpsgeni.usyoMXU8.mp4,1n8v4VZz9aPopwNmNhhLuGM_C4bVItMvI,https://geni.us/yoMXU8,1i6OgjGngK_gRmKJMjFmXUbQlj5y_TtIM,SUCCESS
Tracking Mount httpsgeni.us6uYt8lj.mp4,1CrM8UNe21Hk0Q02ogsgwd2wkw6wvSzzX,https://geni.us/6uYt8lj,1xvmUDkaIyuwJaOHPNN4zqk8NrwRAPqPH,SUCCESS
Wall-Mounted Underwear and Socks Organizer httpsgeni.us4uQGG.mp4,1IpChhyPJ-D33V0-qPgEn5rBR0TGPfJGm,https://geni.us/4uQGG,1I0DA_kY8RdawXqSoAW8KnNAy41ghoN-Z,SUCCESS
Under Bed Organizer httpsgeni.usLVihB.mp4,1lxEpFfcEplBQliYmwP0ywbO_FRD9poV4,https://geni.us/LVihB,10KsRT5GlBNd1twobA4uVi7BHgtQQ9qTE,SUCCESS
Telescopic Ladder httpsgeni.usx1jSJJ.mp4,1B3ZIUsFDf_a40xRYCR_gjqYRvsLf20h5,https://geni.us/x1jSJJ,1jMXwweHU_olIxTbj8Q4y5kOoPh6BjZWx,SUCCESS
Superun Treadmill  httpsgeni.usAnUce.mp4,1nUQ-46XRuhn8eXrspVVDRtpEBRSyyZWl,https://geni.us/AnUce,1mtpKKAA7EC_HlVz6z8LO-BU9_zO4grzB,SUCCESS
Sofa Bed httpsgeni.usWCunbM.mp4,1sAJNemNyl9t1tFMvALfYwhRj1rrt12_A,https://geni.us/WCunbM,10hz71B6d0JduuTorEpVmsau0nmbTQP8C,SUCCESS
Slim Toaster httpsgeni.usbdPzgve.mp4,14j645OjJdoaLknDJUoz0roo13LHSV4Tq,https://geni.us/bdPzgve,1v_sZaNkUvXDmNCGwHvlrXEzCzw_03q5E,SUCCESS
Rotatable Cloth Hanger httpsgeni.usKVjJi4.mp4,1rZe03wPmUu_fmSDv9fLdQb1wnzzF4b4l,https://geni.us/KVjJi4,1-N0OMO-FVYMG1EtF-iV_ry6xRKDQEdHj,SUCCESS
Rolling Dish Rack httpsgeni.usAgMxXWv.mp4,16uij1afa2AoFfawQ5rglCpuOLJDvkp_I,https://geni.us/AgMxXWv,11mVQImH2OIwthku-zbgClIXNta-n1mPA,SUCCESS
Pull down closet rod httpsgeni.usXYnfOuW.mp4,1dmqj561QxlkAvm_kF-4nBCAI-Tu-sg47,https://geni.us/XYnfOuW,1Lj_FdYeFJXr5GvAlvNEfALjJbrp9NXsl,SUCCESS
Pull Down Cabinet httpsgeni.ushAhV49.mp4,1VDS2smKhDtI9MNWczG7T9SvCBrdHLE04,https://geni.us/hAhV49,13QWOBxKQDFb7g-D_3IPnduC5Z2qFWKLc,SUCCESS
Narrow Bathroom Storage Cabinet httpsgeni.usulUvNL.mp4,1uNoAzWL36U_a_Q2A80qVgmBgjFM3YzK2,https://geni.us/ulUvNL,1-vYtmppXBqlgRgXFYY8pn99ZTdlSlAeP,SUCCESS
Multifunctional Cutlery Organizer httpsgeni.usk9742Vc.mp4,11kSf4K3HKTLBVHVhlmj6AIPPSDB-ujCg,https://geni.us/k9742Vc,185WXcaw3oLMW_CkOe_qOqRnBQauBji9O,SUCCESS
Mini Vac httpsgeni.usAL1JE.mp4,13SZVAganSLxUqut8L0wmFpcagP0yAzYR,https://geni.us/AL1JE,1qpSRA556i39Zi70f86wDSjHVOqepgZMe,SUCCESS
Folding Table httpsgeni.usBdEpT.mp4,1bc8aoOb7A3KqwxT7sju4wfI6MnW0eemm,https://geni.us/BdEpT,1Wm8Ri25MtSjrXYp5EvPyVmQ2xyTkvd5p,SUCCESS
Folding Shoe Closet httpsgeni.uswPKuw.mp4,1iFrCs01awBqosYqCvCty8OZAHFoPsaLO,https://geni.us/wPKuw,13UVax_xOZLE42XlP7vzRX1Jrvm5uC-_q,SUCCESS
Foldable Dish Drying Mat httpsgeni.usBCfTHTi.mp4,1CsyGwtNpwbdb1YU2kfdJugd-_S-5nz-p,https://geni.us/BCfTHTi,1ili3F2FesjhsbdbtdZ-s7fOOHtQO7a5f,SUCCESS
Expandable BackPack httpsgeni.usredYUVl.mp4,1nb8n7Rfe8phdG6dhMIBlrDj_-r_L_R-A,https://geni.us/redYUVl,1FOyFCJvK8xddPwVNN0y4gO9HaA3rtJ4A,SUCCESS
Dual Section Bin httpsgeni.us6uV7vA.mp4,1cjkoI_rN_UqmvSmsJ4wbmYMLqURY5rTP,https://geni.us/6uV7vA,1czslsyXhKzE530n_VtXBgnJ-mBg_E2xa,SUCCESS
Couch arm tray httpsgeni.usWlF5aou.mp4,1wB4Vf0ER4DpOQyA12hysyfBnLuf13ZYe,https://geni.us/WlF5aou,1t4WplJZJw15UbOFXd2b38ZK83FS4ZziX,SUCCESS
Convertible Bookshelf httpsgeni.us4oNAi8D.mp4,1p7F-jkHla_SyebcWJvWpyeeuet3lsXtH,https://geni.us/4oNAi8D,1EnCiYO_JEDPUsqrf16uZOnyH_2aNqefe,SUCCESS
Collapsible Shopping Cart httpsgeni.us4D97iH7.mp4,16hXPR530r9GhBBonb0pMZ7Ou1Qrsi_Jd,https://geni.us/4D97iH7,1P-kO5J-ScT7Nie9b9PtLJL28FMpwSjGS,SUCCESS
Collapsible Carry On Luggage httpsgeni.us6OpD5s7.mp4,1VCH8xWe114ChpIvKFy5QggG1zfIajdHX,https://geni.us/6OpD5s7,1FKoIX7g0CyX3YnOQ-eBBXP1BIKlFfJm1,SUCCESS
Cat Home Enclosure httpsgeni.usyYjtUBS.mp4,1N9ubYMCxGpN4LzAG_l08rOz9SwILZ6VJ,https://geni.us/yYjtUBS,1PJZYzAGMI2W8pDXH_oPkmNBPvHPx8iH2,SUCCESS
Adjustable Makeup Organizer httpsgeni.usl5aXX.mp4,1T3MQCtn0IuscH8kVb3jX5arV_7jmzqjB,https://geni.us/l5aXX,1QRpXvHUbjiuDX2UXiedM3RE5I6W_UHcT,SUCCESS
Adjustable Bed Table httpsgeni.usseOBLG.mp4,1DOWFfrUOAO6b1jwWJFUcamTcWhUU1sBk,https://geni.us/seOBLG,1QOee-biU05VRh6YzrUyxYaD-M1aB-ptr,SUCCESS
6 in 1 Wrap Dispenser httpsgeni.uswHjD.mp4,1dKdxq1Kz-q7FUi6zgPuaLzYzCr0yrz2d,https://geni.us/wHjD,1yU3CfXyj5GGRMBopIAN7KA9iAYRp-DnC,SUCCESS
3-Tier Pull-Down Spice Rack httpsgeni.usP5xUMz6.mp4,1CAsofRjOBr7pX2l7Y_dEF8TqpswqxJFH,https://geni.us/P5xUMz6,11gao0N-pGDBePUvD6jqK44oHyamhjUob,SUCCESS
Wine Preserver httpsgeni.usdAHgBbX.mp4,1Fypk4oZxHRqw52vvKkU9jWFJhJ6-M5sM,https://geni.us/dAHgBbX,15Uo91w4fuclWEwnHVvgqtUQzfiGDZTvI,SUCCESS
Toothpick Dispenser httpsgeni.us2hLtwP.mp4,1ajAOdhk_mRTwVu-WXsJPmdmrqSiRhFAu,https://geni.us/2hLtwP,1mLO18enkKxEymdMNpl__C0bfVvYw6l3u,SUCCESS
Smart Bottle httpsgeni.usRtXH.mp4,16DMEUjQ1F6DeEDtLNx-JIT4Xcf8r_1a0,https://geni.us/RtXH,1Xs8-DdWSYZpvTDP3VGobeF-9d9nMNYVx,SUCCESS
Sensor Bin httpsgeni.us8Gbrix.mp4,1TJh7bOoYgPdUcolkm9NfTZ9uWVQa1WRM,https://geni.us/8Gbrix,1c1UCZS4FdSiEDImW4JpinHM6fIqbi4M5,SUCCESS
Rotating Caddy httpsgeni.usWx1lnux.mp4,11JOSCKsN5fqXDu1fDwX__fqO34N0-jJ9,https://geni.us/Wx1lnux,1KHOD8mvf2v0QmHj4r2zJhfKfAbxP-Rjo,SUCCESS
Rolling Table httpsgeni.usLkIZkmq.mp4,1f86KgJzUm97voCIhFPhXghuc-nDv2cJY,https://geni.us/LkIZkmq,1XGXwnMgqaM92jhuWwX73RucQNHE2fR-X,SUCCESS
Puck Lights httpsgeni.us6nL60jQ.mp4,1_ilOJUz6Qglbi8GLN-7OtJ3NTXQTzEjq,https://geni.us/6nL60jQ,11oI6NEXLXynCQ6PSEo4D1aSPifRPRm_i,SUCCESS
Mini Shredder httpsgeni.usLSsF.mp4,1EVvIFnf3UKcNWMWw8VuzRnRl9UnJn5oW,https://geni.us/LSsF,1ypxR81FLDYePskVGyvdBQoVgPplHODuI,SUCCESS
Lint Roller httpsgeni.usuhiOi.mp4,1-M3Jw9fvndbUR_K_8qpkHXBA4KOGc-2s,https://geni.us/uhiOi,1se30lusKIIn8ZMxtJ0s4JSKYYUVqe02i,SUCCESS
Inflatable Spa httpsgeni.uspT2HBX2.mp4,13zwU-0Td-NME4wtkrzgr3DYHCoToM4kC,https://geni.us/pT2HBX2,12PN2X0tnolIxomJo2gi9zUg_0zpLuD_E,SUCCESS
Folding Ironboard httpsgeni.us0cqSpFW.mp4,1IgtSOZtIYcXYnd0qCFb7SlD5ppxL7jzA,https://geni.us/0cqSpFW,1XTB3K541JLKljk1NtCSyXMRcUGkOxUBe,SUCCESS
Folding Board httpsgeni.usfNK9v.mp4,1t34V5VFfMIAL_oOExCWsP8boEK83E64q,https://geni.us/fNK9v,10ERpQjQ2mpBVFwCN1NAejcpBL5QSt_pp,SUCCESS
Flip Hooks httpsgeni.usvYPJejA.mp4,1MUBLvyBle7scfYojwrxyMbDyQxQza1Zs,https://geni.us/vYPJejA,1IcH_6y2S_WE_zSX5Ul5LHPCJKE5S3o9d,SUCCESS
Fitness Mirror httpsgeni.usTBMYQ.mp4,1e83zzXGojfvY6dMx5DrwAd_ijvnmcQTe,https://geni.us/TBMYQ,1eZl-A9bs46lOjhYr-yxkN3cE_bvAW5mg,SUCCESS
Espresso Maker httpsgeni.usAjIDa.mp4,1AJTgk-MYO9_po93aWWQaUdqQQOd_nZ0Z,https://geni.us/AjIDa,1FVnOA10ge-CUj69Q4_iZXEdBZQy2uAPS,SUCCESS
Electric Stapler httpsgeni.usDoBXmDM.mp4,1L3rdnVvX7JZ1nPqFfBHPemJdxRjek8CT,https://geni.us/DoBXmDM,1QFGU5Rz6LIdK2Pvk2EIlkEuO6zVAH5bz,SUCCESS
Electric Mills httpsgeni.usmqf3eK.mp4,1rg_FrazUUNd4pWVNc64p22dKndncsyUZ,https://geni.us/mqf3eK,1b60PHAsNVQPgdJyTm0-BtiSuGtAWhDjE,SUCCESS
Dual Fan httpsgeni.us6MzJJ.mp4,1fs3GlkhSgpTHBzFUUQUmYLilOpryd4KQ,https://geni.us/6MzJJ,1SOHit9ZQ0_9H-vfG42bIoSSIMrTvpPnH,SUCCESS
Digital Tape httpsgeni.usYGVAfcN.mp4,17bN08nbGTGBz5yWWVRFRhVAquQaGaTGs,https://geni.us/YGVAfcN,1ovoEwJPRns26yS_BwoDJbYV_hBpAa4R7,SUCCESS
Desk Vacuum httpsgeni.usGO3qTy.mp4,1EtNd7SZVOdJ_Ta-eLm-BLCSSLpt1LiFv,https://geni.us/GO3qTy,1F7TY3vmOcrLexyCtGCGTUPgwh08mU-ZH,SUCCESS
Desk Bike httpsgeni.uscoq4Yj.mp4,1OZLAt2pJ6AJG6JVpSOBtO8PSPvpKsE9G,https://geni.us/coq4Yj,1i86WDkNB2cYZXakq_ZchmcDvFMTLeZOM,SUCCESS
Bluetooth Fridge httpsgeni.us4k0GKsa.mp4,1RhZtqP1GUdBMMxYlZLWkdDsywKV6rfl_,https://geni.us/4k0GKsa,1IMEdVWbooidrk2Ir3M6FxSNpShV5qIiq,SUCCESS
Bag Organizer httpsgeni.ushtKfhgV.mp4,1g6ZnPrLFgUchzLtJ1afsCYpgkGGe0aO2,https://geni.us/htKfhgV,1JOkDU_VnYL0aAgiDIQU7ilzssOfZiQYu,SUCCESS
Arc Lighter httpsgeni.usK0AAGph.mp4,1hRt2GFbnDHhIWu4BVniHpxuCbLo5MwZF,https://geni.us/K0AAGph,1P3OZzKylG5RM1laYgpxUrdlOl2d29cJH,SUCCESS
Hand Warmer httpsgeni.uswoVL.mp4,1huXYN4fClJfIZ-kL-s31feOQ7J-s-lY1,https://geni.us/woVL,1FZSnXSvD_N6-zeZ21iu-hUJRup6Cj27R,SUCCESS
Feet Cleaner httpsgeni.ushRkpXG.mp4,1lxVWy6-thSfY3mdxjJUPTE7SLgICBiZ3,https://geni.us/hRkpXG,1-eohqEVYMqvhMXnKdLWmMQyVgZFGzezW,SUCCESS
UV Toilet httpsgeni.us68RcCpN.mp4,1izRi_SukcBMQKGJoIStu6vo8y_CzbCTM,https://geni.us/68RcCpN,15qAgmP-Zz7k9ZaE25NAVZ6zTaXb1-7rV,SUCCESS
Dust Mop with Clips httpsgeni.us7daRe1k.mp4,1_Wb9PluI5FMpFk3rSDLBFV-IrKGpbUuj,https://geni.us/7daRe1k,1dgmhLhkzg_-sZq-NZb2wIFFw16_xKSuy,SUCCESS
Pill Stapler httpsgeni.usg3XcFR.mp4,1iFDNWsoMxSSGqxO-Q3iht17Kjytdxggk,https://geni.us/g3XcFR,1WF7qCBygNZj28N9suRVT__VV-lLMB3ey,SUCCESS
Raindrop humidifier httpsgeni.uslcLOZP.mp4,19TQuIR3005rIROf_6WnkcdIaXtNHqv0q,https://geni.us/lcLOZP,1Hyrhf0h4BmRrUHWpeZe6quxNzyUVgmmF,SUCCESS
mouthwash dispenser httpsgeni.usmPq3UQ3.mp4,1Cn5xBO8OxB9qhAF1yVKvivriC3xHGHtX,https://geni.us/mPq3UQ3,1648QzVkZxf7DYPT5rmv9xI1U21sKHPgx,SUCCESS
Portable Dog Washing Station httpsgeni.us8VJE.mp4,1qL4NF4ARlZJ3Jfre0E7NAH1G8I-oiOZe,https://geni.us/8VJE,1jiaKxlDmxAWbLcGUF39OEpmrKetGuyU1,SUCCESS
Jewelry cleaner httpsgeni.usd2ulGj.mp4,1rnaX4mdsWF_R2yTvU2zRZpg7mDIfMFUK,https://geni.us/d2ulGj,13sUKYJLv14NhBlydGmkUvvy9BR049Xg7,SUCCESS
Air Purifier httpsgeni.ushGtXqC.mp4,1W6F9gbJLBqyMT-mKgdSid_eEGtI173ZM,https://geni.us/hGtXqC,1CQom2fL63G3w09cWeHFsglNbIPYaBkF8,SUCCESS
Comfier Hand Massage httpsgeni.usbjrHhM.mp4,1onGtVMMUuu7ayTw1gwcAHg31-9Wtiq6U,https://geni.us/bjrHhM,1ufje3tZfuC5G5xOqDyMhtuiiJ5bIwhCT,SUCCESS
Electric Hair Straightener Brush httpsgeni.usOLiF8Y.mp4,1yGax2x9KTJK1Ruf9uH0W4OHtxKpTpaDq,https://geni.us/OLiF8Y,1kP-0m0ZSXkGnaHmvbj4hzxN0qS8YHXxh,SUCCESS
Wonder Core 2 httpsgeni.usJtsB.mp4,172uzbBOlwPytNiwFs2drtCXF-gzVl64K,https://geni.us/JtsB,1hwj6jw77viAyj4XKxyxvOu2cF9dHUVDY,SUCCESS
Sink Faucet Attachment httpsgeni.us9Hvm.mp4,1HIx8pF-XEt-fdGB0X-jBxmkaJF87o7fp,https://geni.us/9Hvm,1agdb4C7-3I0KVdNHLj7jaIb5pBMIc1bs,SUCCESS
Travel Iron httpsgeni.usfWyH9vs.mp4,1brutvi2bRhtvSSCWaFLOOB5UtyGdWJAs,https://geni.us/fWyH9vs,1u2unERSkntyz_qnVFAf_F6TDzjAM1Mcz,SUCCESS
Nail Clipper httpsgeni.usTMnue.mp4,1jGrXK52Q5tfeae-YUCwuYt9hrqoICUjy,https://geni.us/TMnue,1a7-9iZWBqpTAbXGNTrgMj924GltZtKrW,SUCCESS
Starry Sky projector httpsgeni.usBPZ3.mp4,1hPPzbf4AgB6QO1a0OTPjBOKMaSttKoQc,https://geni.us/BPZ3,1-0_A3F5CIKC4Z45WBZcx8V4YFFWgPZAw,SUCCESS
Sink Stopper httpsgeni.usQufWa.mp4,1O7AThuJG-xs70pZzQGj85m7rs6sKN0a3,https://geni.us/QufWa,1tpOcnWo7ikqr9bxU094a8aYxZEVfQ3Ho,SUCCESS
Pet Steamer httpsgeni.usrbAJP.mp4,1jNHqL7HmpwMJpe-uFnnaPU9KsDigmy4A,https://geni.us/rbAJP,1X1JKYvpRNx2E2lR7mwTh4j4XqafVEYTd,SUCCESS
Neck Massager httpsgeni.usTfbrTQ.mp4,1PB5dgbVoElxPdVbt8dlaQ2a9Lp6KUivq,https://geni.us/TfbrTQ,16DN3M0587D92zgWoKK-ZO0JKTDQw5CpV,SUCCESS
Toilet Cushion httpsgeni.usorIf.mp4,1w7ognydzOojZhwBvFpRBJLHIv2ZOE8y7,https://geni.us/orIf,1JDKXebQtrElEpa21YfI3qZwbppLB-1zc,SUCCESS
Self-Draining Soap Dish httpsgeni.us5nSWG.mp4,1eM5_47E8xmF5Wv3uUiRmZjb3yOGlFqxa,https://geni.us/5nSWG,1vZEtmPXHd3zVnkYNAAUA_hafbZ-IM_Qn,SUCCESS
Foot Basin httpsgeni.us901u5zq.mp4,1-WZp_X6pYSiyCkFt_CdkM6qkI3xc3Jhl,https://geni.us/901u5zq,1eyUSVP7lYXE-6hyFprXDVRJqbrl7Iepp,SUCCESS
Portable Foldable Bathtub httpsgeni.usn1uoba.mp4,1Imt2Le4xn1zO0zPxREPA7Ad4VoAch3iS,https://geni.us/n1uoba,1DX9rTmY8445oMQR7AOIuUCIyw4xHphnK,SUCCESS
Telescoping Ladder httpsgeni.usixrz9Lo.mp4,1NXd8H4Dq0MYgA34z6ETwm_4y5FeeHlvb,https://geni.us/ixrz9Lo,1_qmLYP_ybGHi-Ui8nsmKYL21F7iOamDL,SUCCESS
Toothpick Dispenser httpsgeni.usPRVg.mp4,1Zr0ElqEdJ79IqQQFd2WmSe_q69_-t8Ma,https://geni.us/PRVg,1FTUP8gkPkvaQmfhVsnX2w9pCc_tPO4TL,SUCCESS
Tea Wand httpsgeni.us1tATi.mp4,1KDGfQLyEioEjtXcLuS5uJ9LjwKs2e9zb,https://geni.us/1tATi,1I6J8C_AYVPedlfDUfYIag5LnD4al2gZu,SUCCESS
Spoon Scale httpsgeni.usr6xTL.mp4,17MvuE4Y8bRnkR6LntoKOS22qBHgq4POz,https://geni.us/r6xTL,1Wax8DCr_rS3LGIN8SYgZa448zL4UiqLh,SUCCESS
Spill Stopper httpsgeni.usgbraOf.mp4,16dwZ5do3N6F7Ugvl7mLZXpwrC4byTvuK,https://geni.us/gbraOf,1kX1XMc77dJQHjET6e0Gi-VbT03HG-KRc,SUCCESS
Smiley Cutter httpsgeni.usbMNozH.mp4,14aoDvdKgZEiKKyFAUyzLzVbc-C6Sn064,https://geni.us/bMNozH,1lG1sRKUoWZZDFp7LjnC57BKq8fdJdaMI,SUCCESS
Smart Thermometer httpsgeni.usAIyCq.mp4,12iR9m-zLDagIlc_nw3bxdy2saVzglDC1,https://geni.us/AIyCq,1hd8NMRgifFWq764if96bMV78zwWDu492,SUCCESS
Sink Basket httpsgeni.usjd8P.mp4,1cmgY10rA1LLO4If2hDXEF8ZjAwF3lHPR,https://geni.us/jd8P,1gGBbxiM49aquCP5OGORSo6kxEMCAA3am,SUCCESS
Power Slicer httpsgeni.ustAGTBN2.mp4,1fJRAzE9G0Gq3W4ErgrP14PccnZy3DZKX,https://geni.us/tAGTBN2,1AaZYSLRfRrFpArO8FF3BOTIiHd8lCbEd,SUCCESS
Pickle Jar httpsgeni.uss8I5.mp4,10dg8UE6fbz_H9_1TRxKer5kYUJ_eAvUn,https://geni.us/s8I5,1EKBJl-_7GxNmcNTsD6rzIOw_wg9ZN3PV,SUCCESS
Pickle Fork httpsgeni.us7YbOke.mp4,15v2w_G0qIEqi5M6pvSsKiCO_raymIvSH,https://geni.us/7YbOke,1n16pdP3xeL80ygp0-vs4_PaYSDz0i0xF,SUCCESS
Mooncake Mold httpsgeni.usykjIjtJ.mp4,108lUx-K7rCOEPFUk25Qx3lp2B2_NEAFD,https://geni.us/ykjIjtJ,1e8bEdaS6qmvn1zcnwLNqyllwG3b3DkTF,SUCCESS
Mini Mop httpsgeni.us2Y7M2t.mp4,12a-Yvb1p35pdLzeeCbWhSyOK7XPPQn1E,https://geni.us/2Y7M2t,1kwx0CUHYHqtqRu8IoV3PzQoB9cCNPLVh,SUCCESS
Manual Juicer httpsgeni.us4VSw.mp4,1PCZFt-vILydrr33O4RQM4syyDZSw60lh,https://geni.us/4VSw,1DuKF2Cc1XHycUWuAWxmSPlH9zW0RD35u,SUCCESS
Immersion Blender httpsgeni.us634KH.mp4,1g8DxPNXlf60fCKiOBYzhkERDMFRxtzLk,https://geni.us/634KH,1WlDpnu-cwE3qmV5JUtPWYPTnKk9I2gxX,SUCCESS
Honey Brush httpsgeni.usBHNgrnt.mp4,1Bva38A87ux1AK1bGzbt5Vlgp7n6GF-Tp,https://geni.us/BHNgrnt,1n8LwkjgRo6BwGv3KzEpOPvltF6I7Z6B8,SUCCESS
Heated Scoop httpsgeni.usqHSdF.mp4,1vck78aQt3pHQJ25jwDzSMgDCjOcZ5uBi,https://geni.us/qHSdF,1EJI4PyuOCWMhqBsyYj0tXmdfjpIn7mY6,SUCCESS
Grinder Set httpsgeni.usNafgYt.mp4,1qvt2TjlBxkatgqv5YswyCdb-ufuaeE-0,https://geni.us/NafgYt,1d4pTnn0JCuPdQDKMdEqHiSLxxwuu7QmA,SUCCESS
Foldable Strainer httpsgeni.us4BjF8N.mp4,1B8d_eeRs7OWFd5znOb8vNEZ4h3m34Ns5,https://geni.us/4BjF8N,1fPSsWWGBN2Su8vVC3jnAoWASPjUTQv_-,SUCCESS
Egg Pan httpsgeni.userjLaXs.mp4,1PUwrl-rglaY3G4eyOxcF2RuSNLjqRNiS,https://geni.us/erjLaXs,1reMvuBWaP8f7Zny04qs4-g3jmgZA0KgU,SUCCESS
Cordless Slicer httpsgeni.usIhTBR.mp4,191yCPAo4HOVMEakjEIB0VkgJAfNQZ3db,https://geni.us/IhTBR,1ezEQ7-l3oHgjQ8KNYj8j9DB9eotOTDej,SUCCESS
Chick Separator httpsgeni.usAdSMHRc.mp4,1DHUzgAPfe3NvPYpfAaQQef1I01fbMiU1,https://geni.us/AdSMHRc,1CMAohaDNxW-mriouPq-zKGIVkfwlWI-F,SUCCESS
Auto Stirrer httpsgeni.usAdSMHRc.mp4,1jKX1zfI7CRacBm2Bcz_bZ7t6rDpD0i1f,https://geni.us/AdSMHRc,1RkAx8PqCM7Z_9JtM8ecbsro0p8Y29UYW,SUCCESS
Mini Fan httpsgeni.useLRPrO.mp4,1PqQUec9ucMnMcnt0uYM9GyLfyYm6GykL,https://geni.us/eLRPrO,1eCuR1Xxkl5c0EwNesrliBeW2IFwOUqLv,SUCCESS
Levitating Lamp httpsgeni.usbe6RZsL.mp4,1SaA1PCXCjyPFaDAdk_klH3fATLYH9Dk2,https://geni.us/be6RZsL,1ARkeWOjWxxJuKZIQW3vWeLITX-6WYtPM,SUCCESS
LED Showerhead httpsgeni.usNptA9MK.mp4,1CB_KeLVWZYRZoHN3pTTYGyEbj1hIGV6k,https://geni.us/NptA9MK,1yBFPTaL8AMiIMi-OASaqW8h3DkYAE1oV,SUCCESS
Drying Rack httpsgeni.usUzcLN.mp4,1fn_RRGaoHnX3GnHB6bV9HdkiqNcxdQ-6,https://geni.us/UzcLN,1g7wnticoosKMR2XLp2SJBt5HpTnFh0g0,SUCCESS
Cordless Lamp httpsgeni.useuWw.mp4,1TJOZglumOcMItQ98y6P4EdLJAaPu7dG9,https://geni.us/euWw,1QwmjZbeXVQ5jxvR8CgD6hw54qQZ8nOA9,SUCCESS
Cookware Set httpsgeni.us9lkTbZ.mp4,1z9l6rtm3fvpJv899R64Z7p1x3u4fqAjx,https://geni.us/9lkTbZ,13xnroRmyz-GTCneocl_N3fzheDyjXdWW,SUCCESS
Cleaning Kart httpsgeni.uscR9w9.mp4,1tyW_Zt0fbm7Za3Z-88gcQH_u69qpa2Gj,https://geni.us/cR9w9,1ajU9K1SvcwNbIrQyY7FjTFeVeYBeTjR7,SUCCESS
Charging Station httpsgeni.usbmCl0.mp4,1yJnlvBqg8UByHkooCdbomIZUFtHPHvNG,https://geni.us/bmCl0,1fWgClTUzcpJO72y9NdW0xv0nAm5Kr_yq,SUCCESS
Book Light httpsgeni.us4yXR1.mp4,14jzlkmojvhJub48dD-V8TBrTuZ6CbPPy,https://geni.us/4yXR1,12ETiQfyHtbGcAgDtOw9lUwb9kyHBfxjx,SUCCESS
Bath Stand httpsgeni.usJDcQB.mp4,1F82YFcT26zOdzNfCor4PkMA0HkSM87kx,https://geni.us/JDcQB,1OXxdzxAYvBX347wVKy2XPqKtWBAIfsn4,SUCCESS
Baby Chair httpsgeni.us9pztA2.mp4,1XyxyxDBBRdgHeDybY6S91umIuUxZ-6W4,https://geni.us/9pztA2,1X7pWrQGlmc2pLb9uKVdZihfbSKZkvoho,SUCCESS
Mug Rack httpsgeni.usWa0bEsP.mp4,1kJUzND7JnOYTsKyDFfRh6ZF6eAI89T_4,https://geni.us/Wa0bEsP,1KrUNsD6dw-TntMqjLckaJiEkOOncc5es,SUCCESS
Touchscreen Monitor httpsgeni.usgVzQaFM.mp4,1S7_t-ZJ9ImWH_xXth4PyaApS4mGLkvfU,https://geni.us/gVzQaFM,1wQA9Ov1T5ICxw5rJ6-OmwI3frW4mv0JT,SUCCESS
Tesla Coil httpsgeni.usKhVZ6.mp4,1VLNK5C_Ug0WC_G_b_IVLLo5VftkH1qip,https://geni.us/KhVZ6,1vVaxQ09Oc4za-WhoVNesDKl_HF7bNDtP,SUCCESS
Swivel Stand httpsgeni.usOkSev.mp4,1Zl65TbrKEDdIukLah-0Qo1od2Uzyk1cg,https://geni.us/OkSev,1PcnmGMK_dw0yR5dJRt0RBwuBFLPl19YR,SUCCESS
Steam Comb httpsgeni.useqQTU.mp4,1TWEyULu8ovGJ1SDUKKypLEgxUTp2klGm,https://geni.us/eqQTU,1BNPiQF5aSlBc1KTn4ir0F2NfVLrxG-oM,SUCCESS
Soap Brush httpsgeni.usqug7I.mp4,1lir2Vpg4jz67jrgipvbz4MhONmLgysnp,https://geni.us/qug7I,1ES-pohbOdbAswkTdqilcKFjJ3OWpffFW,SUCCESS
Screwdriver Set httpsgeni.ush9bcGc.mp4,10eEN43A9gGPRxdXDZ_GgaghGwnasvJ4O,https://geni.us/h9bcGc,1Objkjy5RBNN1odcmws0sUScQF6xuPm54,SUCCESS
Wireless Charger httpsgeni.usB2kP15.mp4,1PwREHrId24eA8rIaYXvsjY2kAMt6K5rD,https://geni.us/B2kP15,12XC66kl7GxV57PGtDXxgW1vHGwUOW55D,SUCCESS
Wall Extender httpsgeni.usVLMd.mp4,1pOnYL8ZTEcHjr52vZ425nEa1uPnn3XwT,https://geni.us/VLMd,1u0jbagr8hpPw8-Wc_hiuY9EipTXn8YIa,SUCCESS
Tie Rack httpsgeni.us64ru.mp4,1EVhztQJ7BC6ko1dMECZ0ZPI64kxsGLhE,https://geni.us/64ru,1EdIYWLKH-Cd3uDBVQIS--hnIZPAzDIqz,SUCCESS
Tape Dispenser httpsgeni.usuHM3x9.mp4,1O4Vse010Qzojd4tzjqtyD_X307Ll8yvD,https://geni.us/uHM3x9,1vmrLXicQSqlKQmj3nNdZo6MGLlpT6sqe,SUCCESS
Spice Containers httpsgeni.usbYrB.mp4,11pQgaY6imybBVwwVxIXrNYyvlKyg2BHT,https://geni.us/bYrB,11g7pT4F4jXkkItF9vr1_5sy58tNnZ9O8,SUCCESS
Silicone Sleeves httpsgeni.usm7xFt.mp4,1fXnasq1t_QcpUuJszisdCX855Ny7B_3C,https://geni.us/m7xFt,1X8udXf_zzkbRxsyJxsO4CnOO0x_PJO7N,SUCCESS
Pressure Shower httpsgeni.us0uiyvM.mp4,1bs-WAkA72bXp438aXJaKG_SCI_nBqKcv,https://geni.us/0uiyvM,1bWh_4hYwkk6Fxs0OzemqEK-LXqSvuQyn,SUCCESS
Portable Lock httpsgeni.us1OzgI11.mp4,10-sMYmxA1CMMo70BxlEzVEoRNr9qU6Z4,https://geni.us/1OzgI11,1TWJgiR2awXPEKo3aA_K4m0e4L1ExVTBY,SUCCESS
Portable Dryer httpsgeni.us08zj5.mp4,1KArOZhZTL_DkAKg7TsFzy4cfvj1M8l4q,https://geni.us/08zj5,1RdGAnFVEFRXBrC2TtVxWCiuebWc6Ndwr,SUCCESS
Phone Grip httpsgeni.usQI2Exe.mp4,1P0yZl9seRxbyzqsTnEL1bePMC3edb-BB,https://geni.us/QI2Exe,18v_tVK7FU_aRDBxpycsa-knKhUjMuFnN,SUCCESS
Mattress Wedge httpsgeni.usQyXpA.mp4,1whaXkMqQeI9t_gM-oD6YndFUfoc6tVsn,https://geni.us/QyXpA,1pMbx-7goJlzx7Xay8IhAXgAbGIXeLbYk,SUCCESS
Magnetic Lights httpsgeni.usnovATa5.mp4,1NdtJz-xMSXbDTvtDLQQCbJK6Czdv91K1,https://geni.us/novATa5,1cDpymhxis-_cEmrGh-KBfQRvQP4oRqs5,SUCCESS
Lint Roller httpsgeni.usZ7A2v.mp4,1qLoqx9ODFXEd17_1B7TMSRO7UCH-29xX,https://geni.us/Z7A2v,1obJ_P07Au6QCpPomvjVM12Ks2u_B76xz,SUCCESS
Label Maker httpsgeni.us9cIkcYk.mp4,1xMGFyUKHSOoWx3VKCHdS1ghft2E59O7W,https://geni.us/9cIkcYk,1plopoDZVRcJwqDbDrusolCs4gjgQ46DZ,SUCCESS
Joystick Lamp httpsgeni.usixBG.mp4,13Bo7aw5pjGURBpr-3IPjPvDiQxbvUPT2,https://geni.us/ixBG,1TgCYme5Y9V_pGe76aXwo7udDgnxCzyrn,SUCCESS
Jar Opener httpsgeni.us8GsD.mp4,1YhB6m6QDdSGdmwnjDaBEJjQSaGVhDCoq,https://geni.us/8GsD,1ENMtl5UWXP0Lln8BiBaH2XeIyWZPcZW3,SUCCESS
Hook Rack httpsgeni.usblj78k.mp4,1dWZei5LPGZEGe-8ik_w5WyyjjaZGsfob,https://geni.us/blj78k,1DTvE4sKF07y7lijR2wVARCuKPDfC8FOg,SUCCESS
Hinge Lights httpsgeni.usdZBLj9.mp4,1A7YY8WduMfX8A6TPSMRXub8PqsfLqWFX,https://geni.us/dZBLj9,12r-CvqXqG-Kulc4sBqkHHMZIGXMSPvag,SUCCESS
Foot Rest httpsgeni.usfzWf.mp4,1PYpTfUVb46kF4m4DFM6jMmvT34PfH8fo,https://geni.us/fzWf,1w2WngpKSWrLaJYne7axK6GtF6JCnTjnH,SUCCESS
Fan Bulb httpsgeni.usjtgk.mp4,13YH6-Uqi0VokGmlB3UIU3nIju03bK97b,https://geni.us/jtgk,1bGIM2IDnPrTtwQSuMD2rDBhqH4LewUt2,SUCCESS
Door Covers httpsgeni.uswcNR.mp4,1RGjGkDo5yUSJOJgtoCt60L3aivqczRTl,https://geni.us/wcNR,1DGFs9tUNYEwv9oqaWMbvYEfGr2gcKZcA,SUCCESS
Disposable Mop httpsgeni.usQ3vuW5m.mp4,1foHbHkCzt_v1hcggUt7uNaoiCRpURteK,https://geni.us/Q3vuW5m,1tfdTxsCPrcnvp1pND-xzsZdBwH36JPEG,SUCCESS
Crevice Brush httpsgeni.usazPgq7Q.mp4,1IPqIseVVNbdLJHdhsSWwmL-wUUJzfrPx,https://geni.us/azPgq7Q,1q8ZfKahhzzbdw-0eaJ_XPnXe5HaExOqu,SUCCESS
Clip Strainer httpsgeni.usENfr2.mp4,1bWlOaB68-6SrsVnwek1qRWYeVFb63_Pl,https://geni.us/ENfr2,1dwGUTG5ixls5fAZdBJvG7nY5KiHjksAx,SUCCESS
Boot Dryer httpsgeni.mp4,1udLaCkMTgxAXxkSmZonLmk4_cFRr6HfS,NOT_FOUND,,SKIPPED
Travel Steamer httpsgeni.usU0tU.mp4,10zVAw2BpfPbrKetmzI2yAudrHJyQhPds,https://geni.us/U0tU,16qEVrDofsyiD_MUJ_YtZJ65rYmwbG1U1,SUCCESS
Toy Tower httpsgeni.usCHNwkbP.mp4,1-smNDM_NlxIy3AgVG6vRu7G3aatrEuwc,https://geni.us/CHNwkbP,1FzA1FePR22XYN1XheRPMW53zOoLTB8pf,SUCCESS
Tool Organizer httpsgeni.us1qx8I.mp4,1OOOg0dye_T3CYfHbqZOQmkdJ5HYIZ26U,https://geni.us/1qx8I,1L5-TWWo51Ri1kaFY0RgHd19bVv2PXncn,SUCCESS
Tablet Mount httpsgeni.usDFLqA.mp4,1m0tEMQIeA3COWjV6-GjFYtpGhI0p0Ekj,https://geni.us/DFLqA,1CddrZtbzRdGlGgYJKLi8zSrlTv5RN4li,SUCCESS
Splash Guard httpsgeni.uslDvrhN7.mp4,1nmcOQeivH9mEUQWk9bfG_ystZpQkot9V,https://geni.us/lDvrhN7,18X8waEVfka5FxvcWa0Ug6fJatZMkDwV8,SUCCESS
Slim Cabinet httpsgeni.usIddH1_1.mp4,1-GsCg3ycDtb3VchGaN5UIZPS9G_Y9AsY,https://geni.us/IddH1_1,15cCM368KSCdHYCXMTEfHN7cV2N97FpRG,SUCCESS
Slim Cabinet httpsgeni.usIddH1.mp4,1MV8F1YUkxD146u3VchrGH-9ohrSh5WsZ,https://geni.us/IddH1,1-rlulqRe1WyZg7uegUGDcbB-rVw_zF32,SUCCESS
Sink Rack httpsgeni.usv2XbQPt.mp4,1kcE3vKYjr89Mo2uFISvX87R-gD--IYDz,https://geni.us/v2XbQPt,15kljxKtc5R8Gno_QFN0L8DQqr89v3Vgf,SUCCESS
Shower Scrubber httpsgeni.usdZEkda.mp4,15y7gqenYqdxIe4X1xCHhH6As8tX7brsM,https://geni.us/dZEkda,1Bkjs2wqWfvSIMMtCZYRZfffuYH5WWImJ,SUCCESS
Rotary Grater httpsgeni.uspBANph.mp4,1ViRtw6nQjDlsTLditBoBWW9CZu4VW1YZ,https://geni.us/pBANph,1JJ5KaJY0Nv2y8OyliuPppvvW3zhedehi,SUCCESS
Rice Shaker httpsgeni.usn1YB.mp4,1vnpqLJs-wLXw8tUSmVG9ue3E_bzMbidh,https://geni.us/n1YB,1U3pHqwlDrV3CUsiXkA1JkwOfMFR8Jdjj,SUCCESS
Portable Toilet httpsgeni.usTWAQi.mp4,11nvZnzbsqaSywWuoOiye1HBOHrH5BtIo,https://geni.us/TWAQi,1K6snIDruLtrcmhMz-9YOakzYGkY7rJyv,SUCCESS
Peeler Set httpsgeni.uso9bpCy.mp4,1O0IczIm8-geivOMCzFH7eDPDeju7_7KF,https://geni.us/o9bpCy,1Ur6hgbMTjxZ-68pwKV0247zFmnwgXEzv,SUCCESS
Laptop Table httpsgeni.usMxD2F.mp4,1aRMFTch4tXNIeeNTpP5dA9xFsSLBvcVb,https://geni.us/MxD2F,1-hB_8jB70MD1IFwQY60jELVYluTamxUi,SUCCESS
Hotpot Grill httpsgeni.usafBFi.mp4,1Eqgx__LddNgao_rbCCPSLYNYx05gcvsf,https://geni.us/afBFi,1tCA_R7riiUvbrj9pOvByLlfLiHD60XXH,SUCCESS
Folding Washer httpsgeni.usf81Ee.mp4,1Y2NRhcEtOCmDhVsPVxhhV5YWImTwwL_4,https://geni.us/f81Ee,12PmOBnDWxm41nLar1epeyLJgyTQEIai9,SUCCESS
Folding Hooks httpsgeni.usAYP2y6d.mp4,10M7Xkh6E9N0laSfiM-NMczSoc0WOJurm,https://geni.us/AYP2y6d,1wyVvdtrbVHu1vFRApmoLVSwmJqx5YT-x,SUCCESS
Crevice Brush httpsgeni.usGOzYO12_1.mp4,1nKNsnDzyK5thOKuoyZKobVmyrBUBnzbp,https://geni.us/GOzYO12_1,1ydjLw9hN1U5BoBZZCikYwJFb-T9bomsI,SUCCESS
Appliance Dolly httpsgeni.usKDMTdk.mp4,1HOZQqTJIClLzVkTJuiB6wub7NE-EYJe2,https://geni.us/KDMTdk,1hi-5eqVXhxYOIaYUVR8LLckRh54piTo8,SUCCESS
Melon Slicer httpsgeni.usRBxlp21.mp4,1RzNt-8aPXnhOTj_GM9Viy0gv9EkpNxpE,https://geni.us/RBxlp21,1SUnB7g91Ea3OKVDCwYFqtWzLiXZFzSgw,SUCCESS
Mandoline Slicer httpsgeni.ushnpoI4a.mp4,1iKmu_1KBBRZo2y1I3Jv73uJWdnYKS3bA,https://geni.us/hnpoI4a,1-_cA62J_KgiL_ymP67ctVYGShatxPWzQ,SUCCESS
Lunch Steamer httpsgeni.usbwPOT.mp4,1PSYa2cwf-5dIMH-yolf5KgckiPrBqnme,https://geni.us/bwPOT,1GB-md0Co2E4pJQxHnIVPaCuEgOInExyj,SUCCESS
Knife Sharpener httpsgeni.usXXQrG.mp4,1L5XzRAmOR1NXQ5UkFa_7NOePwPCnWtr1,https://geni.us/XXQrG,1L4SrSqCtsNYleMvch1FYwA25ZYlK4HOn,SUCCESS
Juice Press httpsgeni.usve83n0e.mp4,12TWFsZCaCfYP1ymyxPn_oZ_OwwlgwOtL,https://geni.us/ve83n0e,1rbPF3xwkOWP2pg-N9dBzHV4MPoqJYa55,SUCCESS
Ice Tray httpsgeni.us1gl4Wn.mp4,1D_uBJNBHfVQ-jiD3zYnQCRGDu7U4p1Dg,https://geni.us/1gl4Wn,1JygHVnD4iHnJu6ftNR4LyTXQQhm0VD2a,SUCCESS
Glass Fryer httpsgeni.usLaYto1.mp4,1yivdyV_rvt1fTQEkJzqP1Fa09ALyyvQj,https://geni.us/LaYto1,1Ce5JSgiAF5YdjcYRHtojyGA1ZvZ2t4FQ,SUCCESS
Garlic Press httpsgeni.usaqGtd8.mp4,1qqSSZWCYIrei6VNiieF_k8ddfD83YBwP,https://geni.us/aqGtd8,1JrTjqsflu2VkqFwRBAGNYkzGDSZQsJu0,SUCCESS
Fruit Swirler httpsgeni.usspYauE.mp4,1Nq5gWEFDcDtjWgMglN7FBbUv2Rs7igqT,https://geni.us/spYauE,1dlahKwg9P9FUZmxi8mY-nXBEhtjOX7d5,SUCCESS
Egg Slicer httpsgeni.usScGA0nx.mp4,1OJE0HOUm0HF4lrKtGzqamPsBXkFQeMoM,https://geni.us/ScGA0nx,1oSuRftfK1F-LT8M4eoJz31WOIihRMlxE,SUCCESS
Dumpling Maker httpsgeni.ustB3IlV8.mp4,1-Ysoxp502WsEVw_KvawZYjAzM0V9xosG,https://geni.us/tB3IlV8,11Ft7AvrVou2bUWp76OL1ngiz2sLrc6nN,SUCCESS
Dish Rack httpsgeni.us2Vfy4.mp4,1K8BHPVid9p25y6PBhlgxRX4U_-nzRPOZ,https://geni.us/2Vfy4,1ZkP3YC-wYwRZN_Yra2uhS7uF9eraCSQS,SUCCESS
Corn Twister httpsgeni.usBYf9p.mp4,1YhxNfi6fKHp6VfRNN4Dv_Mvj7NCK82eG,https://geni.us/BYf9p,1zydprLm4-FbiBk-arHRK5GdovbH4OG6D,SUCCESS
Breakfast Station httpsgeni.usgyCXUn.mp4,1nUVgQiBgN1Bvw5eSlY6ANP4I1Zm31pDr,https://geni.us/gyCXUn,1bEGhlKGtw3-l9DC3Bvi2kKKEeLO1FvBF,SUCCESS
Bag Sealer httpsgeni.usySQmvh.mp4,1ngSfSO522_2a042Qhe60TRynuvcIvuch,https://geni.us/ySQmvh,16IuC27ogHKmNbTDdlE27ohKKZt8U6YWG,SUCCESS
Vacuum Containers httpsgeni.usu34i7u.mp4,1XCxwDDHtP8DMElP50ISroggxwFq5haGy,https://geni.us/u34i7u,1QRqVjzxQNZibYE_cwPWklyi5gkaXgOoO,SUCCESS
Stem Remover httpsgeni.usPyOocG.mp4,1-AsVD41JvP3LeOQtYs44Vs3TrnB42Mp5,https://geni.us/PyOocG,1yU1pyMwsyA3CsnbTUnfTWkWwtlJSBT1w,SUCCESS
Spice Carousel httpsgeni.usRvs9.mp4,1Mu3NnfAhOOmRTftkodbbovEPOT8VGBPC,https://geni.us/Rvs9,1SWXBdqK412C0AwfrHu38hDDxPN1ad8Wo,SUCCESS
Smart Sink httpsgeni.usUUmTT.mp4,1EsT_4WihM7ZQqgpFTrp5GRMli9xmO6yq,https://geni.us/UUmTT,1I0HD9Qp4KazUmtyUEO4bjpoOJyCen8sb,SUCCESS
Peel Catcher httpsgeni.usnOANkm.mp4,1N-0lxBSg5gy__iY5ffFXuAMQxLAERl2S,https://geni.us/nOANkm,1MlvIEKYkjBiIIuyMbvzYf1wf525w9Hc4,SUCCESS
Pan Stirrer httpsgeni.usToPGDE.mp4,1va9yc26jUYNjmGuhLTJBi5oWviK3Elq9,https://geni.us/ToPGDE,1YRUrQLBWqaMc2Eft9SBhb828RsHJiDtr,SUCCESS
Palm Brush httpsgeni.usRI3hu.mp4,1GQmYXuRJ-73UT9ISexZUXtaGvxe98SWs,https://geni.us/RI3hu,1Y-zVdd_ZeGMU1QyZOWAjdk-HXeP-iKHQ,SUCCESS
Nut Grinder httpsgeni.usUEdml.mp4,16-Jyqcs8yPEc_DFZdh4J0HxVZbHKAnYx,https://geni.us/UEdml,1mXrCifl6J_oXJi8A7fY_7JlSEiI9Avl6,SUCCESS
Grout Brush httpsgeni.us1B7xs3.mp4,1sV6g49Z7syFIGU7_QtTYWb5N5mMzhpoP,https://geni.us/1B7xs3,10H6J5cIbu2x0WaV8KwFbMB2Ll4ZrEHRh,SUCCESS
Stone Mat httpsgeni.usF0XBIAG.mp4,1vL4J8v7tNpYecvfa5NgiedMNJyNw5FZG,https://geni.us/F0XBIAG,1-QKplQc-JRR2DidI1IrFFcIPffZvvcaR,SUCCESS
Dust Finder httpsgeni.usNAfQWHN.mp4,1iuNoqvXsUKRNdCPpqpYOC7GW_CrFFmYS,https://geni.us/NAfQWHN,1ukCvErGK4NtY0D22On9kVLH3qQAPTT5c,SUCCESS
Window Robot httpsgeni.uscIBiFn.mp4,1rWT0_WzKCj-HluiyFdcPh-0gLNhV8kzX,https://geni.us/cIBiFn,,UPLOAD_FAILED
Mini Washer httpsgeni.us9jazbk.mp4,1qBAWIe7xHYf7ix0UBQlUOoaZxAoIOpEF,https://geni.us/9jazbk,1wHdvKjnCeBOyh5SGGAF-AzISENEx6Bx5,SUCCESS
Sponge Mop httpsgeni.usdYAMrPB.mp4,1zwm6k49bZTJAux2PyTbhB7RGUINXl9wQ,https://geni.us/dYAMrPB,1Y10oVfvZfLs6BHxb4XkVpjGKt7GzQilI,SUCCESS
Litter Box httpsgeni.ushhuX8p.mp4,1piWv_tfYpMclmMk1O4ga00fQ3iLrv5TP,https://geni.us/hhuX8p,1DjXQx4Wwxxsts9lxW10dFyeITS11e93_,SUCCESS
Track Sponge httpsgeni.usU16uhhr.mp4,1NLnapWPqPgDVkioTt7XvMGqslv6xVZFj,https://geni.us/U16uhhr,1qHubmtO5IF1wbUfe_3W6N6CXKhAyMDOK,SUCCESS
Fur Roller httpsgeni.us34SJb94.mp4,13EwIq_QhNFJvf2lT2Cims2mVeUexUKnd,https://geni.us/34SJb94,1rRTscOuw8ffSDWSy3YzdBw8iirQEYXCc,SUCCESS
Soap Holder httpsgeni.usomoZG.mp4,1Nn2-VfG7Wj1uuLzM4QtjMyNDxzpJJYtg,https://geni.us/omoZG,1LZReiUA8yEWKN43L1nQT88AhkpjTbMH9,SUCCESS
Steam Blaster httpsgeni.usaPSyhMX.mp4,1MTPdFYJHAyxubosEkcQAhsqh0Eg53rGx,https://geni.us/aPSyhMX,1CJGo2vEVgRQgTFt-eg94QuSotkXflKjG,SUCCESS
Produce Purifier httpsgeni.usNgVaYN.mp4,15qtJUeEG1iXPjnAv-kruoBfgEODebKfN,https://geni.us/NgVaYN,1RkPbjXSHP5lrhTw702bsj4CwAui3qT0y,SUCCESS
Stain Remover httpsgeni.usP6CdW6H.mp4,1k1ZsnWSqPOxC7Wnzfkua7SGJyck38zk5,https://geni.us/P6CdW6H,1PNSafBAbKkLN36ZmFnIr5IsheP0JvHAs,SUCCESS
Boot Dryer httpsgeni.usw1zW7Y.mp4,1yxeb0EUN3_V_akg_-rygGA-oMY7ufJs5,https://geni.us/w1zW7Y,12beR5KQuB5QKfyssisi6-TNEYMdDYeSr,SUCCESS
Window Cleaner httpsgeni.usYf7aq.mp4,1sL67I-RDRSkqA3dpqCDFc3ANvXNTTCLz,https://geni.us/Yf7aq,1XVFBHtUY2vv-mWTaIszx9Y6YGT1cwogE,SUCCESS
Spin Mop httpsgeni.usBHSNqM.mp4,1xfjvRvxmuw7XePlFrXneXgu9GbBNSTCU,https://geni.us/BHSNqM,14YvO3908jDCs4OhrWLwZ8CXlJvigz-16,SUCCESS
Pool Vacuum httpsgeni.ush5HrF5.mp4,1OTgfuM2hIpssFNBm5IJTiX9BywuTbR4M,https://geni.us/h5HrF5,1b_v-vqmMsBm3vXcxWkihqy7YEypOK-TN,SUCCESS
Spin Scrubber httpsgeni.us7WbVgA.mp4,15Fl-LAZo6CrJ2k-zr8XmdjH3kBMiP7mP,https://geni.us/7WbVgA,14iCPr9e6vjWevCdVSyN9mdLCSVadZiJR,SUCCESS
Detail Brush httpsgeni.usqSdS9ba.mp4,1yP8JhfRCPS8h3pyW-SIo1JpoWT43rpzj,https://geni.us/qSdS9ba,1MUI8pdfXE2blyRN-DiCkRdvDN61n5SFj,SUCCESS
Blind Cleaner httpsgeni.usnBNb.mp4,1x-SNvF-B0SmWUHoQtUeH0Ry_1jqyTU5N,https://geni.us/nBNb,1Bi6psLRJsGqwnMIStw4H-0jRf9CPpXNC,SUCCESS
Mop Slippers httpsgeni.us40EqQo.mp4,1FvJTEmRcd62V8cgFu94eEkTAv4sO0bP2,https://geni.us/40EqQo,1xCnpf_66Sm4TEQYujY1EYPQ46bYdJoaW,SUCCESS
Mini Mop httpsgeni.usqeWx7.mp4,1bRnVbas4IIcYGiDQOFdw1ANV-vEe4rcj,https://geni.us/qeWx7,1S9ctBw25d9LN5JVGSVfgTS0J7qzpA1Ln,SUCCESS
Folding Robot httpsgeni.usas1hWh.mp4,1j-fPuNcXPHFUybTGmNf3DvPd6VWntTxg,https://geni.us/as1hWh,1LaUswECtQVnnh5yd-EcKpTwvRHV9vUUS,SUCCESS
Cordless Mop httpsgeni.us0e21RcO.mp4,1EwqGAujxhuWIeEikww-74Y-30f5ulGpg,https://geni.us/0e21RcO,1PDe03WnLA_l4TgpPHVPcjjBPeGAm0izi,SUCCESS
Lightweight Vacuum httpsgeni.usjjOaqK.mp4,1ygq7lP13H5W4NARUUsxzVXoG_dl7S3ZT,https://geni.us/jjOaqK,1RA65F8K9_muXTl2GLauEaAI9cXoE7bMU,SUCCESS
Waterfall Faucet httpsgeni.usqN28jVC.mp4,1HQHcsYKnhz920m3x3fsAIMMOhWCjXbx8,https://geni.us/qN28jVC,1V86j-OqDYa_MDOqzFrvYZAnJP3h1bR5M,SUCCESS
Veggie Spiralizer httpsgeni.usSQuJK.mp4,12YHQlTnvyxEzde93uzgRJ0I91br0_8Oo,https://geni.us/SQuJK,1L9GObzP7SY5vTxUfuD6dfO4_YrqKfxwC,SUCCESS
Tier Rack httpsgeni.us0qAA69Y.mp4,10TmBq5KmhNxZmmt-T6j4MQvdglqGYf69,https://geni.us/0qAA69Y,1kE9Eik-qBzrzs5tZigSBXmh7kiMoQMnc,SUCCESS
Tabletop Flame httpsgeni.usMklYMm.mp4,1KOcoS66uxShXv2F8-3OMlhZpnyx5rato,https://geni.us/MklYMm,1R1D2PLemjK_k8-WarkKY1UFNBmjuu3M2,SUCCESS
Spice Organizer httpsgeni.usBYcln.mp4,1xLz8XsO3v6f_Y4Wd52JwLhGfkOlGZvW-,https://geni.us/BYcln,1QLgtg-ec862d9-nEeqI0VS7z50J_gW1Q,SUCCESS
Soap Brush httpsgeni.usq5BfWW.mp4,1KfY9CxYZtUzQcsMA93IrdwbRLxs3mTWM,https://geni.us/q5BfWW,10-LjckIPQqHo8NE8znn2cJT-yz3tcz2d,SUCCESS
Snack Board httpsgeni.usZVONB.mp4,1g0LG0gbVoReWPyejceSufZcizYy4FH8_,https://geni.us/ZVONB,1ZEcPqYF_7kH_15KlzyLz_-oYO_3vvQIW,SUCCESS
Rolling Trolley httpsgeni.uspMrcMu.mp4,1CxYhG5fmVqI4pHWKDm_DJ28vkEmCUbh0,https://geni.us/pMrcMu,1IudCWydnqYpISe3j6heaRBBHucjqtQC_,SUCCESS
Produce Saver httpsgeni.usRRa0PQ.mp4,1Ya-P5r66OlA1r75FdY6Vrx9h4PZHPlpc,https://geni.us/RRa0PQ,1Im4Tq9ha3Me4urJmM8y7kNo7upPb58rp,SUCCESS
Prep Bowl httpsgeni.usBglkI.mp4,1buqsAPfogyhEn0_vO3m0vao0O9fRs-WF,https://geni.us/BglkI,1DMzjFpHPQ7enFVRFU2FZs5kA4Vc0BbWA,SUCCESS
Pasta Maker httpsgeni.usylKxkY.mp4,109WWBG7jzXOYAo3AXXi8Mv_H6zv0ryub,https://geni.us/ylKxkY,1gpisFAXf5wbATtWfmS-Rn7M3nR4LaiG6,SUCCESS
Mini Dishwasher httpsgeni.usy1SOzvn.mp4,1n9rPNtRhxvwktkaiUmvB4zurNfRAkivZ,https://geni.us/y1SOzvn,1BJigjhr_W9khDBX22Z1xSH46TCbfM5B4,SUCCESS
Microwave Cover httpsgeni.usTZCd2.mp4,1lBOcQMZGqw1p0qop2T9duWN8GKtPUvqX,https://geni.us/TZCd2,1dwVT6Enz6ofWVCXnsc6CkljuhySILLVC,SUCCESS
Meat Slicer httpsgeni.usKpf12.mp4,1JuG-Z0cDMLblbhPs9sVYFiFoh0qpJVcX,https://geni.us/Kpf12,1bkPRjG4colZKdLgyNSeMUwOUMYILPM7v,SUCCESS
Ice Maker httpsgeni.usm9hfmN.mp4,12_A0w0UEmQuSagKTU8LBjL7hxr3wBkeW,https://geni.us/m9hfmN,1yYrbiXu16n-buL05y4ZM13T67lNxCgzy,SUCCESS
Fruit Slicer httpsgeni.usivjA.mp4,1NrFlRK2r2TM3EJJhAeyMjJeUNZFYBPqV,https://geni.us/ivjA,1OtLjYKD9UpX-nkIM3mYP4R5EtDJzoWTZ,SUCCESS
Fruit Peeler httpsgeni.usWaaTG6.mp4,18O5SNMTY3yvRkfiREHFlJAO4q5bhVBXR,https://geni.us/WaaTG6,1WYqSRGITxSXv3AC0dHCPkjcN7YLp-MI0,SUCCESS
Finger Brush httpsgeni.usAidH0.mp4,1CZrlK5VfoVzQiUAVlZWR7y-eMo7e7CIS,https://geni.us/AidH0,19fMYgrEGYh_mkXIKrVYARIf5WIb_2bB5,SUCCESS
Electric Slicer httpsgeni.us9C5bAov.mp4,1mmBG0Bd18ScXb9y5BPWjLrcxVLkPH7qY,https://geni.us/9C5bAov,1ZCFL_viwy-pVtQqZ0cl2oeS8c5lggHzI,SUCCESS
Drain Catcher httpsgeni.usw6vta.mp4,1T0zcqKOOqK0x4pzXOrw2_WZuCdYDpPcK,https://geni.us/w6vta,1P_c7HUjGTXkxAmOzApzOhrtL97nU4HB3,SUCCESS
Can Lid httpsgeni.usSUzvg6.mp4,15454I93TckRyjd4z8vZpqiAETVlZOiEY,https://geni.us/SUzvg6,1a8w_HlEdWZoULf2owULawV484MxAmYfi,SUCCESS
Camping Stove httpsgeni.usXJVb3a0.mp4,1QLZhHe_iR9o2qiH_H5SnqTUq3wDLnPrB,https://geni.us/XJVb3a0,1ViIMbIrPEV452Fb0HrY2umwSRqBZzU0a,SUCCESS
Breakfast Station httpsgeni.usewnqJN.mp4,1VU2WupGlu50oUFnNvaXNsDySPG8zkWV6,https://geni.us/ewnqJN,1NvoDsH9LgwYqql71tUs2Ew2d_lcj4igE,SUCCESS
Blender Cup httpsgeni.usOvUH.mp4,15AosWV7rIrKZ0bufb2kCIXE6c9KlaHHb,https://geni.us/OvUH,1HqmgBHxlYzOPW8CkPhjq-_Nm-dT_80AY,SUCCESS
Bag Sealer httpsgeni.us1wCU8.mp4,1Vy82s87QgPaPuVqh2oewh0YbvIQDKzNk,https://geni.us/1wCU8,1xw7ruszYce1wQG-MVeDp2n5C-pfvqr5M,SUCCESS
Blind Duster httpsgeni.usZuYo5.mp4,1gEiwFvtm0GDlp3gcwIEXWze-f2N5WATQ,https://geni.us/ZuYo5,1h-vtU4NRgZlGsHlOUdDf8UAAbvg7br8C,SUCCESS
Soap Dispenser httpsgeni.usXfHXr1.mp4,18bpwG0v4EgVCnHtuUl2lVKkmGg5BpJeG,https://geni.us/XfHXr1,12fUDsSuCXOh-ExTT2LKt2STBFVvfq5Vf,SUCCESS
Shower Scrubber httpsgeni.us9kyU.mp4,1Cl9ccTZ7m2-tISEAHJxfKYTugM5Eh394,https://geni.us/9kyU,1BOz6vAviSk-KzpZWi2d7UBOU1zSGEHab,SUCCESS
Air Duster httpsgeni.uskOig.mp4,1M-1fXYHQkBU-bdsm6PlE6Ffqy8JYJSAq,https://geni.us/kOig,1zlCprAdapDbEEc9dw3K7pXC91T-dMw46,SUCCESS
Cup Brush httpsgeni.us8ElFpC6.mp4,1ObHHxegBPOeOlN6DKfNXZ0tMdWKQFxa9,https://geni.us/8ElFpC6,1jYF-E3KQ2w1pKLIPozy0W7xN5w5vbVWJ,SUCCESS
Robot Mop httpsgeni.usuooRIBA.mp4,1rsTcs8qQx-YE26pU4EgVYPLJrn65LH47,https://geni.us/uooRIBA,12SuqMPIXVo0FBpPvdSJl1di7MmIi3Rqe,SUCCESS
Litter Box httpsgeni.usb18G.mp4,1igMgH_VJlZTaLmFRsWBwthgF-0Ggi-pW,https://geni.us/b18G,1Pnt0iGF1ORJwu4lLmjTYzjoTiD-TM7Ua,SUCCESS
Ultrasonic Cleaner httpsgeni.usebbG.mp4,1WM4k46KyugJTfzCpTMLHCM_4ujPFlD8O,https://geni.us/ebbG,1q1S-q4l7XpZmStB9V-eiijy-UchE6ucI,SUCCESS
Triangle Mop httpsgeni.usdgyptMT.mp4,1gKisdke-zbIpqqLiJI-WxFhfHCkKgP2b,https://geni.us/dgyptMT,1HXYl-Sf1bX5vJ9V2TrWZSrasfuBIah6b,SUCCESS
Window Robot httpsgeni.usaApVhw.mp4,1YsPMB39lYMdqXW51WqRZp6gVgeADq3Er,https://geni.us/aApVhw,1JcJ2d2mArkqQLTLEjFoC4mBPuRRvxnio,SUCCESS
Cleaning Gel httpsgeni.usPmqFA.mp4,1hm13ZVArHXsQTQi0FNKtVUoLqMVxHLRE,https://geni.us/PmqFA,1CLaYrBNjNNhagblVaxLz57CdPuErQV44,SUCCESS
Mini Washer httpsgeni.usJrU4i.mp4,1BmXmubmeLyAHSDOLXtfY10hM_KKIrKN1,https://geni.us/JrU4i,1myCTixzVqm-og2mpXsS2eedwyDCXhxRi,SUCCESS
Toilet Brush httpsgeni.usbrzuOqj.mp4,1bN-NVxYFk5jt6BO1IdP7kvyOroXv_YLS,https://geni.us/brzuOqj,1jhvlqMIfRNhMYwmCu4_HB3k9lKQnmRM1,SUCCESS
Lint Roller httpsgeni.usX18gpZR.mp4,1FwkoMiCcX4wEhViAIkgljhlmWX49CgG8,https://geni.us/X18gpZR,1ct6c2dH4WL6agyg4pDwE8kP-k4OBX2J3,SUCCESS
Flat Mop httpsgeni.ushAHWJBL.mp4,1cexB5svHR53dut8I9sXs0ibF8gr95YpF,https://geni.us/hAHWJBL,1MUF39deAdcrDr1nA60OmXtJijMynZ4rb,SUCCESS
Steam Cleaner httpsgeni.usI9AuWE.mp4,1wGRCCGXvIlO-n8YNzFFu1KMN6nHTFvX8,https://geni.us/I9AuWE,1SvZFR4OWlDnI6pxbKDCd08Gmh2G9h93M,SUCCESS
Soap Brush httpsgeni.usEnwnL.mp4,1T7KTtnz3f6yTwrdNlwbx8PjbTzkSW_ri,https://geni.us/EnwnL,1euvV6jvIhM3pF3bicI7iAcPSN_LDP535,SUCCESS
Tile Scrubber httpsgeni.usXCKaXNO.mp4,1dHIN1NXWjbRe993OIb_JkndwP7JvQ0jB,https://geni.us/XCKaXNO,11cxACrAtD8UfeLwocmRiW2ra09zI1do3,SUCCESS
Trash Bin httpsgeni.usjep2.mp4,1EnhQqcQxaFwIAqFlp4EG3B3d0s047S0f,https://geni.us/jep2,1tclihUWYYR8CJplUznW6sdTJ__JZ01pd,SUCCESS
Glass Kit httpsgeni.usVo47ra.mp4,1x6qqtPAeTXckAjbZJ22u7f3x5aXcXVBa,https://geni.us/Vo47ra,1GuETu_r94KEX_5uC9GKpRmhOYZRJ3iTL,SUCCESS
Fan Duster httpsgeni.usrh5ipS4.mp4,1MmhoHzS0ZXt4xcM9isBQaLZiF_f8-1X7,https://geni.us/rh5ipS4,1ni7XMTiPLyYd2MVcJdjhrz3aF3mHzOM6,SUCCESS
Power Scrubber httpsgeni.usVFsIp1.mp4,1E6vrh7SP6MyRytbfLgObHMt64pmWV-DH,https://geni.us/VFsIp1,1bWN1xEa8CGVAjVDOwmoTnRNUXNPGdPdt,SUCCESS
Mop Slippers httpsgeni.us8uUt.mp4,1rP3s0bhMlseNdZ6gxJJnKbhaR3jEKAMw,https://geni.us/8uUt,1vln-7uXXiP-Sq2MJZm7nN17MxV-b8SbL,SUCCESS
Pot Strainer httpsgeni.ushSUK.mp4,1T4IJtQkR9c1pVi3RKb87OOjrZkFkQspp,https://geni.us/hSUK,1FWiXG4B9JYeh7qP-B7g38yqqzK9XfPnz,SUCCESS
Veggie Cutter httpsgeni.usE2V5oQ3.mp4,1Co61pU96YHHMP87bh7Payyjd6GMH1fjt,https://geni.us/E2V5oQ3,1PCfX_dm0O4XJ3cMEeOjUUWPXAYfD0q6C,SUCCESS
Trash Bin httpsgeni.usnRnBAhM.mp4,15A3Pu50j8rJlHsT9dAQGwzxyTPLk-U-1,https://geni.us/nRnBAhM,1I3Jdu2BnUmWJ5fT45xRYPfu8urHvXVmC,SUCCESS
Spray Holder httpsgeni.usT1VreGg.mp4,18mlslBtFy49yAa8LmFmTQTkfDZN6oqNV,https://geni.us/T1VreGg,1rm4snod911OTh0oDaADSGBHtmA7xT5rf,SUCCESS
Splatter Cover httpsgeni.us9zaLf.mp4,1q1u49XVfdraPs1kgWWkU3uLvEMJsYLf7,https://geni.us/9zaLf,1St3t1t16rEmccHN7xCobi14zYgnZXiXY,SUCCESS
Spice Spinner httpsgeni.uslxIb.mp4,1FcclTepK55om178GDIlDkgcjzIwD4L8g,https://geni.us/lxIb,1nM9wWJe9cVX4LoNguIFsfyJYFRWJ0E07,SUCCESS
Range Hood httpsgeni.uspmerg.mp4,1NG4FZqTCyAfJNDSV1_a-twQuSe0o9b9R,https://geni.us/pmerg,1Xlyfmv1JoK3ivIV3JpEtX6TArY8EzoHS,SUCCESS
Pizza Saver httpsgeni.us9oVdgWE.mp4,1Va3fvvVFkZ4arSqWMntfKN2nmyNtWKWa,https://geni.us/9oVdgWE,1DGk-sFM3CUJrlyP1mSIFouIbtwTnM1-O,SUCCESS
Pasta Maker httpsgeni.uslNszdsG.mp4,1gDHww9zz4Wvc27fsx50aVLSHVbADmByA,https://geni.us/lNszdsG,15EnTPRfJINdM9vkhr_mnUFflzWOWzpPu,SUCCESS
Melon Slicer httpsgeni.usmTmtd.mp4,14gRvc8ZB2lBdy1A0NRoMmmC0q4CquHES,https://geni.us/mTmtd,1DDWiDWCLqJ3w4pcyuVwTn2ZemF01i1Mk,SUCCESS
Label Maker httpsgeni.usYAvbfSz.mp4,1Sv8fEZsNNvqb5JkRnIsGRdUD3_fm0zVP,https://geni.us/YAvbfSz,1UX9---8pX6JTog4M-rcH13M0LbejQ5hE,SUCCESS
Kitchen Composter httpsgeni.use9RMN.mp4,19awAb0GrkOqMdZs9w2nJQjNA8a1dnh9s,https://geni.us/e9RMN,1Uvfh2G4QM_dXmofzKeXh_G66rMwD_NWH,SUCCESS
Kebab Grill httpsgeni.usFX6u.mp4,17bKU4v2YTNuj1MQf1xrjPER2CxU4udmw,https://geni.us/FX6u,1isa32h-660rw05jrmlS8h-n7rCtkgpUl,SUCCESS
Jar Opener httpsgeni.usgETtvxX.mp4,1MmGaf6mc-EbhLXvqdjIcjyBO3iNO-29G,https://geni.us/gETtvxX,1YFVOnzvRAS96rRUNt2sNlhykYR2P4Rem,SUCCESS
Fry Cutter httpsgeni.usrQiD.mp4,17a4tqH0vNFFtADWLl6wZyfUvfVDsXA7k,https://geni.us/rQiD,1ZPSZ3I-b3gaHcDpgPAkDwbU20A9UZmIU,SUCCESS
Flip Jar httpsgeni.usLMJm.mp4,1FRiC9ARqdzH9kuNd_tZhQLeZvNweaOtv,https://geni.us/LMJm,1e4FUMPaEUqZgXI7fwvsYMnawxRmQ3yb6,SUCCESS
Cookie Printer httpsgeni.usmjhJji.mp4,1StKRccTyyYDcXhDTOuFel_3kfCgaKd3U,https://geni.us/mjhJji,1E5srdOeF7ppv6fp0IXW_VxVqjWNnIjCN,SUCCESS
Cocktail Mixer httpsgeni.usOQ0yhi.mp4,1O27XptPUxDkWOXlCSMOhGbGLzZyyqP1L,https://geni.us/OQ0yhi,1k3ynfxqpPcjYo3IyYgIbEm0v1Uerst92,SUCCESS
Closet Ironer httpsgeni.usT428o.mp4,1ib5bVLTnJ-JwDMnLniKiYmTIHAELGql8,https://geni.us/T428o,1zz26qK2M66FqRTuk9htlEjQJrV_DejpP,SUCCESS
Breakfast Station httpsgeni.us9X9z.mp4,1Kt-ioNoi_Eb9HGkctUnkQgX-bZ7tHtfW,https://geni.us/9X9z,10HlxeDdH4jJLfNruyX676d0RI9mQrw6w,SUCCESS
Blade Spiralizer httpsgeni.us7Vo5A.mp4,1Sdtz1JEoGqysH50uZDRomCwumx7LqtWn,https://geni.us/7Vo5A,1rAfIbdExAEmxyY8Q_gpH6F18OwXmqLMM,SUCCESS
Bakeware Set httpsgeni.usCEnp4p8.mp4,1eOx-fxY9aVMx38Qzjb8qgEwnaP7SC563,https://geni.us/CEnp4p8,1KtW_B1CCDJ3HRCV2xSR4NvHrNaLBPnSZ,SUCCESS
Bag Sealer httpsgeni.usinQp.mp4,1Gf7jVUJo20D0ZL5no1-1bztZx8A2UyuV,https://geni.us/inQp,1wV4N_xnjyyBPudbApUxMkMJ2EoQkwyKU,SUCCESS
XR Glasses httpsgeni.usSy6DFr.mp4,1RTitQ5rzZgfqToO8xJghCZKd65KVHMFp,https://geni.us/Sy6DFr,1vQ6kLlfKig8scRWa4m5XIttcmbAtyNsy,SUCCESS
Vlog Camera httpsgeni.usJapkI4.mp4,1XHCcK0vHl6LNS0sBq60TKzRyj8XTYtp5,https://geni.us/JapkI4,1_RUdARq_R8QDVMwhFD2dBemSDz9FL9Im,SUCCESS
Translator Earbuds httpsgeni.usV007s3.mp4,1C2XeXXyiZUnU5HvQKHj0uS_fMOaVFeLZ,https://geni.us/V007s3,107Vkdv3SOhFQwc7Nisnt7Ci4BEk8oZA3,SUCCESS
Tracking Drone httpsgeni.usF5aN.mp4,1lCOqJxTdjuDtE3KtVO54GeHu_TlKHv37,https://geni.us/F5aN,1sgmL-ZTS2RFyhX0ho8jHVzL9Ml-BrMQn,SUCCESS
Smart Robot httpsgeni.us2LS0FTd.mp4,1PiSEJghPOr-kMF857rS-tI_iSA6pK5vo,https://geni.us/2LS0FTd,1SxJw2xzSrJR2p7Rc-xj4vZSOL5vgc3Sf,SUCCESS
Smart Lighter httpsgeni.usjj7QRs.mp4,1KmoRkTZ5jGsA69zdLbkQOjrHnCuyfRZR,https://geni.us/jj7QRs,1LSWYdrygoN4RjMwyvlefhJDUX2mPEknk,SUCCESS
Shooter Joystick httpsgeni.usrbN5IVP.mp4,1z4JCg-kJhe96bvjDFM0P87KSW8PuStkv,https://geni.us/rbN5IVP,176PG0w0M1jNwRKfBxUWJaER0909fLsHg,SUCCESS
Recoil Mouse httpsgeni.usmXveYM.mp4,1sQUuEdzMIUEf0bIMwVJrQkodLde5jCTz,https://geni.us/mXveYM,1sE-tut2rcPsinNYQ5HX-4R8LZFvQe06n,SUCCESS
Phone Umbrella httpsgeni.usqU8NYgA.mp4,13HBYkhu3qN3KDBZ0D9BdUPkj0YVHkogM,https://geni.us/qU8NYgA,1DJq4rliqGypvWxYDhsC3c39E7JES7A43,SUCCESS
Modular Powerbank httpsgeni.usHrsSd7.mp4,1ANeDyRxOODV7ZdOkVN31lYJ2-rXbjUvv,https://geni.us/HrsSd7,14NjlCi8UUHWnqsLziqdol1gGAr6e9Ayl,SUCCESS
Kinetic Spinner httpsgeni.usXZBy.mp4,1ba4MKedSae1wZMHcYPWCgW8FC4TwjiAR,https://geni.us/XZBy,1C8C4pzGQuOawCC7yJlOrQbghuQQ7e6-D,SUCCESS
Folding Keyboard httpsgeni.useM90UX4.mp4,1QnGjKANHFCC3tzSRwp-5Xoh_PB9wfN23,https://geni.us/eM90UX4,1zXggwCJ99L_VL7otIXpMf5xlGNvpB1T_,SUCCESS
Flashlight Gloves httpsgeni.usrUCPl.mp4,1H09n5YgNMT7LSsiHSxGNRQxfxLYD30Pa,https://geni.us/rUCPl,1M5Ux4RSxnEz7H3zYjSIpZauBh2eLYnHh,SUCCESS
Fidget Saber httpsgeni.us54GOvX.mp4,1B8zMxVoYQNVF58eEnNHKcyd4L1o5-DsD,https://geni.us/54GOvX,13xDL4kJVttNmKN_52eSf-DgKZzxqRE2g,SUCCESS
Electric Skates httpsgeni.ushfxkX.mp4,1xF6LYUH-gcbo1xIgtKzWne5Xk1d3W2jM,https://geni.us/hfxkX,1QlqGpOMXRp1ObcjSj_FhP7HGf9U7gwvh,SUCCESS
Dial Timer httpsgeni.usWiymDF.mp4,1CHjkOrdp9OLlRl2yXlBaJbMrwrmBnGZV,https://geni.us/WiymDF,1r7Ga1nvCbtwEl-NTDsh2tpBRR3FtEkF7,SUCCESS
Curtain Opener httpsgeni.usTcbNoQy.mp4,15dyFnaDl40EPsCPKj2EO-CW4W4j2T3Fw,https://geni.us/TcbNoQy,1PhTc1ss0tyg5UcxolkXN827A2rRPDggM,SUCCESS
Cookie Printer httpsgeni.usXyup0T.mp4,10aeGugOtcYwXlwmGt_9P-o4Bs_moW-jm,https://geni.us/Xyup0T,1Wx30Hke25ASblmlHSpfuCitAXqhR9Hrb,SUCCESS
Coin Eater httpsgeni.usynWm.mp4,11EIWjTbmHidAhukxoLmWUl1kE0sKxRos,https://geni.us/ynWm,1LXcjy0Tgro4cqlfk0O58ljucGbLNrt9Z,SUCCESS
Charging Stand httpsgeni.uso1TV.mp4,17PmrzlcWt8m6xRI8SSRPoUQT-i1xU9hv,https://geni.us/o1TV,1Vbm1WhAPu1L6Xnp-Seds_cERy7tGAI65,SUCCESS
Card Reader httpsgeni.ushzpFGX.mp4,1y5e5Fi0nIrWrgGsvrr_-eSDmdfQWPVJZ,https://geni.us/hzpFGX,1NzgJ208aiIXUJq4NHQ0jspAohfeC9nvr,SUCCESS
Camera Grip httpsgeni.usiAFCzBB.mp4,11B5wkYhJz7xpMo4mvqxV_l120DwXnQ4V,https://geni.us/iAFCzBB,1JKHSih7UOS8qWGwvO9OGJ5QvxV2fEeUa,SUCCESS
Cabinet Lock httpsgeni.usXBlz.mp4,1TmgHUNAksa_CNapKiMXFlgnntOCfvY3n,https://geni.us/XBlz,1RuXQowmbDc0gqAUXvaH74r1eOQriyl2y,SUCCESS
Boxing Trainer httpsgeni.usA1AweG.mp4,1UoIWknG7YjCd1-fwQGCCDalX7Q81EYvx,https://geni.us/A1AweG,1BM7L77kBPL9HucXKcZpjAagWSF9CVdxw,SUCCESS
Bag Sealer httpsgeni.usPTHWr.mp4,179bPnZjrb-Wjo2ViQL76uGHwiAQrBsF2,https://geni.us/PTHWr,1dQPjY6Eva4ixJ4AQ-Gy1veR6FXPhGhtk,SUCCESS
Chip Bag Clips with Pouring Spouts httpsgeni.uswiv.mp4,1_lsaZWJAF5krxgm2YB67RfnnNmdA7qec,https://geni.us/wiv,1DtHf4NR4kZGez86ynvMMQp_28UcUQpsb,SUCCESS
Label Maker Inkless httpsgeni.usMELmh.mp4,1iy7RmCtoFLo2hSPr3-4v7dndLA9UTes3,https://geni.us/MELmh,1IeDlhkYdiZXQuS1WRtCrw-PL5_rDFLQX,SUCCESS
Wine Preservation System httpsgeni.usiDC90y.mp4,1y8OASIlIHeRmr1agzUvfLFxwrETxH32A,https://geni.us/iDC90y,1yaSvhsCG-GBfRJlB8ZweFG4brrmjekFr,SUCCESS
Adjustable Dumbbell Set httpsgeni.usg7irAp.mp4,1stDbOvfDU08y6Swwt8EfGUIbtDlIT8az,https://geni.us/g7irAp,1JGeB0V2ljU6zFJtppJpx33aDnINuOdAL,SUCCESS
PerfectCut Vegetable Chopper httpsgeni.ustYjh.mp4,1MAKJiiW5HaRYDhH5pCI4cxZwPq9nofxz,https://geni.us/tYjh,1NnXcGXaPxndsJmSSv0zvq0RuYhMz7grb,SUCCESS
Virtual Laser Keyboard httpsgeni.usUqhMA.mp4,1er0DpvmpgZbS7YUFKodcc2XqavgTnLh-,https://geni.us/UqhMA,16Tg0lAg-NLTwRnyTzYnSuzq27BHFPDWR,SUCCESS
Hand Lifting Jack Tool httpsgeni.usBkHPP1.mp4,1uO9h6QHmY70_0FHNtFjlSiAJsvFXvifJ,https://geni.us/BkHPP1,1Epb22yfiyu09NbyrIaEgUqOXiW6bnMn1,SUCCESS
Thermomix TM7 httpsgeni.usWUdf3.mp4,1pwYNgEHk1aeZqcSdhHCJJ7dQrOJPl88U,https://geni.us/WUdf3,1FUZtNJ4HWZbVh20p88S8pSqKwkV9CgEn,SUCCESS
Solar Step Lights httpsgeni.uswGPylw.mp4,101DeyLBVBmVIfH2k8qaIzocPBMYc-Yuz,https://geni.us/wGPylw,1MBkkDgFPGKMHj8G097er0-Rd0cpN1x8A,SUCCESS
Bar Soap Grinder Dispenser httpsgeni.usU5s59.mp4,1OZjX4AjUaO-YlhuF6H5cDU21lyylwLq7,https://geni.us/U5s59,1JHUoEW64wX463GoIcvBSFbxcw4SBQjvc,SUCCESS
Under Cabinet Lighting httpsgeni.usz4Z9W9s.mp4,1or5icmrXBwz3FoLehJGA2sExYq3AdblH,https://geni.us/z4Z9W9s,1G2a0InKAOEyCzPT2jz9ko4ztUUGyhHi-,SUCCESS
Meditation Chair httpsgeni.usCBZBF20.mp4,1iuMlcHL3lvbRCpl3ODDuMtFPfxxzywgl,https://geni.us/CBZBF20,1RMhkYW4BkiHWTMnKMpBIS5kpHyfCq9pJ,SUCCESS
Triple Wall Mount Shower Pump httpsgeni.usBHooN.mp4,1ohNcAmGcKWDcfB19OhhEqmFhWuO-WTwh,https://geni.us/BHooN,1U_bN2JOJ3VcGTo7mksf99Jr-jY1FMHQU,SUCCESS
Mini Bag Sealer httpsgeni.us9Szou.mp4,1Weszy5XhBx6BRgsh9sdtGcrYhba1t2oO,https://geni.us/9Szou,15Jn3SovoV9V4YZu5IKN0QlGpW7SLKDEK,SUCCESS
Caster Wheels for Furniture httpsgeni.us4Eks.mp4,1A5dFGTb6ntPPMDG4QMtOsS6P6neROzjY,https://geni.us/4Eks,12enaLa5kJiqYpl_un_6lbClhL4hmyMT_,SUCCESS
RGB Alarm Clock httpsgeni.usVJinD20.mp4,10npfkKSdVovTTs1ZoFddBgKtdgNww08z,https://geni.us/VJinD20,1VPY3VPyFxqCQW76eZUxmHMB7ZVmFRIGG,SUCCESS
Smart Bulb httpsgeni.usiS3E.mp4,1kTzPbY7pRI-9O6P24cjZl3kylOiihj0_,https://geni.us/iS3E,1TYrqiz-xtCf5bMMC0HDeSS1eFSitvoKa,SUCCESS
Trash Sorter httpsgeni.usmSDV.mp4,1znklPDJxtxGzGZtD3_sjISbUoVIZfAMK,https://geni.us/mSDV,1mjp15BL2p_PtkYSwbmNhXrrJhXUjtgI4,SUCCESS
All in one Bed with Fridge .mp4,1UieKT6HMMEYWcoJADq26gPO8a8czot__,NOT_FOUND,,SKIPPED
Multifunctional Sofa Armrest httpsgeni.usXjvg9k4.mp4,1GqKK_kHCrQMfVP_TI-COtS4GD2y-goaf,https://geni.us/Xjvg9k4,124NshNkOFAqHtZUmraPK5UYy7zXj1XTf,SUCCESS
lazy susan httpsgeni.usumbpVk.mp4,1HhhlpOSsBaBq852n3rDsEKSmdgMkitqs,https://geni.us/umbpVk,1PB3qzjFyPagw8mJNQ6uBEoktdyt5RR8L,SUCCESS
Rotating spice rack httpsgeni.usn2xZWQs.mp4,1Ez8hFVCvT34XF1ozMb8RYUU9_ZywFjl_,https://geni.us/n2xZWQs,1HN8R0UkTFuL6VrIpPMpbVh0vHkrb62cm,SUCCESS
Giddel Toilet Cleaning Robot httpsgeni.usBRHK.mp4,1IbFt49lB5MSbla21-bzV8yKQjhLreiYP,https://geni.us/BRHK,1wR3jg30nqznxEAkPYieERpXr83lrx0y9,SUCCESS
Leather Sleeper httpsgeni.usqZ68d.mp4,1KjPwGCUWyIZGA_qXCvg_yPJQvpgGeSji,https://geni.us/qZ68d,1OcuEdmuHRHgWBidJU2Ku34XJh9kNmWzK,SUCCESS
Dessert Maker httpsgeni.usyneHh.mp4,1gyIthlAwnNMnkgg8LF9vHvXB7bTaEpMK,https://geni.us/yneHh,1aSGtpKkjzv4pBwnepE7w_HdACqGlxl0k,SUCCESS
Window Robot httpsgeni.usgmteJy.mp4,1vOy_Azq8ctQQK8ypgDJUmeeJNVSpZE2T,https://geni.us/gmteJy,1Vz5USJsZsrPz70bpsmjn6QEcsakRlL8v,SUCCESS
Utensil Rest httpsgeni.useElP.mp4,1wvBgnz9CuY-3kyxKzGXStZTkEIoH_k97,https://geni.us/eElP,1WyeZe3L_1l1ZwYPCapUuty1FU65Q5kBH,SUCCESS
Towel Rack httpsgeni.usX7Q0ah.mp4,18vAVllun1hQ1Abw4NqAXvZTj73N9oGNZ,https://geni.us/X7Q0ah,1uURCeXaXhxbP4elPIE_TeqtE5kWIenco,SUCCESS
Toothpick Dispenser httpsgeni.usDrtp.mp4,1lUJEFFACMwG79KecRfRQBQ8poeNK7JFi,https://geni.us/Drtp,1XenD0ATb9YfiHnZdocAtchL702c8xSYb,SUCCESS
Sunglasses Organizer httpsgeni.usKlMFGb.mp4,1O0-wH8aIfun72blLiyZug9LbQWIX4jgi,https://geni.us/KlMFGb,18m9XQUu4j-TsebtzjKo6Pj1NjxBuD7c1,SUCCESS
Storage Bin httpsgeni.us6dRBvJi.mp4,1yfLSbNxP09QyBCfZSZnzIwJZ2C0CVHPB,https://geni.us/6dRBvJi,1RYYD1zexTk7j6knY_8JUt1eicvaY3Wtu,SUCCESS
Standing Fan httpsgeni.usoaC1vq.mp4,175j5VWayT7JmD9Sh2JTVBp_zD5Krv_S_,https://geni.us/oaC1vq,1zRi_Lsf9jMkhETSPoHd5FvKI8pcxbw6g,SUCCESS
Stain Cleaner httpsgeni.usjzBeI.mp4,1XwHvvYk49XAYB808BpuHBQ8EaznYfs_o,https://geni.us/jzBeI,1DXNVmXAftfVcYZVyR63fZ3s0OCHmTZ3h,SUCCESS
Shoe Stackers httpsgeni.usVG7bU.mp4,192CZ4wOLd3V5MjLLyBDGoPjjCA9dG4uL,https://geni.us/VG7bU,1HaFdqO49ZjoNUknXB2PD--sAuhR6AULd,SUCCESS
Rotary Grater httpsgeni.ustQdrD4.mp4,12COZeE4dRfZxXgm0y8i2zsORfa7lfbCR,https://geni.us/tQdrD4,1hydPDJpRHrUgeBDf5r3o_60OuMHzP8mE,SUCCESS
Robot Mower httpsgeni.uslpf8L29.mp4,1GTtW5zVSwXn8odFxMVfEO92PSikSHnKh,https://geni.us/lpf8L29,1KZRan1rMt3ex-6CAYV-Dqqb_paYt_UZO,SUCCESS
Pet Dryer httpsgeni.usyCpa.mp4,1PLMs0ldTj5T3unfIYrOiq1_ygFcHBKKW,https://geni.us/yCpa,1aZSMm8M9SrIni-PEWuj79fmd4hj568ge,SUCCESS
Nail Printer httpsgeni.usOW8wTYi.mp4,1p5fQglL6wfoNupe3Vocsditsud8SJLVB,https://geni.us/OW8wTYi,1_I96Uo6nh-KL3D3cf7gexxUNzbmHbnG-,SUCCESS
Levitating Planter httpsgeni.usuy3psz.mp4,1TnCGsl33j_G9l_JV1H4t5qZjZJy1KQ70,https://geni.us/uy3psz,1hVRkJZaKPzVYQUunSvggEalqKA5Krax_,SUCCESS
Laptop Stand httpsgeni.us0krB5q3.mp4,1FiGqHjpzDRiUxB1c24FgFDqBVCXuH9vW,https://geni.us/0krB5q3,1jsw66ZhbadkyRHGllf--KKlB0KGHc5F2,SUCCESS
Jar Opener httpsgeni.ustjqIFZ2.mp4,1KImTx3h2CJKpQ9et-5CCwzSzBus1Jp1A,https://geni.us/tjqIFZ2,1ffolbG3UpL3BbigU7-L801jmfCv-M1tQ,SUCCESS
Item Dispenser httpsgeni.uslCsA.mp4,1bxOwSQ1fy0N7PZg1gu1GJQaDIg_gpsHQ,https://geni.us/lCsA,1aBxrYbIp8upf9ZzoIz2oYVf4ft_2xvtw,SUCCESS
Ice Maker httpsgeni.usj943ZlM.mp4,16fRQoqZGtxlpNpYBq69GzRfrjChMFgkz,https://geni.us/j943ZlM,1TmlXnUdhK-iAqEDCaeA0mAIYSxIZL-vj,SUCCESS
Galaxy Projector httpsgeni.usSV02c1V.mp4,1dsdhKNvpob_DE_kZQGdAqnO_EnvP3sgV,https://geni.us/SV02c1V,1QcB8USxYMLWDRlKnebpG_nWegFxSRk2Q,SUCCESS
Foldable Charger httpsgeni.us0H4BoC.mp4,1QPWaVUSYEDQriXRIqm6ZRuZ88kFxs2oc,https://geni.us/0H4BoC,14YRLEiWZaD9aR3g57T2Q3sHam73YDyL6,SUCCESS
Flip Clock httpsgeni.usUl61ZnD.mp4,1daVcxljnAMSkjGrP1qtXCbBuMjehOKVi,https://geni.us/Ul61ZnD,1tv75rnpF_IstDtVJ8lB7scUlfftAK8TS,SUCCESS
Faucet Extender httpsgeni.uslCsA.mp4,1GzQbK_U_RKsJJRW3xuosT8pLZFYhfcYm,https://geni.us/lCsA,1kZ-U_2AMxOmp1CytWJN-DM4-heSObEWq,SUCCESS
Dumpling Mold httpsgeni.usNTIB4b.mp4,1cOGuStQ4ObqQ_vMCEEkzfYe708vDfXxK,https://geni.us/NTIB4b,1zR1VBtyz1AiudsRkcVhHcpq0A9IRD-Ag,SUCCESS
Drying Rack httpsgeni.us7Kg8Rj.mp4,1OQTtPETCN9zJH_PNJrMlG5l6KfVq6LAu,https://geni.us/7Kg8Rj,1HQ0FmMYoIhXMdRI9YIfkXq20UgoGA_9-,SUCCESS
Bath Scrubber httpsgeni.usOhC54Fc.mp4,1f7b7X7bZ87L0DlWI7vRW7C2Cv74zyGsn,https://geni.us/OhC54Fc,1tWl0flGXtOWZOcjSn2lLup2vDuY1Brpv,SUCCESS
Laptop Extender httpsgeni.usAWUFUM.mp4,1lcKGIPBbjMeykqD-vGzlIQXqdHMtLXPu,https://geni.us/AWUFUM,1-rWsLrTJ-PyJeQ0006RrzrwWfJDkuO-a,SUCCESS
Drying Rack httpsgeni.usATxTzxx.mp4,16kM6pr0AzbQ1fwoR1cX8BE8u8JlC-SEc,https://geni.us/ATxTzxx,1FdhuhFfl-hcf-NpIApk-n-0i94XBn0YD,SUCCESS
Smart Garden httpsgeni.usb9uA.mp4,1LZnM1Dulmw-XPAMZRKjq816dacHwLh0f,https://geni.us/b9uA,1N5aU6VEfGsfPmaCF7-kLdfksCmjSJdQO,SUCCESS
Fruit Peeler httpsgeni.usFtCrD.mp4,1ImhZ1i3Hh2hfCNDBtoH5RCiM_FJ_FZur,https://geni.us/FtCrD,1mLHdzquVpZCiJX7vNlXZQRkPG0Af5I0Q,SUCCESS
Pasta Maker httpsgeni.us7vzwdgh.mp4,14Z8_H8RnGuGWSEBcGY6p8OIvvdyAWXZb,https://geni.us/7vzwdgh,1Mm7sCl3M6SYwmykyUucjVYtURdMWJI9y,SUCCESS
Laser Level httpsgeni.usMnAL3.mp4,1JnsqwqBDGArST9FHpSuad06Awu2WZQWu,https://geni.us/MnAL3,1sRkEpsSAzFctktaZE1z-LFtztuibXmLU,SUCCESS
Fruit Spinner httpsgeni.usE6hcvD.mp4,1Mznby_EytXFL4HdwtQL19vko6ykn_oV2,https://geni.us/E6hcvD,1QCJP4UC2jdN-lenZMYdjfYsxcd6cL-5t,SUCCESS
Portable Dryer httpsgeni.usckmzoB.mp4,11jVndU4mBb2B0_ls5NR0z3pcgocf-UAg,https://geni.us/ckmzoB,15Li0toEcmPrB30_CawXWiLFGdMoVEQyl,SUCCESS
Trash Compactor httpsgeni.ussyizgH3.mp4,12MAK6CRHMwqZc6Wt8Fogm3HYyQV4SIbk,https://geni.us/syizgH3,1FiD8LG1dG8vIFU_QHh6a3d9gc-YdY_bs,SUCCESS
Smart Faucet httpsgeni.usPHSBgL.mp4,1ThjV-XKbtHmj1Lw2xZuZE1uj1D1GRAcI,https://geni.us/PHSBgL,1BCE0o1fNn40As4kmLzHger_LHFzOuX7-,SUCCESS
Mini Dishwasher httpsgeni.uso3Jv.mp4,1FtZ1uXo1vAksI5f8DiGBga4ToFDhidyu,https://geni.us/o3Jv,1iQWJj33LB53KL043c09y6BtAQQmBwRZm,SUCCESS
Glow Table httpsgeni.us8JDoB.mp4,1_s743U8BFe4-aGEJZw57NrpQ6krequUe,https://geni.us/8JDoB,1ClEFcyHGOQpqO1X5X6cH-KuPCDELl-s_,SUCCESS
Fridge Table httpsgeni.usGMJcC.mp4,1h6MjwGly51gQePqSxxP0jn-XEaLu5x9e,https://geni.us/GMJcC,1Fa6-GCKsqzEb-Y1jLbENcYeatMMtqjkZ,SUCCESS
Furniture Lifter httpsgeni.usYY6Z7Mq.mp4,1atbRg7C2w-0CzQ6u16EtZlSRKqGXzcBH,https://geni.us/YY6Z7Mq,1c06NiFr0eN0cU72ZDtgKVusGhK1EFH7-,SUCCESS
Travel Washer httpsgeni.us65Oh7.mp4,1px_opPLAIVFSgKpkT86tMEGaCdCZVeOf,https://geni.us/65Oh7,1TkWxiM1GK4u5_3SVjp7Vhp1S8wlgy9vA,SUCCESS
Toothbrush Sterilizer httpsgeni.usbdkwUfC.mp4,16cXvEkk3fjAl08_mPInSd3jmQYtoIDnS,https://geni.us/bdkwUfC,1aCUoqB4KgxUrhmN8kV2tyyEpbBC5L6dI,SUCCESS
Shoe Organizer httpsgeni.usPxgi.mp4,1BKLaQ4WJ9x4uwJywwPIs7hMcDrW9D0_9,https://geni.us/Pxgi,1Yf0iBv1BHYe81NOEZC67HTvNI2jUYXFC,SUCCESS
Back Scrubber httpsgeni.usDOoO.mp4,1j4hGwyF9__VcXY1jemq_dNxTvhm6iymW,https://geni.us/DOoO,1aVRacgAOHMyoOSpehLIRVFBh-zSErFEO,SUCCESS
Sneaker Display httpsgeni.usOzh7u.mp4,1WV6k5HQwXqy2vWr8do6MbW1qA2Rce8Mr,https://geni.us/Ozh7u,1HQjzXndixfkDkWLlchYaGSRv-mt25CHN,SUCCESS
Folding Ironboard httpsgeni.usPzHxHjt.mp4,1UiN-H82UkM2doy9ift-50dXPNCmOEXQk,https://geni.us/PzHxHjt,1Dr_8-cM1llwAPNYddPbMOZI8cAZ7Bx8X,SUCCESS
Shoe Wrapper httpsgeni.usVBngvq.mp4,1caYolWmtuOsP0z9_bVBleGcRa0sfFDkz,https://geni.us/VBngvq,1Qd3KfQUfloBeEnNCmycNSxqE0Yeh8fon,SUCCESS
Window Robot httpsgeni.usIuBU.mp4,18HEV7q5iGbOfgSs8rjgdUh-llxwAWaxc,https://geni.us/IuBU,1ilaKRq1ukBDpzLA-BpNtmMxvK9yciAyM,SUCCESS
Auto Cooker httpsgeni.usfy1fhX.mp4,10vGTpmLCcp5_bKCTIqbnC5UiWW7tQzd1,https://geni.us/fy1fhX,1Pq-3WWLIRdPaivH2tefb6H7wYzXKgHYJ,SUCCESS
Steam Press httpsgeni.usZ8iwAPw.mp4,1bOZuEydXFAWXBMBS9r1g4si7liO6bxvl,https://geni.us/Z8iwAPw,1mUJRGQ2sBASbWcfi3n47OiYm9ww2Suz3,SUCCESS
Touchless Vacuum httpsgeni.usV41aR.mp4,14zSYYVcOovcWyYgmbrrDj4sEt5D1M5MG,https://geni.us/V41aR,1_Wj46GsR8kQBpHbUXjniIZ7RE8zajuEY,SUCCESS
Rolling Monitor httpsgeni.usAnUI.mp4,1cdKnaZg5nTCGovD7ZSH41D81uNMILpOT,https://geni.us/AnUI,1QuUqppaPw5VTCOk4wr5H2AsZG2yyc1Ll,SUCCESS
Curtain Opener httpsgeni.usgzAmIeW.mp4,1qol6cREJAnhhaJNVxxXau44s4oTWLAtE,https://geni.us/gzAmIeW,1PfrP7wan5ly-jtDc7W5EzDXIZNJZ11Ja,SUCCESS
Ice Bottle httpsgeni.usDHNe.mp4,1DiXLKff39SIxI_yFDgz1AxCvQG27hntt,https://geni.us/DHNe,1pE0cTDFmmLunkM_yH02qDk3TLxLR0A5p,SUCCESS
Steam Folder httpsgeni.usSAkXlh.mp4,1zftRyWh2BDdgYX6Yg0pdImsI3iPLOgZd,https://geni.us/SAkXlh,1d5oLD9i-TIgt-MEaX0IkMgxWUoiO_Km1,SUCCESS
Sink Stopper httpsgeni.us1KILM.mp4,1GSH9865cBUuX3OBmyIMx2e47I45EtqLj,https://geni.us/1KILM,1h3iOP7JQWKH2gtnhrKZjYVxKLQfWQjUg,SUCCESS
Boxing Trainer httpsgeni.us46GdK.mp4,1tO4UjfL1-kSN5tiELoUt1AOpSAbPEK5A,https://geni.us/46GdK,1vkg8i20mXxT6ic8EbccRQN4qy21ek9b_,SUCCESS
Shoe Organizer httpsgeni.usZTjKB.mp4,1fGdZo0F8DJuUMjA9w6VClGMHI_PgAGTy,https://geni.us/ZTjKB,17Q27KjJ6UV8x8Pgd1TBEXBeBrdBIHcKz,SUCCESS
Mini Chopper httpsgeni.usOjGAh.mp4,1cWbha0gFLQrMYoUW5e0PEpl4OyZihKHx,https://geni.us/OjGAh,1ArhAID6LAUuZtr2WjSrBC7nbOq2djwF8,SUCCESS
Glass Squeegee httpsgeni.ussgAjzl.mp4,1r7JQVEN7F1IFqhQ3MQoeSvTUGNNykjkn,https://geni.us/sgAjzl,1fC1Ma8FbM16QIJWlfavR9aJE8yFPTeCL,SUCCESS
Grain Dispenser httpsgeni.usasm7zV4.mp4,1BbQN-52jvSmMgSv_2LNepClorEivNPtG,https://geni.us/asm7zV4,1vuDgv1qwP1N2C1t0D_lxYLy5jNP6cO6n,SUCCESS
Dust MiteZapper httpsgeni.usfGW6.mp4,1nGm5oasVQe0zdAMIVtjJ0nTHAULKmtju,https://geni.us/fGW6,1-nFZarTtwWuFU7Ox83EoMO0Qx54RfoOu,SUCCESS
Sand Art httpsgeni.uslwaiCXx.mp4,1sMRQBVy2Omri-1K3mgAySUUW3HEVjRZa,https://geni.us/lwaiCXx,1NiS2-COiF7eNCz6nAZLxUvRMOXs2dgVZ,SUCCESS
Foot Massager httpsgeni.usDY6mPue.mp4,1o5ImvyfiRSQzHd-kOIhPoxN1LDAGFjra,https://geni.us/DY6mPue,1LVrdfD0iiCl984zE8_Kg6jxgpN1-JFNU,SUCCESS
Kitchen Wicker Storage Baskets httpsgeni.us7Nn4.mp4,1Bk_6HtXw_SjREOIEUVsMO9_rJD8DMLDw,https://geni.us/7Nn4,1FlFvdU7pu88BauBr1DUsSQB4ZihwbocI,SUCCESS
Filograno kitchens httpsgeni.us1IJ14Yr.mp4,1XQGu5udvWk0twnCw0uxDfBG0qcimiAnU,https://geni.us/1IJ14Yr,1KuXStih8Yci-0cLH2hzMcifHcIruIQdn,SUCCESS
Compact Kitchen httpsgeni.usoOYVL.mp4,16f4cB0kqaBnSXjsCMB1Xve46JlafdoIy,https://geni.us/oOYVL,1pTwKwNrLgbl-1HASR6tJS7kTI-CSNio7,SUCCESS
Modern Kitchen By HelleKitchen httpsgeni.usfJo2c.mp4,17gP0rD-crblH2D8eMJ54KcG69Tdz2w_k,https://geni.us/fJo2c,1IkQQpTOYImVJRZ3nG80MYQCeEGYJ1FEX,SUCCESS
eggersmann Kitchens httpsgeni.usSAWQri.mp4,1VgnIBnSI9u6dpjXrY-OlxJs_G-OwOl9q,https://geni.us/SAWQri,1N7MXuuybTxYY6hcWNhwNdKmYteAs5XAb,SUCCESS
MiniKitchens By mobilspazio httpsgeni.usBv98J.mp4,14kjCsW3j81lW2haScCMQtwOiyHpE3yg_,https://geni.us/Bv98J,1BkIAuUXfqBDXIIxCToPO7-2f1KqhF5SS,SUCCESS
Ninka Qanto httpsgeni.uspNUuIg.mp4,1H9FSpJ9gWESTZT6H8KCt1skxqSzntFmr,https://geni.us/pNUuIg,1aG3ZcClTiqhx3dcluSvciaGA0dSX9mP1,SUCCESS
Full-Height Pull-Out Larder httpsgeni.usaARKW.mp4,1K042zWrfCpQp2zcBk25J332S7029udb_,https://geni.us/aARKW,1CH5oaZbo5wUW6aZLeBdqUN_zAMzsUShq,SUCCESS
SuperiorCabinets Solutions httpsgeni.usMB1TR.mp4,1Z62ZbEuFLetelxC46BeUGvV2VugOVsj8,https://geni.us/MB1TR,1oL8Ef3Gq1cwqVAWSFpZ0ElflGvUyd5t2,SUCCESS
Lefton Waterfall Workstation Kitchen Sink httpsgeni.usfoJjWT.mp4,1wpr9S2vi-2TNtg81CT6rrP5SbpUynhbE,https://geni.us/foJjWT,1c5fN4IT6igNKzmiKWV4-XRYbhDhQFQAg,SUCCESS
New Logica httpsgeni.usVDa4l.mp4,1RgTIN8X6uhnISLyh1VFSwEJZUsKIRKVg,https://geni.us/VDa4l,18DmDo1JCF71k2FTDBqZavK8HJ508TV_0,SUCCESS
Original Circle Kitchen httpsgeni.usFb9E.mp4,1WAi4FMFVnUHGneNaPBepGeXQN8Su-cFu,https://geni.us/Fb9E,1XsfpfQ-okJzBCoK0Qt5A6JxIy96zuC_6,SUCCESS
Clever Pot Storage httpsgeni.usEFZkD.mp4,1taqVJyNt5Vpme_Xbg_kUgtahql8cRoOp,https://geni.us/EFZkD,1c2UCseFbsI6ri1ZREKIOfa7Un9hoIyaQ,SUCCESS
Pull-down Shelves httpsgeni.us6QoOAOj.mp4,1NCOnzj1AKNG95HphCYFiP9lAKlCMBO7O,https://geni.us/6QoOAOj,1C7GQr6pVqKPw4F_nlyxEgUHknOC7Lg7Y,SUCCESS
Over-Sink Drying Rack httpsgeni.usYvGjo1r.mp4,1yLAzaZB4viP32FnPBFPOjmFGASz7tYBP,https://geni.us/YvGjo1r,1Rb9tU1GGoq3bEXYJEdulZ9tZuFiZpnsD,SUCCESS
360 Kitchen Faucet httpsgeni.usjx10B6B.mp4,1rNvL7Phmrq5nGXhP3_tbnDErBlraKC5A,https://geni.us/jx10B6B,1UJUwH0HYv1KQ5QgaaicAcsMz6r_8gkTN,SUCCESS
Wall Unit httpsgeni.us2zSBbOQ.mp4,1tYEcUiJvUkZIxbBOzlgfhLwUt7F2j85x,https://geni.us/2zSBbOQ,1AVh7J60Y-Le2DGZVwI8ZoGM56mye2r6e,SUCCESS
Swivel Toilet httpsgeni.us1b8af5.mp4,1ydLLkDztqAgcyptoTVgLpgDooCeEqGnI,https://geni.us/1b8af5,1ol-T7STDrS8JrpZpVMrfuLar2Dmjk3B3,SUCCESS
Shrink Sofa httpsgeni.usyBN0Tb.mp4,1S8aE8HII3vHvi-lzB0iFGkwNpZTN8uIE,https://geni.us/yBN0Tb,1KVk9EOEJw6aixdcszEu9uYisLNwv5EGS,SUCCESS
Rotating Shoes.mp4,19NwtuR7IEtigMtdmSzxQqhD2PxFRfaxs,NOT_FOUND,,SKIPPED
Roof Balcony httpsgeni.us2rIF7.mp4,1O1Y9lh6JceQb4FRQbfxmP3uB-uL-1zaI,https://geni.us/2rIF7,16cS4cOmTEgTgSAn1Ro8GfPRO1DeTGYIL,SUCCESS
Rolling Shelf httpsgeni.usx9drDai.mp4,1gx-4IhGQjDTALW-V-q-s3W-ZBdNmDhOl,https://geni.us/x9drDai,16cT1ygHLf02A_QbLz7R0Rp9FZ_05-qJc,SUCCESS
Pull Out Drawer-.mp4,1W22TlVs1nBlwwvzSRVHP2WRFjNLCbEx8,NOT_FOUND,,SKIPPED
Pivoting Rack httpsgeni.usTBZLde.mp4,1glS5UAK1lgEJINE6Ex01HXJyQf_EMaOZ,https://geni.us/TBZLde,1OqawuDiISiMBSKP0iVD_PRoOkZ-0njGS,SUCCESS
Nesting Ottoman httpsgeni.usmV1J2gn.mp4,1vD3PNsDUpIJZo24dR1cruv9FlrSYwHYY,https://geni.us/mV1J2gn,1kQXQDRshyWSKp_JapTLAMDzNq5gjrwXG,SUCCESS
Murphy Sofa httpsgeni.uszcwnH.mp4,1nz75jkOJM3BIIQxJXKWEwb29rTdjBXbD,https://geni.us/zcwnH,1LckQ6HafDkxDRZ_VsRFhvxzMmccyKbdB,SUCCESS
Murphy Bar httpsgeni.usSivK5pf.mp4,1chWOZMvYk7ZS7pGUK_xgZV31bHoFFTQD,https://geni.us/SivK5pf,1LOnAb0Ob_OKY5KK_b_SeNB00s5WJHf5o,SUCCESS
Lift-Table httpsgeni.usEtje.mp4,1yENHGEdk1efqVEklS9Ib9GTUZ_pk7_iL,https://geni.us/Etje,1jYRAtM3Q0JA4CIVRBdc8Nue9mXajfY6q,SUCCESS
Lazy Susan httpsgeni.usk4LRP.mp4,1R1H0tyZ-YQ1qm-447kuaOdXSN4KGWwb2,https://geni.us/k4LRP,1EmkoFKr8HIlRPnUDTP3frmlZknQfzf7x,SUCCESS
Layered Table httpsgeni.us2GwEsmn.mp4,1fNFeurZR85JlUpzVUtejve4XQDaeSiAm,https://geni.us/2GwEsmn,11jKpK0KHCwVI2bL3trRUPI5SSCp5iPup,SUCCESS
Foldable Table httpsgeni.usu5WJyG.mp4,16kIOKMdnBb7TR8pInzX94YPNv0J6LzIj,https://geni.us/u5WJyG,1zzrTG4av5p_tkE5o4fzbBJZ-3sr1UzeN,SUCCESS
Foldable Rack httpsgeni.usK8BV3j.mp4,1QVE0wLBve1i_IGftevprPkCF2J8r_G91,https://geni.us/K8BV3j,1_JsG2zkhd-aLZz09hjmzr2qFs7vQOjFg,SUCCESS
Foldable Desk-.mp4,1ZxfFLV9LqRC6P1vy58BxSKx0U7w4pNiP,NOT_FOUND,,SKIPPED
Fold-Out Bed httpsgeni.usGhSHntI.mp4,1KH_scqFEWaWyI7bkfe6nNGT9PYRBBp21,https://geni.us/GhSHntI,1WSbjoGegKzTjFQJErHY_gNA_TlCEif16,SUCCESS
Fold-Down Table httpsgeni.usG9BMM.mp4,1ejspwjpVvfxg2qPb9jzIvi-9Ozt6RFeO,https://geni.us/G9BMM,1NfASUvSWxv0pEJIqowreAoS9UQc60nEh,SUCCESS
Drawer Ironing httpsgeni.usrbYZe.mp4,16L2_vOWYNen47UWItTM0PnSHJKyyvICR,https://geni.us/rbYZe,1dAdPmWzKJf6aYY-7EA-p1sfdBsilwbp7,SUCCESS
Corner Cabinet httpsgeni.usTxnrLvv.mp4,1Wuj_StZdIu0TyBspWaFx_KKzTgjalXXM,https://geni.us/TxnrLvv,1V4mTd3ZMtLn4ldftLyIAO4xKGObzEOH-,SUCCESS
Cloud Sofa-.mp4,1azxPZLUTvHouRypxlvPLNdrvt-orLVIB,NOT_FOUND,,SKIPPED
Adjustable Table httpsgeni.usXd4wEUT.mp4,1-Y0ZWx0yrPPiVXCP6XZMutMDkQbQZkaq,https://geni.us/Xd4wEUT,1MUcD0gxuseh3JAHXUJExNlHoqOiTG4wS,SUCCESS
Accordion Room httpsgeni.us0s7UNY.mp4,1DeVnYolrsbkGd9VODOz1XYUieGYWDiCP,https://geni.us/0s7UNY,1L1PodTxTarCTtVmBsWDPJmYGoMzeJwY1,SUCCESS
EagerLED - httpswwweagerledcom.mp4,1zzAUBMB1Sg8_m31ZL7BDmLGj_lgL4_ra,NOT_FOUND,,SKIPPED
GrapeSlicer - httpsgeni.us3tcI5I.mp4,1lBINd0ja3Xu6CaQ3fg1-bglKpi59g6IJ,https://geni.us/3tcI5I,1oMMZn5sI_EHvMNryYYIOFWRyW_ROc6xf,SUCCESS
GPSTracker - httpsgeni.usxzBFpzW.mp4,1jOrC7lL-t0XPxH1b-1DvT8Ea4Nzo4cVj,https://geni.us/xzBFpzW,1E89uV1X3ltCmfQzmAghg9s5PItBcgEb-,SUCCESS
GarlicPeeler - httpsgeni.usgRYv8.mp4,1ALQ2hdt7UFgDDmSD-gOdh3GUo-fZ0BnQ,https://geni.us/gRYv8,1Ch_I1ErAADJZD0lGJJBJAyPvnWpdnHYT,SUCCESS
HandheldDoughMixer - httpsgeni.usOVBZX.mp4,1nRIg08f0ys_mXvDSAdyjBrUxoccCAmdv,https://geni.us/OVBZX,1FOW-_zA6rcuEEsJnthu5OXi8F8jpyOee,SUCCESS
HandheldPrinter - httpsgeni.uszRvqkKT.mp4,1daMnW1TxYRGvHuYG1YQbRqzZoNQpE0UT,https://geni.us/zRvqkKT,1NZWgDB1_QMZz46raUId7unaAN_nRllMF,SUCCESS
GapFiller - httpsgeni.usZpORnN.mp4,1blLNf2bfYEAVWy5IRxqizuToh-8gOhc4,https://geni.us/ZpORnN,1uoBzlxXdVG-VD_SK43Uh_kewrggKOj8z,SUCCESS
GrainStorageContainer - httpsgeni.usP9bXoGg.mp4,1ZqLLuV5Eiqw5y5xoVJJiN3ZnZL2zHhuk,https://geni.us/P9bXoGg,1UKuL3SV7jGTGvuVvY2sGKEEbO5NWhL8B,SUCCESS
FurnitureLifter - httpsgeni.usnDAc.mp4,18XZySNgR2Jz35I6WBwQ_MhI_g2qsQGmD,https://geni.us/nDAc,1yz2jfNHThnHAyK0iO1yERG9IdxMRmDdL,SUCCESS
WinePreserver - httpsgeni.usc92C.mp4,1VSlDoPZtHhwo_JhjQzipX-40K1InikuB,https://geni.us/c92C,1_nsatv9gE1nBvPs7Yno5Prp6_LJML3FY,SUCCESS
Webshooter - httpsgeni.usdvWYM.mp4,1fVCpwglPIaPkTFq6ROP6NMpf_NtDJzam,https://geni.us/dvWYM,1DDDaz2D_ZvcHG6dwmVP7Ed7R1min9oS2,SUCCESS
FruitSpinner - httpsgeni.usNobm241.mp4,1Ym3oI2sbEApWmCk8vuhgOBhnk7lKeexe,https://geni.us/Nobm241,17eAbvu9RVF9JMTztyAXSbRu3uRv-QIoa,SUCCESS
WardrobeSeparator - httpsgeni.usE9mjwG.mp4,1lQSWslUq02pI3GkXftLJP7dDiSuw7okg,https://geni.us/E9mjwG,1fxFABcEvLCqkhh6QAjCnneJdnLCaKYcW,SUCCESS
WirelessStation - httpsgeni.usOlHKJT.mp4,1kWvy-IQEXi2Llnqo4Bx-eNQsvwZv-iv6,https://geni.us/OlHKJT,1DSrBP6bCc3uFXQFtxizqeOKi0ZCL-WlD,SUCCESS
WorkstationKitchenSinkKit - httpsgeni.usaAnTW.mp4,13vJ7iMFpxBnEaOOR0IJFx55J8yLBbjGO,https://geni.us/aAnTW,10YQM7gzSc0JicTNvloTGrPxoW_830LRU,SUCCESS
FruitSwirler - httpsgeni.usT428o.mp4,1FRaD8KsA5Vt_VbGsYjcR3wI16Xi0DvsV,https://geni.us/T428o,1ZARCfpVt7utmZ_yyyEC1ZghXMkwxapUQ,SUCCESS
WaterfallKitchenFaucet - httpsgeni.us236Wp.mp4,1xDEkFL6gMiKd9EJ2AwbiJfv1_kt0Gv-D,https://geni.us/236Wp,1CpPmKt-vbiVTXeRCLROnacs6U6qvy5wt,SUCCESS
Bread Maker httpsgeni.usLJiA2ZQ.mp4,1wvwiruxMYpZc_TAvDqQ7ZPHqWjSxtx4R,https://geni.us/LJiA2ZQ,1YlyqKC7y6Uc0naPkgHQH5Z3v5gzTKW6L,SUCCESS
BreadMaker - httpsgeni.usLJiA2ZQ.mp4,1YNg1qtP0El91OSUfXBaJxUQo-LdM2er5,https://geni.us/LJiA2ZQ,1xa0tlt3E40RCoSUUB3V94PU14X2CZceg,SUCCESS
Auto Stirrer httpsgeni.usRFRhx.mp4,1I3g9MHVq3m1x6NEg0KDzupT1G5vQRXVt,https://geni.us/RFRhx,1A9m9eiSKzG5oXuKgt5nqqRoJ8oR1yLHF,SUCCESS
Air Liners httpsgeni.usV2SZZrt.mp4,1-ynwteYk48Nd0LaLi8hQp0DOUD88_WZF,https://geni.us/V2SZZrt,1XrW817fNCRehYKiNi920VNcBvObDG7sJ,SUCCESS
BurnerStabilizer - httpsgeni.usdqOUYv.mp4,1DmqxecXTk7QUcw9gmKdedwqHGazw7875,https://geni.us/dqOUYv,1Uk8rPz29sNnh77k7DRkthQ035R6ohwI8,SUCCESS
CitrusSprayer - httpsgeni.usX7QCE2.mp4,1PWsWyi14E5T8xHyaPyconZaFLA7QV3rj,https://geni.us/X7QCE2,1LC1CTjotHD8lrhebHTA4vjSQfR11_eiS,SUCCESS
Espresso Station httpsgeni.usTuLS.mp4,14idBsFzE-9a8mGfA2VLTnBzbdpTcHqcQ,https://geni.us/TuLS,1xAQeSbbzbat4dh2aneqbqVghITShD2tX,SUCCESS
FizzMaker - httpsgeni.us5mZeQA.mp4,1jMzLfKzCvh2vMI0OMSG4516V4pjqF5fy,https://geni.us/5mZeQA,1hMmYYsXYrtCkZCf-2LMJfNuGOSy-S9Zo,SUCCESS
FoodProcessor - httpsgeni.usJqbro.mp4,1I6iYnNMf9iLTcX2FaxCtEQ-Pdw-BZpY6,https://geni.us/Jqbro,1WpAHvq_b-dVUptKCa6fwMV2beEv-cv-Q,SUCCESS
Fruit Swirler httpsgeni.usT428o.mp4,1O70P4qLc_wDDkS1cx5CqLUUDmpDg1oA8,https://geni.us/T428o,1mL-_PnYhcwM3P5wcLvdi37FmXSHWEgqc,SUCCESS
Grape Slicer httpsgeni.us3tcI5I.mp4,1D_rpshG8SH_wKQI7eWF7f2J7JAbgCLGM,https://geni.us/3tcI5I,18Q0Rhx5_McW9FhlJlSgcDHbGd9dCPOcl,SUCCESS
Honey Dispenser httpsgeni.usHzHsT.mp4,1dWYvJE7D81j9ZlduRXdBZyNBiwsvVkOq,https://geni.us/HzHsT,1kNqXfQyIX3wEYkOGsq2aSgA2GskaZVyn,SUCCESS
IcePress - httpsgeni.usoz4Gov.mp4,1E8DUvtq7xa0n3EzJbGN0aLG1p3yFJy5q,https://geni.us/oz4Gov,1_XEIGglR11yXYszuvUn1bhZaApyYORpJ,SUCCESS
MiniBlender - httpsgeni.usoYeWu.mp4,1Gbyi-P7bt9JfVM_DHtTw953VBT0XM3ER,https://geni.us/oYeWu,1Q2U1ghCpVIbyBwfmshmXzt1DuXi1tVI-,SUCCESS
Mini Chopper httpsgeni.ushaIvJ9D.mp4,1VCtlcsQ5DV9jBegnwx-tcZy1l3g1ra53,https://geni.us/haIvJ9D,1ksRrNX1iJ8aKT-Bk5j8KQaeYoE-5eHcR,SUCCESS
MiniChopper - httpsgeni.ushaIvJ9D.mp4,1AoVr-KY79E5Ycabww11U2U-laZ-9Nx3G,https://geni.us/haIvJ9D,1-jSXHx2I7Zbfz0DSxlmMUNDVNdeT8kIe,SUCCESS
Treat Maker httpsgeni.usl6sNBpG.mp4,1WFBU8Yrjo1o4Jv_lBJcxoI6oKThpLMns,https://geni.us/l6sNBpG,1Y7X0gB3yiaqoWrWplCEu7HjlSkJUZnqe,SUCCESS
SushiRoller - httpsgeni.usUub0hX.mp4,14fY84UXvnTZ1uZ1imzCe7PbSgnKR56HU,https://geni.us/Uub0hX,1sKIIqYLI-H-jZ-ZWPikR0d2yqmsYS43D,SUCCESS
SlidingTray - httpsgeni.usFWF0Zs.mp4,1LFk2OODSVNPntTQnzrhaiarOfhOQE4TR,https://geni.us/FWF0Zs,1Z8KD1QuRf8NHAv5EHpJ1dty1WId-JAri,SUCCESS
RotatingOven - httpsgeni.usSXHx.mp4,1Rnee38_VVhXnjeONgmUPg3o8CHtEmVV4,https://geni.us/SXHx,1cHv-wYO5F_jylDkL9vTu7kgYZ3VDXjAh,SUCCESS
PizzaPeel - httpsgeni.usAY9qkAe.mp4,1VuIBKqsdf5WcLZDEKS4ijnHbvP9OWRXd,https://geni.us/AY9qkAe,1iy_dcjuEU7EkFTghqXEb7HjHFVuR89QI,SUCCESS
Pasta Extruder httpsgeni.ussI9Lu.mp4,1BzxAQQ6lsAaEjZqYBdK-qZYjxVzbCUIZ,https://geni.us/sI9Lu,1bcjb_69yqWm7TpcToxY_ScGvU51uB9PJ,SUCCESS
Oil Extractor httpsgeni.usN5SYl9j.mp4,14jXp_NVQT4kgw_KtkzW-VaEEcgLa8co5,https://geni.us/N5SYl9j,1Ay2zGAtz_lzbXPlPlMTEHN91qICd8Lao,SUCCESS
NoodleRoller - httpsgeni.us0dJd8.mp4,1xFXAwa5PfYTOafyORkG51cKzAXkwVAIL,https://geni.us/0dJd8,1wWEXu_jSrt32WeBSkaJHgNCZjOn-VOHq,SUCCESS
SiliconeElasticLids - httpsgeni.usxs0NQe.mp4,1VDGnwmsLlk3eRujYxben6XH8YEsXVS6e,https://geni.us/xs0NQe,1qExzqSlRruCzz09azZUvkX8LbeHT-bJZ,SUCCESS
BastingBrushwithOilDispenser - httpsgeni.usA2Y4iY7.mp4,1VHc98fAnhwAp90I2OQ59I3FTioJSgwON,https://geni.us/A2Y4iY7,1VR2pTrjxywGOk33S_Cp6pabItCuOGuYZ,SUCCESS
ManualHandChopper - httpsgeni.usgDAz91.mp4,1yTYeGw26SaeJcpB9_0niGBDqBskJd_tU,https://geni.us/gDAz91,1UbyFBP02QyFHRHMQXBzCMHkZwvragm1m,SUCCESS
StainlessSteelVegetablePeeler - httpsgeni.usiBbAP.mp4,1szYX85wZoEqfgENg19EX064mdxSLtQrE,https://geni.us/iBbAP,1gxTXu56yN6Ns5fQ8tvyxes0Bktgw_IcQ,SUCCESS
ThickAirFryerLiners - httpsgeni.uscQD18.mp4,1wOLUiijyB5sBqb_VR3GhVxx-OaZ2KLUp,https://geni.us/cQD18,1DCF0XOEOkL76ZwnI4C4n5m6s0f1Dg4RG,SUCCESS
UnderSinkOrganizer - httpsgeni.usCDwILUy.mp4,100nnk2xCAPdE3s11X95A3zXeMGpDKPED,https://geni.us/CDwILUy,1JbUfxjv6eJWLRWwJiTJFi5YfIqiCMcAC,SUCCESS
MeatTenderizer - httpsgeni.usrnQEH.mp4,1_pEISSXTt5lQJCiDkto2Hnj7H_qDwjzV,https://geni.us/rnQEH,1pdpUeYQClN51KBlihT1go3ejQ88OksCX,SUCCESS
HighStrengthDoubleSidedTape - httpsgeni.usS02AZ.mp4,1XCkrt_-vgE1ygwDLMvzY0E2pCTVwxDl-,https://geni.us/S02AZ,1xiQuHlYFdk8aDL0cJQP_UXNZZQ9oU1Pr,SUCCESS
FoldableOrangePeeler - httpsgeni.usYwAbhA.mp4,1Zw1OfEWc2awROlbbDQjDldPkaUyxFv-b,https://geni.us/YwAbhA,1WTOUIJ5cK41EsoCxvinm5gMgRbeim8uv,SUCCESS
ElectricFoodChopper - httpsgeni.useaOQDrv.mp4,1p4n-y2g66Rd3ZFxxiTLEJYfOO_FSOiQb,https://geni.us/eaOQDrv,1X42Vc-hrYN3ANawKcjMLZuw7Jr5ojQnU,SUCCESS
VersatileMiniMop - httpsgeni.usI82QOsj.mp4,1CnhFYlrW_-_58yiq1PIsPNTBEdI9fADe,https://geni.us/I82QOsj,1FTrnUXk1Q-CXuhDK7qr2LraWCegILL5E,SUCCESS
AutomaticRiceBox - httpsgeni.usj28ddD.mp4,1L76pLvV6Oq-4LQzFm8VH8Dm7bbZDCNqN,https://geni.us/j28ddD,1edSXStaewMyqrb31svdT-NHw81DDLP2r,SUCCESS
MeatandVegetableCutter - httpsgeni.usFDAdNFk.mp4,1ojbs7E1LwMOFyI0gWPky-M8ipSqjB-ch,https://geni.us/FDAdNFk,1KEIlwIJxD8pJWOZg-W3FbkjMVonMDBV6,SUCCESS
MeatballDumplingMaker - httpsgeni.usnASstX.mp4,1Kxy8kYWXnWSh8y947J8D0qDDxgHBJPbT,https://geni.us/nASstX,14uoBjwXbPXL1HBq-DKMzlWP6nzzTSZMh,SUCCESS
NonStickSandwichMaker - httpsgeni.us4zhLQA.mp4,1Rjmyj6LFRAoVen9-lcjlR2wGZx9skoOf,https://geni.us/4zhLQA,1G6JSnBOD7fHkzt5j7hlitOi-bqP4isu4,SUCCESS
ButterCheeseStorage - httpsgeni.uspAxgS.mp4,1Bh828ZVKjWGRhU8sD_kQY6va97hb6s6s,https://geni.us/pAxgS,1Pkfx1S64rpkD6LEVizwonroh9PhtZc08,SUCCESS
SteelCornPeeler - httpsgeni.us962Nop8.mp4,1bberxykMDsqnuaOS3jI7aLnRCwmpGUaz,https://geni.us/962Nop8,1KfOk8_LjE5PrJJGaqQCLH78WdPE5G0li,SUCCESS
MultifunctionalDumplingMaker - httpsgeni.usJobLz1.mp4,10fHnqXghuKRjZL_PQorNgnLfqdtpPK56,https://geni.us/JobLz1,1p6pJ7wS8z-_CwmFUtZXYBFBlOcGGoFIT,SUCCESS
SafetyMandolineSlicer - httpsgeni.usZ6srBd.mp4,1Ttjw0c2lPaMXE5vkHRgoZHx7kMqjngsL,https://geni.us/Z6srBd,10a2Smmal3NlKaxih53u7ngx7NAXxZRqb,SUCCESS
SinglePoleTowelRack - httpsgeni.usixAAUB.mp4,1bjDpnfb6bEuaQOSRhuQdlKpTrmPG_LcH,https://geni.us/ixAAUB,1EYuaQ34WqGc3_HwIYVLgAk8GQ26wYizv,SUCCESS
RiceWashingBasket - httpsgeni.usb5KU4.mp4,1QgJU3cVp3_W8Gs_9ghSVvbbByckMlqs1,https://geni.us/b5KU4,1oS0brmA6TfM432C2g9RPG9btlkeU8PeR,SUCCESS
AdhesionWallProtectiveFilm - httpsgeni.usaHgDI5E.mp4,1b5_VJQKbmqUfX-4HrOcPhMdZJYJxbnzP,https://geni.us/aHgDI5E,1YntYvlUzXov0lJqLhH_Y2BvWDHdiS7VB,SUCCESS
FoodSauceDishes - httpsgeni.us66hmE1e.mp4,1Sl4TwcTJwp4CQ0svdIRjp0u_eb0ZdstN,https://geni.us/66hmE1e,1EomDlm58Xa9ZSfmCCFCTlc3dnfSIJbTF,SUCCESS
IronPotRackOrganizer - httpsgeni.usffhB2BG.mp4,1VzaHmnBrGWfdL2ChL-juW1HyXLmWVAL8,https://geni.us/ffhB2BG,1YHZsvwzBhEkxDPH_G6w3apDsdjNsXJep,SUCCESS
SpiralCarrotCarvingKnife - httpsgeni.usPXOzr.mp4,1BMsxQWgo4141w00MmSBwY9ZYQOwNINgU,https://geni.us/PXOzr,1vU5uycBC5Q1WzdzuWHTDygzA5I4sySSH,SUCCESS
KitchenSinkOrganizerRack - httpsgeni.ust7cUiHi.mp4,1biem2xPuQu0PY55mFsQlVqfJCkUXN3wd,https://geni.us/t7cUiHi,1TH26lc1YiNxChBLxI_nUIXJXrhwstWMr,SUCCESS
KitchenGapSealStrip - httpsgeni.usqBmN.mp4,1iVd9vZWRgxoLruhZBg33dS3kkigWI24T,https://geni.us/qBmN,1lVIy1Osjeb6KBydCbl5AJyPIT_kezrwg,SUCCESS
AdjustableCheeseSlicer - httpsgeni.usi2yaZ.mp4,1dM1bjhz0upKNZbosvwRSkfyqigmBz1g-,https://geni.us/i2yaZ,1wjn8ipxUreqkqpCE_I1l7UReQ089-YzE,SUCCESS
ManualEggBeater - httpsgeni.usflD98.mp4,11cDOmywlDrUI1f1o7Pj7dE3f7HVGNh2T,https://geni.us/flD98,1Q47I7bYFyCqEGQc-RQkyEgXm7cPWTxW5,SUCCESS
PlasticColanderSet - httpsgeni.usYHwk.mp4,1Zzn-6HvXCmB89Fpnp_sMiHWMBHnW5Eh1,https://geni.us/YHwk,1ZXWx6i0UKUcHuTosr7JVlYj-FItt3b0f,SUCCESS
KitchenSinkOrganizerTray - httpsgeni.usPpAbW.mp4,1rszgicocL6jlhZd-qs67QJLMTd50WdKR,https://geni.us/PpAbW,1ow_NYfGHxxMle-jTAUoWZxatvOWM0i0g,SUCCESS
KitchenSinkDrainStrainer - httpsgeni.usGtbqQOm.mp4,1Aj95HQmOGohiLEzEDQSH6Oo_OBDCO5lN,https://geni.us/GtbqQOm,1ryYfnYRKsqc-Zom3sks-I4gbcscymOJb,SUCCESS
SteelAppleSlicer - httpsgeni.usykZZAA.mp4,1p6PNbauMmSrUeiWMC9g_mEtNbDbCPA3w,https://geni.us/ykZZAA,1prBPBfyeQbYBj7JWWr_0wcFVyKjpGQzN,SUCCESS
SiliconeEggCookers - httpsgeni.usEOZ9Vr.mp4,1nZDlhb3YQL4B_aQJxhJMBXUn_374i1n2,https://geni.us/EOZ9Vr,1cooveLmikySCXqYcE0K2rhi0PmFneov_,SUCCESS
EggshellOpener - httpsgeni.usfEo9gRb.mp4,1k2y051MCED67tDVTr-R1DFjGaHtnZ7-G,https://geni.us/fEo9gRb,1qOeQ9730r57V9yRcBC0I0Vl9CePlXAt0,SUCCESS
KitchenFaucetExtender - httpsgeni.us3kObOw.mp4,1dco2LOMGCEWWy68MbxtNk5Ojv0ZrQ2Uf,https://geni.us/3kObOw,1tu7FLBlOKN1GuhdUIx_4PnE8yZgeI28W,SUCCESS
VegetableCorerTool - httpsgeni.usHrVCM.mp4,1Cid06vrn6aGy-MQEW6z_bgPxCLzP8aD5,https://geni.us/HrVCM,1Cz3v7VoZbfIsHnpoHTrRylaV-RKQcisa,SUCCESS
SpiralVegetableSlicer - httpsgeni.usd5iD39X.mp4,1BQCf2anCUt6_oYNky4FVlcI_POQneeJh,https://geni.us/d5iD39X,1s04gVhSMoAft3LI1B_18IO65fTxcmChV,SUCCESS
PlasticDrainCatcher - httpsgeni.usuDJwvMX.mp4,1sJA27JlKZ78jICYNFIZWpenNGRYCC7SH,https://geni.us/uDJwvMX,1m8bbPYlYyl4m_zUjup6bwIVmTgl6dByH,SUCCESS
KitchenBathroomOrganizer - httpsgeni.usOfiNKc2.mp4,1A253B2bII2cnyDDRTkrhhlbgjaoFnhvH,https://geni.us/OfiNKc2,1rwkv4_rBZrKzqJVYSco-a8YfHazpBpqe,SUCCESS
KitchenFloorMat - httpsgeni.ushghzaO.mp4,1ANkZT80iYuBCAzVC9Bh9C0vMRNNXaeD2,https://geni.us/hghzaO,1FEe6Mdj-tnnuwH4Z9PsrbGsumKwDOGaG,SUCCESS
DishDryingRack - httpsgeni.us8B2bh.mp4,1a6JVBsM4L402hCS_CoT4bWesYoigvyRt,https://geni.us/8B2bh,190PyGi0nYTPuNWUwj3vmBbaqYRjne1cB,SUCCESS
RicemeatDumplingsMaker - httpsgeni.usq8ga3v.mp4,1C2PeLOGGrW5gwqHyf5BMGaGxGgib7Sx5,https://geni.us/q8ga3v,19oaAyA9QgFxOdRe-aIHSUBfPLNCUblRE,SUCCESS
MultifunctionalVegetableSlicer - httpsgeni.us3N5fw9.mp4,14WfglV6IFt1jxB1pihsx5ZEqISA-rw7W,https://geni.us/3N5fw9,10AksuO7GsHxHLmQPF8sctKRpMlPT_lU8,SUCCESS
AutomaticSoapDispenser - httpsgeni.usEwGRG.mp4,1nzwcotw77vvP-DC7GqwaDhV0UvM-6Wwy,https://geni.us/EwGRG,11wVBmBtTb1kLEojJKiHkecXlDvlshHLC,SUCCESS
MultiFunctionalSpatula - httpsgeni.usojykifd.mp4,1vF2oOO8o5VswPju7w5YmtX6Rd8A5woS5,https://geni.us/ojykifd,1z2RgbyTkHc7x-77_2zSOfE9bMJRHfBMh,SUCCESS
EggWhiteSeparator - httpsgeni.uski35pD.mp4,19rOGSoJre9-4SJ0ja-82oh_F7aoRwrgd,https://geni.us/ki35pD,11cWIyB2Q0LTsq0_DFz_a4cnuzvbtiJtr,SUCCESS
SilveryRavioliMaker - httpsgeni.usJn5Hx.mp4,1rFX5YxiwtdrKZo5Kh5MW4p_V5ZinIbMs,https://geni.us/Jn5Hx,1tP0FjsVorTDuQt5F-O4gfQHLuxedGsFG,SUCCESS
EggSlicerCutter - httpsgeni.us7fJxfl8.mp4,1_mL1RKNNUeQcA18C4S08HsWpaYrTJZb8,https://geni.us/7fJxfl8,1PZKED9bMFZC3oOV7zhmnNxUQmQDPHbaE,SUCCESS
SiliconeGarlicPeeler - httpsgeni.usvF1bgCU.mp4,1YWtLGa43LbyxUC5jn31QF-bmBqjv7RI9,https://geni.us/vF1bgCU,1zXwaUuPschGS63cg-J80fVEJLtvr1Idg,SUCCESS
4in1CanOpener - httpsgeni.usp7Zpd.mp4,1zITztqA8f7xCwAt6FZuNJhuGJ3bwwDfe,https://geni.us/p7Zpd,1CQCkKCYtr8rIKk7w4_M_OAlLrj6hRvrn,SUCCESS
BananaCucumberSlicer - httpsgeni.usHSgxDVV.mp4,10ekL2S_oHImzWTUW5-FnSskB5eg8518s,https://geni.us/HSgxDVV,1BZdBX3cBefOBGINw94zB2aGBRbbh63w3,SUCCESS
MultiFunctionPeeler - httpsgeni.usrUiM3CR.mp4,1ij0LDD_Faer92vZAXlDUy7M66M4nG7px,https://geni.us/rUiM3CR,1Af82B6eCBVd_jJ6Ch2uV39n_E9aIcuxS,SUCCESS
AvocadoSlicerPitter - httpsgeni.usUVqp2X.mp4,1p0gW0m39STGiDk69OUfLZWvEYA7xSzLy,https://geni.us/UVqp2X,1oqbSJ8hViWAHGpBc6gom4b7A93byuVv-,SUCCESS
SiliconeIceCubeMold - httpsgeni.usUVqp2X.mp4,11qkDhJvpKgo1_H1ZiWtapZotGHF68ism,https://geni.us/UVqp2X,12_qWM_jlGb_R3st0AJvvwf7CDCTUe5TS,SUCCESS
MeatDumplingsMold - httpsgeni.us1xsEZT.mp4,1Om0XkHPnbCBm9VWZf188lW9yOF7zvskD,https://geni.us/1xsEZT,1aM3-1dz7mPjZJBTJgcex5WF75Ujo6gsi,SUCCESS
RotatingGrainDispenser - httpsgeni.usBeQy4SI.mp4,1tMayF_ev-CaZuxLcNHHzEJEkF_3Vm6QO,https://geni.us/BeQy4SI,1sMWhDwRF67qM_kMMIDrn3gdrQhJNTNv1,SUCCESS
KitchenFoldableTrashCan - httpsgeni.usJOG6ba.mp4,1ukJNw0xaviPQzHeU5tT_KagH-INHtmno,https://geni.us/JOG6ba,1LYrKPLkJ9xiKkz30epz2r5PkRh07vfWY,SUCCESS
DumplingsMaker - httpsgeni.usAn5j1P.mp4,1dyeOPeZXukXlDuqpxX35naitKGWziV4g,https://geni.us/An5j1P,17XZxr4xISjMTVY7b6S4jquOzlZutgBwK,SUCCESS
HydraulicLift - httpsgeni.usjVjqVV1.mp4,1fUCETSrniZjr-BTCO7q5asdXYaTWs70f,https://geni.us/jVjqVV1,1osNFtGsBmsNxgWJ86VUOg8JVRsBHkX-N,SUCCESS
BonaOptiSpreadUX - httpsgeni.us4uB3RBB.mp4,1fBrspwdLw_zab0qYmmZY7hL9pZn_kTSj,https://geni.us/4uB3RBB,1wbvyks0-ozDjDx8K5m0zegdkbaB8QII6,SUCCESS
FlexibleFaucetExtender - httpsgeni.usImWBwc.mp4,1LuzCb7TrAofQBvnbu1AC5vVCQiY4EkIG,https://geni.us/ImWBwc,1ID9KT51F2ZMIvD56BAa5e-ewM1Y4TsIh,SUCCESS
STEP180 - httpsgeni.usihjez.mp4,1iSqLOE0SqebV_qv7kYnJbv5KQ40IUQlJ,https://geni.us/ihjez,1uwAla2L-LkQOKn2yNU3JQ_udAJqK5HeZ,SUCCESS
SurProDrywallStilts - httpsgeni.usa9auX.mp4,1wUY0FGROgGjDbfvlI0-IBEd7Vuu-bZHJ,https://geni.us/a9auX,1bhUozgkzlcxHxB7h-U9dDeW0MB5DRWgc,SUCCESS
TheDeWALT12VMAXGlock45Pistol.mp4,1qGEroJ1EBy7apK65gDWmtMO-p3tjcIEH,NOT_FOUND,,SKIPPED
HumanHoistChair - httpsgeni.usARoAT.mp4,1DKvhBLG1LpnBFZsVZ0UxVphdwtlNFkbc,https://geni.us/ARoAT,1iJeDMmgCjnAVB6l1-MJCV5JGidyJaoLM,SUCCESS
AutomaticDishScrubberBrush - httpsgeni.us0NxBQ.mp4,1FZfjXZaMHUNR3fD8JLhmePZkFz-vKeOn,https://geni.us/0NxBQ,1PRl6ER5jMIV-eUchn2YK4YcWkB2K8Hem,SUCCESS
V3RollingKnee - httpsgeni.usowLUf.mp4,1jnyJBsAF6YJAale04JIgoPmcRzsTcm7D,https://geni.us/owLUf,1um4aO9HDt-RHSP9HSaTGUxF6Rcf7Hl3y,SUCCESS
SanoLiftkar - httpsgeni.usNV7ee.mp4,1_Vf8GAEeq7ZdyAmOWo_tzmSIwyj8vK_0,https://geni.us/NV7ee,1O7X-vXUjdLGzQ8gqD4DhZZqhmsA5z3Ku,SUCCESS
MiniAirBlower - httpsgeni.us6jamVn.mp4,1g8x-F7NUa6leNfMRZtEqk1_nTj6x0bUS,https://geni.us/6jamVn,1PrvgGdd-5mBNZp5-1TfdmdJDNKsv1b_l,SUCCESS
EdgeBandingTrimmer - httpsgeni.usGtvk.mp4,109oybLGKhefj_YUg_O2BfDzuH67Q6HDx,https://geni.us/Gtvk,1Ojzq1PjffMcxaCs5ZslBfX9sAvWw56JX,SUCCESS
RyobiZeroTurn - httpsgeni.usZ2e1.mp4,17SGm6GURR_0Dq4hV7xT2kfkxDsYkocpa,https://geni.us/Z2e1,1L3m7hSLqa3Mbxa3OCqamf9f455eM2yAL,SUCCESS
FestoolExoskeletonEXO18 - httpsgeni.usp5FXWGe.mp4,1WjM9_vAjxUv6mAeGetDcttHruUoH5Pyc,https://geni.us/p5FXWGe,12Zz_D0G9VnI-eqAY4G20RKUxkWKCHbKj,SUCCESS
ScooterWithBasketballWheels - httpsgeni.us6jamVn.mp4,1rQ-RuJlazOyhqcObX7AxgbMUotM6sT6G,https://geni.us/6jamVn,1NnCZ_7eD2w2l0BNhOQsrpJJm6oRZcAXx,SUCCESS
Brumate - httpsgeni.usgt4j.mp4,1NxtcwC27RUETQyFvjBZBc8cU9YVFKELT,https://geni.us/gt4j,1eARB-nrXl0wNAdYA_u70gMM3qraVpAQn,SUCCESS
TheMightyBar - httpsgeni.usxGaMKHc.mp4,16-KS-mROBkvh_WgFcoULC4nezXeYkbfv,https://geni.us/xGaMKHc,1MCAJkv2M5a1x14oDVnCH6k1DQKa0rkot,SUCCESS
MirkaAIROS - httpsgeni.usnROuDz.mp4,1PB7gMAaur794l_T_uLS8iJkWl1WimHcF,https://geni.us/nROuDz,1iw9CSWBo1gAjW9UeTpR80O4qTN5srQtA,SUCCESS
KregPocketHoleJig720PRO - httpsgeni.useio8K5.mp4,1AtQCbLZZyNTiLfdOCmTzqmdfTRFoZOr8,https://geni.us/eio8K5,1nQflfEF3LK1iU9rXTFof9kHI-Lu6_TYO,SUCCESS
NeckPillow - httpsgeni.usEyvYBdF.mp4,1W2QzJsvcOd5TcgvZjFNtr-vbGUnoQoHI,https://geni.us/EyvYBdF,1iUYguMAaBOJ0dhqL2fw6yPHyOiXpPu1p,SUCCESS
ExhaustFan - httpsgeni.uszltiq.mp4,13UAkVAevlbPzmE8XuJQoEUYDLPVwJ32R,https://geni.us/zltiq,1ZiyzLZ4CpK5Vh_YDKnsFYnhEDqftc6xQ,SUCCESS
SafeHeadrest - httpsgeni.usxmG3.mp4,1uoJlUWmBCTqmwAkRHWh0fon1PCK8TuWb,https://geni.us/xmG3,1f7UdE8Gl-2q8CfjXvwwtruE_mpbsvgzb,SUCCESS
PressureWasher - httpsgeni.usiOIFYq0.mp4,1o2KTTUdwLtsjP7a6TZB3Vjh88b0xjdbC,https://geni.us/iOIFYq0,1X4x0b6WRt0cgHdO93a4wZEC5vpur8uze,SUCCESS
HydraulicJack - httpsgeni.us7Btxyt.mp4,1E8o09Or7tbDqJU2Wm5ODo1u9giLej0yJ,https://geni.us/7Btxyt,1sn7NRUQpu_59ZOdPht_EOJ5hDIGBd06l,SUCCESS
HUDDisplay - httpsgeni.usG3wQ.mp4,1NoVznJZKZ1ZI89XZaj9zM-oIQ7WXIACY,https://geni.us/G3wQ,1GApjGGAcUQJQ-xWfRs71I5geaUeIZnOx,SUCCESS
PhoneMount - httpsgeni.usy50S.mp4,1gMDDdZjEDUAe9eZHuoURqomp4yJHaQu9,https://geni.us/y50S,1owccJDuCYaWclkAdIEq4xQGHM063WgiW,SUCCESS
PetBarrier - httpsgeni.ussxxOM.mp4,1uWE2ZSNgzi3laIHKVdpSIHkqa49v0Z2k,https://geni.us/sxxOM,1IyxHhnlUln5seAeB3xq4AgFmLvZi3BMb,SUCCESS
SunshadeShield - httpsgeni.use0trhL.mp4,1ikfCAnKySe-TMNu4QEzc9GYeeiA_Fjg4,https://geni.us/e0trhL,1yhlqZ85ZlmwJU6sKN815hQGdxUvFCJhM,SUCCESS
ArmrestOrganizer - httpsgeni.usCn7ii.mp4,1YSAxJyXVfu60SwTmOEKdp59BRGB_3GSL,https://geni.us/Cn7ii,1HeuDPqmZWKiu-9sfJfF7l8RbV9rxh0g5,SUCCESS
AirDuster - httpsgeni.usGJsy.mp4,1AjB7RVwN7L8wUInLtszo9G-RDg243IOg,https://geni.us/GJsy,1pCYJyB6MuR8eXiZLaBELMqxsSKAiy9gP,SUCCESS
LeafBlower - httpsgeni.usoc6sqz.mp4,1UsnJ1aPELjk66aFjNZiom7JWCTCCVCLb,https://geni.us/oc6sqz,1jg4H_G_BDravS3_2PHhFojDxguKtgXNl,SUCCESS
SolarDiffuser - httpsgeni.usxQ4g.mp4,1jpV-mUc6Iw8Mvek9h4QOJYBlfzoWCeD8,https://geni.us/xQ4g,11KauGA35f4eCoUctbGwA1GBYErtOqw4g,SUCCESS
StarHumidifier - httpsgeni.usFlR2.mp4,1VsxSYyP9dM_MPnk93vOP64TJZ_B5Te5G,https://geni.us/FlR2,1-LNI-78fPNZfbpnY57EgywvAr3krFUJk,SUCCESS
FizzKeeper - httpsgeni.usPFUtVA1.mp4,1JuOKDbHZ3hpk0zDGHptdEZQG1EJhWd7H,https://geni.us/PFUtVA1,1TzGlNi9kXFypxf85NboC_vycmk1vOX2B,SUCCESS
DoorSills - httpsgeni.usiaVG.mp4,1q1lX86hthpsyZ3U7H1lbszs4uOrvFoui,https://geni.us/iaVG,1Z58kTbY4bRq0QLvPlF3z-cIKCQbszGwW,SUCCESS
MagneticMount - httpsgeni.usFndPRU.mp4,1NA93l3sd0wDb_oi7J_58l60_ff8UnjGU,https://geni.us/FndPRU,1NgjSzeef1ONgDd8o9CEM2iUA8wPuELwV,SUCCESS
AmbientLights - httpsgeni.usilfMUTP.mp4,16z8IPoH0wlY790ZLYIRrT07g4ugzrZ00,https://geni.us/ilfMUTP,1-Tcl2PVpuDLyOyyu6fwp8Olz5h8sttU6,SUCCESS
AutoCharger - httpsgeni.uswDD8.mp4,1cCn__4EROxzcgKH_NJ1O4y-z_A5r5PSs,https://geni.us/wDD8,1zp95o2AvBWki44RFf3qZh3oviBrz-xzv,SUCCESS
UVSanitizerToothbrushHolder - httpsgeni.usVNB4xML.mp4,11wINTJKA0qLoQfWJOeQhDwr5ZZpzzqHV,https://geni.us/VNB4xML,1rK971pGa3EqAkcf3ssYXXNBi3ZhRmp-T,SUCCESS
MountableWashbasinRack - httpsgeni.uswgkmP.mp4,1b4QFavdDB6sirckE9jnJpe9we1oUnRPd,https://geni.us/wgkmP,1mFtqoQSdqKdUIKsq_hIHZXE44cwlT0us,SUCCESS
SmartBedsideTable - httpsgeni.usWYWpm.mp4,1E7N-k9v-p5_Jm0BTsxWrVDw_GebhMP0L,https://geni.us/WYWpm,1TAPXzdO8PIzJAh6M1YVCtND83wvGC2SH,SUCCESS
DishSoapDispenser - httpsgeni.usxBIcjt.mp4,16dGSNAaOeaWVGD_qRZ-X5uVHil1lSOTa,https://geni.us/xBIcjt,1q_Cyo9nFVM8lXzzZjqr89FzVQ1Z_fLEY,SUCCESS
HeavyDutyUnitStorageShelf - httpsgeni.uskrfZ.mp4,1j8ilkjBRu8ZR4idB5gZyQ1j6oRgiiK3c,https://geni.us/krfZ,1oEFwtPsVX7GXHXsuYDUvE203BMSnsiEa,SUCCESS
RetractableLaundryRack - httpsgeni.usH8z5.mp4,1hC2M1CvtshDhrL7_6WVFPzNATa_P5j5L,https://geni.us/H8z5,1I7noPKTYJIJstLKaJtCy-wQk1-S7437M,SUCCESS
SuctionCupBathroomOrganizer - httpsgeni.usSwEB3og.mp4,1fDtinyfYoyggJZRckob5eqgWeTJhtdy2,https://geni.us/SwEB3og,17x6ovbot8q9HfIl4lTfLUNXX7PCw7EWw,SUCCESS
3TierOverSinkRack - httpsgeni.usLw3heMX.mp4,1QzAmiALG7I1XgwA_iRFsvSSOEO8hSxOa,https://geni.us/Lw3heMX,1ManLW6YmdMTLIPdmwZhmnuIUxdgvQjet,SUCCESS
FoldableRechargeableOscillatingFan - httpsgeni.usg809o.mp4,1r6lMVmbnxxfpsiJEl50qSpIU-RmZ9H06,https://geni.us/g809o,1ZEZaoYFQBtyywMzzffTweoZKXYm_0Xt_,SUCCESS
DuckFaucetExtenderCover - httpsgeni.usX00c.mp4,1dkMngTHv0gN_7j89phoi-nCanOPLMP82,https://geni.us/X00c,15PkSul2fEZgDKQfgxE3k4mXiw2IRIU8z,SUCCESS
CollapsiblePlasticBucket - httpsgeni.usY0ySm4.mp4,14C6N6mwBm5V83gNg-MsYpep5Obh1hJro,https://geni.us/Y0ySm4,1DVl2a4EYwOo-Sy-gsGaHidWyxqdwTEoZ,SUCCESS
PortableWashingMachine - httpsgeni.us1L0wUpL.mp4,1DqGLno_vV7_TbpGOVO7enh1WLYT6ha7r,https://geni.us/1L0wUpL,11EIE6sEoh78XUwCNMaoab6v1KPAWW6gt,SUCCESS
DuckSoapDispenser - httpsgeni.usWwdv.mp4,12fenUqPYV9j_uhXyQbYfjzQQS2PGR4Rb,https://geni.us/Wwdv,1WcRNx-i0V_iCKCwB5TipULfRwRcRTV_t,SUCCESS
RotatingFlowerSnackBox - httpsgeni.usTBiaAO.mp4,1-EWnNko26ACgBScvQxLhq5Crfpiv1GGP,https://geni.us/TBiaAO,1ctbaHZI6vNhSwskQJO0XT-gA0Uejmf7d,SUCCESS
WallMountedSpiceClipSet - httpsgeni.usdmZelU.mp4,1nCOwwfgx-ou6IDDFtm_q-J5QJgpmilwu,https://geni.us/dmZelU,1bcBJXh2TeUpPHctjGNQP91aFjwzVlxxE,SUCCESS
PizzaOven - httpsgeni.usw9A0BI.mp4,1KjUv3JjqwCXkddBEvcKsIS24WyAUyRd9,https://geni.us/w9A0BI,1g5LTy1ajDymVZdeRNEHIrq7_9BRoUPbH,SUCCESS
SmartSink - httpsgeni.uslRlks.mp4,1c9L5RYRJNsxnFoE-GBZ7JL9UAxgAG6B7,https://geni.us/lRlks,1CAHZ7VFFbZoQf-lry8emzBVex5POVLyD,SUCCESS
PastaMaker - httpsgeni.usKVBo0Hz.mp4,1sHaxFUhbMz1q-MeFlWL7ZPXTrG8ko4Jr,https://geni.us/KVBo0Hz,1D38vhIuU7ZgXdrykhmr9XDP32_IGBNrM,SUCCESS
FruitSlicer - httpsgeni.uszK2p.mp4,1qt9msShLS65LZ4qDHix2V2FvbMHNRYPx,https://geni.us/zK2p,1q1Jfuwz6zaj1YrAA6jm-XWll04QLqJaU,SUCCESS
SpiceOrganizer - httpsgeni.usjrBi9rP.mp4,1Z2378sHLH1eSer1PHe3rWvV7Qzpya3GJ,https://geni.us/jrBi9rP,1SC4VUPXK537apFX8s-wYBY2bc5efBLeR,SUCCESS
LazySusan - httpsgeni.usviWAw.mp4,1C5etP_EjDBR2dr5HT8A8-rOrswbpHwqh,https://geni.us/viWAw,13ncbAxvitgb7RGJ61BZgubrdtKqbHEkV,SUCCESS
MiniChopper - httpsgeni.usrK4hff.mp4,10S2Sxfr6tXuM1iyux9k7oT9WNpiPyt0e,https://geni.us/rK4hff,16Cs0cyo_r92HAx3lQd22isGWBkl8im4U,SUCCESS
SpillStopper - httpsgeni.us5PaYFbL.mp4,1SfnqLklvuweyISRyr7J_1DCYyUc-CsuI,https://geni.us/5PaYFbL,1c78zsBlsw2rgN7sbtvxfNrKWDujWG-SK,SUCCESS
PanStirrer - httpsgeni.usp05Eo6V.mp4,1CYffJGvsSCP-d6uN1i1fslRuRxZqADmr,https://geni.us/p05Eo6V,1x2cEEe05vtNvilvRWjujOEptUX96ZFfy,SUCCESS
TravelKettle - httpsgeni.usQ55S1by.mp4,1tsjyKg1f4ieJ2EmiHCKsWq1qUUKklG-t,https://geni.us/Q55S1by,1bL8EFalzWNz1bg6FY1ZU9pBk7M0_1GsQ,SUCCESS
VeggieSpiralizer - httpsgeni.us7GFwm.mp4,1EL1YAaVbQRlXZ-U2RVOGxl4f0Tzb-uj9,https://geni.us/7GFwm,10W47RG0501XcAUC6HHFnNTluLVebaC7n,SUCCESS
CuttingTub - httpsgeni.usf4ab.mp4,18nGt5n_gcAwIHu7yT4Ftn7vuj1kl4ifG,https://geni.us/f4ab,1R0BjzWyZnVvijtsmJAy1dGWkg8GDDTpx,SUCCESS
SinkRack - httpsgeni.usGKEAO.mp4,1AbP1vXham8GxlUsOcjgkKctWO4wfwdYs,https://geni.us/GKEAO,1p-VpsjtHzeq4frKhn4cYELXB44bQx3HO,SUCCESS
ManualChopper - httpsgeni.us8whGexW.mp4,1WtOAKzl89vmjTLjC_iaHJCI9PI6Fu_Qw,https://geni.us/8whGexW,1oktR0yBuHrfcxVbUiY72AEKZp9yrnBWk,SUCCESS
EggHolder - httpsgeni.ustn57kSW.mp4,1Eh7EDyCQKECwDZWqO3bMrGPYo0ylPwzx,https://geni.us/tn57kSW,1_P4n5QePci8UGBB2ZBGkfRFxCO3EyeI6,SUCCESS
FoldingShelf - httpsgeni.ushiLza.mp4,1YJRqovGg34bNRqn6JQXx-HyLZr6k0IoQ,https://geni.us/hiLza,1TZvvVIczEIPv-NmjRiqMrNn9hEDkvsFy,SUCCESS
PantsRack - httpsgeni.usSEYMB.mp4,1guSbWjSMP9PiUb0JXSDLA1YYWWqiExqk,https://geni.us/SEYMB,1bCAhwB3o_j_xJAsEmUCCvbleVIDCmPm7,SUCCESS
OmniOne - httpsgeni.usbMuAxK.mp4,1Io-vPiSs9PF5HvcpU6xDoA5FuMrAuWNT,https://geni.us/bMuAxK,1-KSSt2Cxghp__oqeBgOCjx1XkFDM1CbU,SUCCESS
ToiletPlunger - httpsgeni.ustxIwJlS.mp4,1p3ZYiSW5AywOX0OXIRNvv_X8gSO2w3Nt,https://geni.us/txIwJlS,1Ian4k9tjZwSFTv08uRZkL85uXJYdc5B5,SUCCESS
JellyfishLamp - httpsgeni.usdPfATh.mp4,1LGnO2-cDjfwaGJ98KiI1FrORJqj6r7fU,https://geni.us/dPfATh,1LrsRCh7m2zVW3_qTwvd8pga632PFZap-,SUCCESS
DrinkDispenser - httpsgeni.usPVWLWe.mp4,1YSBdrHTMlTV3pbS1bFQoPniyZJTIK8YF,https://geni.us/PVWLWe,1rYYiY9d1DbkrALyap2gW08NYfnVgqusc,SUCCESS
CornerShelf - httpsgeni.usrubuYs.mp4,1kjUGuJTQiASPdrTZLSkPQo9uexvwxdft,https://geni.us/rubuYs,1B6Rpa-VCnkcqnz-IfSPH4dD-zVCTF1Pk,SUCCESS
ToothpasteDispenser - httpsgeni.usEH1V5.mp4,1-wL9LTsYb1M56Lir6a10NSrdw4jCl2KI,https://geni.us/EH1V5,12Akxhiu1mmyweAQWyXYjX1TFqo_0C2LN,SUCCESS
PortableToiletCover - httpsgeni.usaWbd9sG.mp4,15zKcPmN8u1cIzpu3XS_eHd3T6jfEnlh3,https://geni.us/aWbd9sG,1unBQ8PdQRaxxLT2x7q-TWCfAaW21CYit,SUCCESS
MiteRemoval - httpsgeni.usH3zm56.mp4,17Wx3NpRKv-W1squBhdMzhk5C7zux7agf,https://geni.us/H3zm56,1g1A3Z06BQPZ_YCvZqlQvpPPQmVLA36ON,SUCCESS
UniversalPulley - httpsgeni.us8SHIQ.mp4,1ULrw_mHKw4M_n1ux5p5AvX54tD43LZfp,https://geni.us/8SHIQ,1skx-fvtLLMkDzoqW43mS0E8tPz1Rq6AE,SUCCESS
SoftToiletCover - httpsgeni.usNXzR.mp4,1RA_WugW875UctTYPRDNChWpwd6GvSeZy,https://geni.us/NXzR,1C604t2iJnRqmaIw53NodzvTZav2pzo0W,SUCCESS
ElasticLaces - httpsgeni.us2Jw2tUl.mp4,1qr3J-jdbEfpAJWmQrzvKdM4cfMdPpQPi,https://geni.us/2Jw2tUl,1x9HKles-Bc4V_j0umpYiuKdDp2CJIYjf,SUCCESS
DrawBotix - httpsgeni.usTZBqt2.mp4,1jvt8BwRmj4Av08M_E7M0bzKSOC8R7ZJq,https://geni.us/TZBqt2,15l0_ln-rQ2HD0gbn-f0NmDeRQq7D4YcE,SUCCESS
CactusCleaner - httpsgeni.usMtiIB.mp4,1P3gZufDES9ratRk0-OQBFADVt0JmyqZ_,https://geni.us/MtiIB,1D84VDitJN0O_UOymo5282D81qyaI3-4K,SUCCESS
DisplayFaucet - httpsgeni.usKGPjJ4.mp4,1sYdtRyYOkER368jlpRGBJP536XyCQZDU,https://geni.us/KGPjJ4,1wLkhoyzTzbs08oIwBN7qGshQhTjOSl9k,SUCCESS
FoldingBathtub - httpsgeni.ushxMnuD.mp4,1l9NfLxeIeRwDDcvYGarvLNYztIJ2XnE-,https://geni.us/hxMnuD,1NTD_W07sKLsEcjsfudh-LohlL7lmiOPd,SUCCESS
IceMaker - httpsgeni.usDZWH4XN.mp4,1YYIecojfFojJ-xb-y8RLtTFwJ8xw6MIX,https://geni.us/DZWH4XN,15wBSSlcNL90_avKPmhzj2ggYgdCaWzVF,SUCCESS
3DHourglass - httpsgeni.usLt7oUhY.mp4,13AXeJA4R9QVe3mDhDZrj1Ot9uR6QDKYO,https://geni.us/Lt7oUhY,1a890A71HksYQInh9rnFn_2RF05RymLik,SUCCESS
ShoeDryer - httpsgeni.usNtE9Mq.mp4,1XhRFnaBi8HXsRTotxc8pshHVnGz-xLY9,https://geni.us/NtE9Mq,1tnrYd8Pxt_F2yOPD0QkEE4HnsCK_E9AF,SUCCESS
SmartToilet - httpsgeni.usjoAUcAr.mp4,11wR165yc8ebrOUx5zsvxUuXTZ94RcZot,https://geni.us/joAUcAr,1bH6dwkOSCPKiOPPVDYx1aBd7M14t5NFu,SUCCESS
ShowerSystem - httpsgeni.usIWBqCLL.mp4,1iSZ3cO1yufwNWGRcwx6p2A495LSjqHpB,https://geni.us/IWBqCLL,1b26W_O_GYbzuhEu_XLvWdzo5aVd_R6o1,SUCCESS
HandheldSteamer - httpsgeni.usOMD4.mp4,1NFw1Fe4gaDYoPvInXA7864NtKTohsirX,https://geni.us/OMD4,1TR_XvK5ek_YNSxC7PxLfQLXWm2krH_2E,SUCCESS
StrealinemMop - httpsgeni.usknVY7ZM.mp4,1yuLHuqkigHToFl8bRPLYrfWgGSsPDqDn,https://geni.us/knVY7ZM,1tlBz2DIxEl0XQzGKq9fJZ4bUw5YK79ct,SUCCESS
CactusToiletBrush - httpsgeni.us4KcDU4R.mp4,13b_ontRfcVzwtg2hqvAdxXtJAyqlmGGY,https://geni.us/4KcDU4R,1a9V2U_u4JGmu8iSmS9NdrWvjQEBOn-Bp,SUCCESS
BluetoothSpeaker - httpsgeni.usl6h8o.mp4,1Ghsll5h41ta5W5yqQPKM4veibIL3s4Vk,https://geni.us/l6h8o,1huYSVyJALYxm_IW4vpgbBzsIGu6mCxFe,SUCCESS
PortableToilet - httpsgeni.us7qV2.mp4,1zgtGojYzDfnBpUDLMj7sE1S4VP2cwu4j,https://geni.us/7qV2,1gPWYKHAw60lCgdYPSIMkGWl-_mPdaZ_g,SUCCESS
BabyProtectionDropBackpack - httpsgeni.usyuzABT.mp4,1FXTQHmYi3-g7EIzX390KcBic5QL9Udz3,https://geni.us/yuzABT,1bAW5SEcmExcmEnXo2JACl7qASbR5FCVB,SUCCESS
PortableMiniWashingMachine - httpsgeni.uswlRY.mp4,1aEadD029SNLNXHEgXFC3pQR7Zxqflg7Z,https://geni.us/wlRY,194VAaViZmhqOhl0XHdCRM2tL_1GkWJVH,SUCCESS
ShoeCoversMachine - httpsgeni.usU4r1.mp4,1ozVntIiDulEt4vgE94LRrWzDhCQxZ9y_,https://geni.us/U4r1,1udFol2tzTj2WfHoHkBQpgT65D3MsKY-n,SUCCESS
LockSheetHolders - httpsgeni.usVCqP.mp4,1bStQgKwrw4POGSXg6W2EPDGMeuKS8OSS,https://geni.us/VCqP,1DOns1CNmK7aS5O690USIq-JuBwZ-IOWP,SUCCESS
FoldableUVHeater - httpsgeni.useKEPf5.mp4,18lENXUDSyGk5NSFrMsh_GrKHp2ku5vfr,https://geni.us/eKEPf5,1u6ueY6HRcfdS3Ilqxh75gNdmC7xYRa5i,SUCCESS
RotatingShoeRackTower - httpsgeni.usXe8Ag9U.mp4,1GDk8TV-XgVFcmm2KId_3MEIhf2msD86G,https://geni.us/Xe8Ag9U,1NamOADneOnY4ufVb3V0vjSwCWQWMfGwZ,SUCCESS
IceCubeWaterBottle - httpsgeni.usrHup.mp4,1YNDybKebf_wTUgWd8u22kfLHUPCvB6ZI,https://geni.us/rHup,12R_uV8KbHBGr8s8GZK1eU5lOD8uINI61,SUCCESS
JellyfishAromaDiffuser - httpsgeni.usZSuJ6.mp4,1GE4DZh79UhDouSMsVShjvSlGEdgcAQDU,https://geni.us/ZSuJ6,15VTbpyTez1xV8pBVwPIKim2EOai4wT2f,SUCCESS
FoldableShoeBox - httpsgeni.usSuZYwJ.mp4,1u3Go3QqLkzQyS9yzorzxkG_927DPaJT8,https://geni.us/SuZYwJ,1cPaA5zg4qTkBO8OtyhndB0dbxA_rHSKC,SUCCESS
ElectricWindowVacuumSqueegee - httpsgeni.us1GAZU.mp4,1xBpotUFxgPQqfa4J6WN-d5FjXkEkyRXI,https://geni.us/1GAZU,1sIm-bfmoLqYdcc7MKPVUBzEHcJsk1hQm,SUCCESS
LaptopScreenExtender - httpsgeni.us4nvdej.mp4,1WPkLPcXoQ4Z59FXmniiYYxCzNBFdJnPg,https://geni.us/4nvdej,1dvOCGzDgkznp3ylilf6643IRk7WSHLpa,SUCCESS
VegetableSaladDehydrator - httpsgeni.us8wC1nDb.mp4,1G25jOMT5VGmqAlEbLT6k3QUWbcDud_mh,https://geni.us/8wC1nDb,1YJ3tY0h4ErhCYHGV00Z86kt3PZMu3w5o,SUCCESS
SprinklerMassageShowerHead - httpsgeni.usEiMwj.mp4,19MKpKIkiimgK3vz76DZ60jX0xVXzM8AE,https://geni.us/EiMwj,1f5F3GN27cFdzE4lxUpqFPDkwBE5uO4M2,SUCCESS
AUTOLiftUPDOWN3000 - httpsgeni.usSZhI.mp4,1m_MJP7jSiSy5-40dqOJ1V4AeFixT9PXQ,https://geni.us/SZhI,1gKa0-0Rni1b9uhoS4cmg0b8qqa19D4Ad,SUCCESS
SobroSideTable - httpsgeni.usuU88m.mp4,1B2D6YhUqfOTGqlNdZ8OYX47b_e8u4RwR,https://geni.us/uU88m,1jlTdQCrEyNX_fOdSsu2lpBiHsiPEDLYk,SUCCESS
EggshapedSmartToilet - httpsgeni.ustuARiN.mp4,1EOznhJNE_8ukGZZ8Usjn_y6eZnnC2ZJU,https://geni.us/tuARiN,1Mmf0mtsVCnZJrRzTcvkkuw4zsZAwGm4N,SUCCESS
MultiPeeler - httpsgeni.usLUGBwm.mp4,17xU88GrifQYhAY5C4svsi5QzR-hWLdi9,https://geni.us/LUGBwm,1F5DeKxUQAUjr0NHV5iCC_ZmCZUs7fR_i,SUCCESS
PastaMaker - httpsgeni.usJ8D90kJ.mp4,10HtHicq9THdJdUW2MjM81aIXcO-bMgAM,https://geni.us/J8D90kJ,19msbi4wCTsshJ9uOZr5teORgSMLc8dbY,SUCCESS
TouchscreenToaster - httpsgeni.usvgZBhao.mp4,19t63Wdj3ncnNXDN88RgksusbQoneE0WH,https://geni.us/vgZBhao,1FTlOvsj7G9WhxfAZIyQnA3Z4aioGgC__,SUCCESS
SpinScrubber - httpsgeni.usaIvs1b.mp4,1VwWBa78C2N96TrifzoISFduKqAQ_Ji17,https://geni.us/aIvs1b,1WMPhThrNh_IgbjQ6PD2e49ZYPJkG8FQ_,SUCCESS
MeatSlicer - httpsgeni.us2noxz.mp4,1-wCwxi5ICOXXo8DsqZI5xK7dOAcaFb1N,https://geni.us/2noxz,1TIpOzxx36-bB-O061rgInVxBhA4Msc6s,SUCCESS
AutoJuicer - httpsgeni.usr7CI9.mp4,1UwN4PObRbvdKkK_Q5z4KK9XI7ehBXovD,https://geni.us/r7CI9,1lwsJqCCZcRlAo-bS3IRfJf-e_YLTzcrG,SUCCESS
CupCarrier - httpsgeni.usc92C.mp4,1YqPn9ymCdmBveQOf0si2XZo5BKTP51P5,https://geni.us/c92C,1W-q8a1qtrw7aMlu_pTORbkRywQ8DR17P,SUCCESS
SnackSealer - httpsgeni.usgAzytM2.mp4,1EAbgmAWfs2pwoo9CeERai9nqPPk4xwft,https://geni.us/gAzytM2,1OIv8dJ5CGPl4h2I9ZX-pytf58HEXHIjM,SUCCESS
OilPress - httpsgeni.usvyq3L.mp4,1mEsfLSIgLV-w4CWk2MGLu68Y7uQv6AxD,https://geni.us/vyq3L,1uigu4dCfs1pB-iFOeGoWk5tKbSQvR78R,SUCCESS
SmartFan - httpsgeni.usYBjV2o.mp4,1PoneLl_LkjI4DtNuk-W-gOSNLmiW8-KB,https://geni.us/YBjV2o,13thwQnEycfKi0dfsApVkYdHwnL3RF3lz,SUCCESS
MiniWasher - httpsgeni.us9YMBu.mp4,1s2WJY52s_HCJPDeoV9PWPu-TPpIOgFBR,https://geni.us/9YMBu,1BIdV5CpmordqNMbzt68GB4g75en6wWgj,SUCCESS
BagHandle - httpsgeni.usuwm2wcS.mp4,1Gr_86uB1ZWhgTroIRinbauNi1J9fcNMf,https://geni.us/uwm2wcS,1_lNjURuXHXSb-HsFSv82RGsmo8paKwa4,SUCCESS
AutoStirrer - httpsgeni.usOB0Q3H.mp4,1Laf03Vk_8P8gz7w-qFO8IZuM_bG6PHsQ,https://geni.us/OB0Q3H,1VLlhmC0rXp_HJDdQf_oGG2VjNdpaEV0C,SUCCESS
SmartTrashcan - httpsgeni.us0rIW.mp4,1fPUsdRncpnBfN5tBM6UU_moiWy1ET5bI,https://geni.us/0rIW,1_u5baKm_mqE6t0_zA_LcoI50zK5fDiim,SUCCESS
TravelIron - httpsgeni.usXNkw9UL.mp4,1A7gM7QpgQ_0hdt4rNfZ7fir_9kgcn3tk,https://geni.us/XNkw9UL,15rh8_b0S49uLcF9AiqDZiNx1YvrdFZuN,SUCCESS
PocketWasher - httpsgeni.us9ARVGs3.mp4,1nnfgpi77aLPiqN4EPT_NZnEzGDhnYfq-,https://geni.us/9ARVGs3,1rb9mqmPqIJzT6gpSoxrDPXfrypKWpiHd,SUCCESS
LazySusan - httpsgeni.usL1UlA.mp4,1344ED4Hs5yD78k77klAQtgVuNkpJcDvC,https://geni.us/L1UlA,1t9ZcqT_2ZrHHSc9WE1a9fUFt7gWGLs1J,SUCCESS
PortableFridge - httpsgeni.uskV82aZd.mp4,1O7vyPM3G6kMfZhQl3rhf2LeFKFKZALMT,https://geni.us/kV82aZd,1L-5lCARB4i1t1WCBKNQiynJLmpIgD_iI,SUCCESS
PortableDryer - httpsgeni.usU8nXwjH.mp4,1ZM9WefKehJjsuOMtvQwcM2K5m19s9w7Q,https://geni.us/U8nXwjH,1SZVbopbn9au5Hnmmp76vMh30xpl7qDD1,SUCCESS
AirDuster - httpsgeni.usWLl6K.mp4,1Fl0pBFtodbCoClL1vD0IizXGgYCdr2jR,https://geni.us/WLl6K,1g3HvEUfxwj86gWIiTYDkn28klux4VPbG,SUCCESS
CarLights - httpsgeni.us7irT.mp4,1gVpbHgVB18eprc_i7n1daNNli3Pcbm-S,https://geni.us/7irT,1na7DPogStisFpVlx5BjnSPvlqoKIeieT,SUCCESS
SmartLock - httpsgeni.usJ3XuB1Q.mp4,1dCl51GuK9c7cydDD1kJWAyIngw9Ix5Ua,https://geni.us/J3XuB1Q,1GoFGmFc07eCFuDjvqljt7I0vqvYKP6r8,SUCCESS
MiniWasher - httpsgeni.usPvXo.mp4,1kMzwqQG4wXGRALIQMJxIulpw4Lj3-1GG,https://geni.us/PvXo,1UUQidSNy2Ni9kDw76arSoR5qIPTV-QLF,SUCCESS
NailPrinter - httpsgeni.usBASYI.mp4,1IZ6zOfvPE0Qprjg0UheLTloaoVIre3X3,https://geni.us/BASYI,1LW323jbo1W2p-6tonX3P682pUfqaMyBF,SUCCESS
PortableFan - httpsgeni.us5M4Y8.mp4,1-KkPsXVKnmpAQIioEHqIxMWYF7jlGOB7,https://geni.us/5M4Y8,1KrSK8gf8X3P6wWS6hobALtuaKUhakYmO,SUCCESS
CoolingFan - httpsgeni.usQx8ey.mp4,1GvElbrWGPHDo1KHkGu8PPwoXKEdMT36Y,https://geni.us/Qx8ey,120VhP0-pf_TW4Uu6n9WRRBSqjZbNXKT_,SUCCESS
LEDLamp - httpsgeni.ust2AXKO.mp4,1H8FsrR06RGp-AFS8GbgWiaSXvcHhut07,https://geni.us/t2AXKO,1SG_MzamZ_zco6I8ScvZMRUurYR5NbfU-,SUCCESS
LearningRobot - httpsgeni.usUy5pQ6.mp4,1kGBPhin5TZnrbBcNPSR9k9xlpgAN0j90,https://geni.us/Uy5pQ6,1pwX4_x34vgGdnoyrldHvOCTvLgyUZz6O,SUCCESS
ElectricDryer - httpsgeni.usHVhSS9.mp4,1ye2h5mtkh_DxxeOCfTG4KQKz5aRs0t4h,https://geni.us/HVhSS9,1xpY3shQzQ-6HR1nbFTbsb4cFWTSB-IhX,SUCCESS
USBWasher - httpsgeni.us4FNV3.mp4,1OwJ4RhGXhU780jzh4eh3NzNnitFDRsrE,https://geni.us/4FNV3,1LWpXueFMEvY2KTR8rY4IzvkuqvkUJzuw,SUCCESS
TravelHangers - httpsgeni.uswVEO.mp4,1_2BrffvEOa-YA05PzxsEAZt70lpyy5e4,https://geni.us/wVEO,10mx5RwQpvCWDU6ntr8kp4OTtM5ZvbFFb,SUCCESS
MagneticHolder - httpsgeni.usHphq.mp4,1pH9OyMOLFvrBd1O4KuzRUTbKT6T82FOT,https://geni.us/Hphq,1nx19Fc15RzzzJWW_Mgu__l05qDhJJBrG,SUCCESS
ElectricCutter - httpsgeni.ushwUM4r.mp4,16vaYuFOzUGgEFsvEokmHYDVdvjH1juZ_,https://geni.us/hwUM4r,1oSxNSnJhuTHNJvJjrBIjWHZk4ArfUcRl,SUCCESS
ScreenExtender - httpsgeni.usVEiNOV.mp4,1OYPdsocq6RDS-ve1epke-7FNKVl5OM9A,https://geni.us/VEiNOV,1l_xrr8WpyVazf1XL35HumHoRCgTgn2uf,SUCCESS
FoldingMachine - httpsgeni.usVSk4q.mp4,1VzwfiNMZ7Sd-xxiqh1q-nyS1nlRfOkLf,https://geni.us/VSk4q,1Neqv7P03p2ZOu62pk_YQAbfUc_RutACH,SUCCESS
DigitalShower - httpsgeni.usFC4I.mp4,123i_lBkaO6UTKmrni9u1PL7MXXdI_4zB,https://geni.us/FC4I,19P0jku7-gRQkCt3DRM6xeZlHYPsipR4R,SUCCESS
Frozen Maker httpsgeni.usY5mbRBm.mp4,1Oprr7Sk3cHiOubFx56t7-HE1LYLl2k7y,https://geni.us/Y5mbRBm,11LHAEjKKIklfv875JFwMLmy5r4r4o_0C,SUCCESS
Sofa Caddy httpsgeni.usnqqA0cZ.mp4,1gET2snAXSnoECLC3MqYtK540V2orw_KU,https://geni.us/nqqA0cZ,1rnh-kUHxnvVENTLeTmlyxEVF99X08bbw,SUCCESS
Salad Spinner httpsgeni.usAHGMOet.mp4,1BE5wFxdb71YQ5Arc5FBko1vuiRYirafD,https://geni.us/AHGMOet,1QxRnXjyINCQHRLWZAriyY0iP52i4bvaj,SUCCESS
Rotisserie Kit httpsgeni.usoOdCu.mp4,16FLWnZAcu59I_Nb60bIPgLxWZJon9BAE,https://geni.us/oOdCu,1L68pV-BvXHD6MkCIRcCq42mcwlJdqDId,SUCCESS
Portable Dryer httpsgeni.usKYvMJpq.mp4,1zkBNUfY3W3BXy8taBEJYoqkQ1LICs8fG,https://geni.us/KYvMJpq,1OGzREHCZ9RsbilAr9SlGrKcdY-xLKqa0,SUCCESS
Nut Sheller httpsgeni.us82xXrv.mp4,1K443k-rhHKbi7S_81Kcav6a8at0MnI0T,https://geni.us/82xXrv,1ziO0ZH6DdwjL30rUCfvzgnCWjT4cZ8qI,SUCCESS
Microwave Grill httpsgeni.usSqAn.mp4,1jYMngs352KJCvIDIhZh5rxIG4PX_CI3r,https://geni.us/SqAn,1pudFnsxd6olSdKOlmURfyU-cdCEIZ1yD,SUCCESS
Magnetic Scrubber httpsgeni.usWuDjz.mp4,1ETc4JQ1--ZJwgD4bmtJU04ZJd_12ayFX,https://geni.us/WuDjz,1D0MzESJB4zkbGhiLoXGL65vB459_BRSW,SUCCESS
Kitchen Workstation httpsgeni.us2uBlni.mp4,1h0sWkdVOa2kPbzUN9ci9M1Aotj6OSJzN,https://geni.us/2uBlni,1THTlRtXVyv-pcAGoeIEwBkv3KeL1VnbA,SUCCESS
Kebab Maker httpsgeni.usaOlJ6d.mp4,1vsnSiiPNJkozgXWyCkzI-gpd2PeNx1Yj,https://geni.us/aOlJ6d,1ykq8ofIDSwfAv-gzx9pR5AQML8R1JncZ,SUCCESS
Gas Cooktop httpsgeni.usF20m.mp4,1VXEYAycmd9L1DQcdM_xTAPUXQ3_NWPva,https://geni.us/F20m,1v8hF8AeOWjPH7EM1dtEhYJEofepTz0sf,SUCCESS
Folding Cart httpsgeni.usBBJBK.mp4,19SP89OcTDKdPzl_VppZolPW_lMsztXB4,https://geni.us/BBJBK,12r6cvS_c2ZbPeUu4pCTeMYZLQhddpEIf,SUCCESS
Faucet Filter httpsgeni.us8TOdE.mp4,1TyTLIl7OrIXYhG3bhIJ1TEHslDWeSAkj,https://geni.us/8TOdE,1aNdf5MS8gZ5oR6IxTstFSjEyOscHMLG9,SUCCESS
Electric Cutter httpsgeni.usLMgC.mp4,10ckwEdiXs3s3grMJbHPdbGP5umTvKPr3,https://geni.us/LMgC,1uQNLGJwPESdB7-zMIhL0Rkh_sc-k_EXe,SUCCESS
Egg Cooker httpsgeni.usjZQjXMR.mp4,1syt9uKyBxGqJpCPjZAIM7yFy0Whwj9cz,https://geni.us/jZQjXMR,15LQHEuFOKrJN6wTWqsAq4EDXb8-TMIdH,SUCCESS
Dumpling Mold httpsgeni.usqmawS.mp4,1cjf8GDtr7f56M5ogq4UpOSNtA-hUaWXn,https://geni.us/qmawS,1hTy-LplnLSJw6cLr6fREUzy2akmhsZMN,SUCCESS
Duct Blower httpsgeni.usujl0LJu.mp4,1PS9e3-floZZNFnyZmxSiDGtM8e0NAkNf,https://geni.us/ujl0LJu,1cniUXfbamx-6RLrzEurZ8XhKEMsId6Uq,SUCCESS
Countertop Dishwasher httpsgeni.usXWca.mp4,1pSkLCocM_XTvwiHKOa3O4x2nXtJJLuyk,https://geni.us/XWca,1xjXwZM2-Ravzg8oNEJEKqJQj5FDIdLD1,SUCCESS
Auto Dustpan httpsgeni.usK95qtA.mp4,1j7kdXBLPfNRB6qZCVBvDh1Q7ZUfcUXQU,https://geni.us/K95qtA,1yxk6z6zXpXKDRFPXhG1jSmGCTq4AIROj,SUCCESS
